#, 1.k[h/Mpc], 2.PSL,  3.f(k),  4.P22dd, 5.P22dt, 6.P22tt, 7.P13dd, 8.P13dt, 9.P13tt, 10.I1udd1A, 11.I2uud1A, 12.I2uud2A  13.I3uuu2A, 14.I3uuu3A,  15.I2uudd1B,   16.I2uudd2B, 17.I3uuud1B, 18.I3uuud2B, 19.I3uuud3B, 20.I4uuuu1B,  21.I4uuuu2B,  22.I4uuuu3B, 23.I4uuuu4B, 24.I2uudd1C ,   25.I2uudd2C , 26.I3uuud1C , 27.I3uuud2C , 28.I3uuud3C , 29.I4uuuu1C ,  30.I4uuuu2C ,  31.I4uuuu3C , 32.I4uuuu4C, 33.sigma2, 34.sigma2v, 35.f0, 36.Pb2b1,  37.Pbs2b1,  38.Pb22,  39.Pb2s2,  40.Pbs22,  41.Pb2theta,  42.Pbs2theta,  43.sigma32*pk 
0.001	1620.1882730329937	0.6826217360586818	0.0001057540847742545	0.00007384331733706856	0.00012630556648430982	-0.01432860127728062	-0.032423912764808466	-0.05051955787100665	-0.001228500946688553	-0.03696923884375633	-0.03687302656444964	-0.03681946943059724	-0.03549486497407394	-0.07246844117273933	0.00017671567711914217	-0.08856499227781325	0.000024892366428681524	0.000010444234781317457	-0.032214838987387424	-8.620652480454197e-6	8.625313018596739e-8	2.3390511384040006e-6	0.07261074948191354	-0.00006143156039678364	0.08856499227781325	0.00005102534178750135	0.000010675147292460042	0.032214838987387424	0.000108785110437215	1.6573360095372495e-7	3.5208049758767576e-6	15.379451683454151	17.189940940174615	0.6826154434317804	-0.004756808448116787	-0.003228530676751555	-0.003228530676751555	-0.010755282640681495	-0.07707858190185556	-0.09772607601605826	-0.04571525497247655	-0.03038457877415143	0.07461148734788586
0.0010592537251772887	1708.351806342527	0.6826225039031991	0.00013301313058750603	0.00009282967255383714	0.0001579845663184143	-0.01695090438172865	-0.03835477350977372	-0.05975908540772317	-0.0014392662924231487	-0.043732082212799	-0.043606032751188774	-0.043545123064703185	-0.0419799425295494	-0.08129885617507676	0.0002215723467972119	-0.09934924899115731	0.00003128497508753711	0.00001376140120747038	-0.036132184624994866	-0.000010833362995199308	1.157324383213818e-7	3.089487560882046e-6	0.08147716252724756	-0.00007659401836809068	0.09934924899115731	0.00006415836279026507	0.000014081688000954155	0.036132184624994866	0.00013588885915210192	2.2320424055690861e-7	4.654647223369868e-6	15.379451683454151	17.189940940174615	0.6826154434317804	-0.005324774277304575	-0.0036220354626845734	-0.0036220354626845734	-0.01206688951528776	-0.08647105750053849	-0.10960054643334119	-0.05127408984822058	-0.03406816476017986	0.08825003189820974
0.001122018454301963	1801.0253022219101	0.682623365425447	0.00016731233256814577	0.00011671617156220728	0.00019757545952716804	-0.020049840674205528	-0.045362682296248624	-0.0706761114445521	-0.0016849398377427516	-0.051723047266366326	-0.051558887231409035	-0.05148976839074465	-0.04964083648070086	-0.09120368146569881	0.0002777631614936864	-0.11144377489148637	0.00003931233342634211	0.000018152628740426434	-0.04052417943660125	-0.000013612432041370144	1.5566900121757057e-7	4.093388424416787e-6	0.09142703181797016	-0.00009543247182583761	0.11144377489148637	0.00008066400098741632	0.0000185955889824602	0.04052417943660125	0.00016967597035729041	3.006396707121831e-7	6.165897859104007e-6	15.379451683454151	17.189940940174615	0.6826154434317804	-0.005958907778595901	-0.004063496299336954	-0.004063496299336954	-0.013538354405132777	-0.09700641119838779	-0.12291161888276854	-0.057506340630025035	-0.038195407855120274	0.10436257485120753
0.001188502227437019	1898.2887001259585	0.6826243320523554	0.00021047835937047275	0.00014677699486015828	0.0002470478696695645	-0.023709758719574633	-0.05363794635297259	-0.08356691339719355	-0.00197082875750566	-0.061159091707471934	-0.06094636280042	-0.06086815433900235	-0.05868480513902271	-0.10231324260413015	0.0003481386099006063	-0.1250070480711484	0.00004939014161870088	0.000023972811897842197	-0.04544792043130885	-0.00001710219853953564	2.0865134397078336e-7	5.4409903300955914e-6	0.10259293673041464	-0.00011881363214616731	0.1250070480711484	0.00010140385352687146	0.000024586130679943634	0.04544792043130885	0.0002117727230440829	4.045579609688296e-7	8.184217112777148e-6	15.379451683454151	17.189940940174615	0.6826154434317804	-0.006666497435272547	-0.004558764665320611	-0.004558764665320611	-0.01518913608698736	-0.1088232936105669	-0.13783159282452748	-0.06449295506145757	-0.04281905427699324	0.12338540728154014
0.0012589254117941675	2000.307691891016	0.6826254166042409	0.0002646582390680711	0.00018446597933883678	0.0003087070502872508	-0.028030675418466544	-0.06340614066068054	-0.09878263958467517	-0.0023032208675905445	-0.07229734957460501	-0.0720231985307453	-0.07193468204325425	-0.06935756863451274	-0.11477357347776825	0.00043618178774060994	-0.14021653861542557	0.00006203866382037657	0.000031539054746437754	-0.050967273644036915	-0.00002148357478996313	2.7918297613730694e-7	7.176866659730463e-6	0.11512371993473579	-0.00014787900709725357	0.14021653861542557	0.00012746022673358766	0.00003238796305653781	0.050967273644036915	0.00026419434285164	5.441782552001334e-7	0.000010806435739859198	15.379451683454151	17.189940940174615	0.6826154434317804	-0.007455565780607652	-0.005114434200244177	-0.005114434200244177	-0.01704105801667384	-0.1220770735602777	-0.1545530763193237	-0.0723244931947744	-0.04799798564647218	0.14583543845636357
0.001333521432163324	2107.24626269025	0.6826266334646006	0.00033277596223670205	0.0002318382322895517	0.00038564934529403545	-0.033130041368074806	-0.07493204385711034	-0.11673541684763578	-0.0026890381319133174	-0.08543960641887693	-0.08508774463818583	-0.08498775870113229	-0.08194717903407439	-0.12874828470353492	0.0005463490127493575	-0.15727094195811542	0.00007790890788784586	0.000041500927751931505	-0.057153653187587375	-0.00002698335922135575	3.7580326772846735e-7	9.476332873065396e-6	0.12918649087645132	-0.00018392168588132873	0.15727094195811542	0.00016019387015145525	0.000042671387290738385	0.057153653187587375	0.0003294360944653316	7.324956690560581e-7	0.000014278472927733489	15.379451683454151	17.189940940174615	0.6826154434317804	-0.008334824038043713	-0.005737873355280933	-0.005737873355280933	-0.01911859259887291	-0.1369418269925098	-0.1732912956220662	-0.0811021381564226	-0.053797833814869814	0.17231908643598903
0.001412537544622754	2219.264739029729	0.6826279987705569	0.0004184660008185539	0.00029143477542218634	0.0004816822319664792	-0.03914566652616624	-0.08852618207014007	-0.13790851411149233	-0.0031361323007933796	-0.1009397428295357	-0.10048969854532969	-0.10037709269996825	-0.09679131245643133	-0.14442065047321012	0.0006841827222024865	-0.1763926646079763	0.00009781510228216048	0.00005466895184751549	-0.06408688452788863	-0.000033885626306727534	5.061839437019463e-7	0.00001255126989240825	0.14496887933391656	-0.00022854595523538293	0.1763926646079763	0.00020130616715880514	0.000056280573800736834	0.06408688452788863	0.00041058480113420647	9.856932690428677e-7	0.000018902854148875076	15.379451683454151	17.189940940174615	0.6826154434317804	-0.009313755265033126	-0.006437368570276851	-0.006437368570276851	-0.021449181788502684	-0.15361256018172545	-0.1942866526320702	-0.090938958456353	-0.060291760917586056	0.20354712068723205
0.0014962356560944327	2336.518516244504	0.6826295306264546	0.0005262422511912529	0.0003663961660670661	0.000601485715143556	-0.046239123565519145	-0.10455243102686416	-0.16286814530218022	-0.0036533671796554917	-0.11921236789192614	-0.11863856220192566	-0.1185121456730134	-0.11428546278315459	-0.1619959332255163	0.0008565681080304946	-0.19783058847437307	0.00012277507690636	0.00007205280966500147	-0.07185615984347318	-0.000042546021388463336	6.78820573093858e-7	0.00001665567002662065	0.16268156627789626	-0.00028374205407634455	0.19783058847437307	0.00025292698357002783	0.00007427357424551999	0.07185615984347318	0.0005114556382662569	1.3249079936580846e-6	0.0000250517449818218	15.379451683454151	17.189940940174615	0.6826154434317804	-0.010402641489451612	-0.007222241802053296	-0.007222241802053296	-0.024063594074709108	-0.17230768558089943	-0.21780754406128608	-0.10196124988211906	-0.06756127086474786	0.2403518764772689
0.001584893192461114	2459.1560258360555	0.6826312493434359	0.0006613556666409939	0.0004602560970467782	0.000750467753726264	-0.054599676653110545	-0.12343677765175382	-0.19227706645740078	-0.004251119982476927	-0.14074276925159984	-0.14001419698669748	-0.13987186128796952	-0.13489277409303901	-0.18170397174924163	0.0010718661790065217	-0.22186314198993398	0.00015406009262978115	0.0000945563220215638	-0.08056109376364883	-0.000053409546117495555	9.115679284138063e-7	0.00002191368328525911	0.18256112691917958	-0.00035215607858046744	0.22186314198993398	0.0003177340642060669	0.0000976112392684571	0.08056109376364883	0.000636759482187664	1.781367848030952e-6	0.00003300887290363598	15.379451683454151	17.189940940174615	0.6826154434317804	-0.011612670331384634	-0.008103036795453199	-0.008103036795453199	-0.0269963261501127	-0.19327178040821652	-0.24415346641132002	-0.1143101039673064	-0.07569714734836905	0.28370705688716485
0.0016788040181225606	2587.3180500194726	0.6826331777081248	0.0008312245908624931	0.0005782807477019696	0.0009361656504853625	-0.06444885515748654	-0.14567750349534755	-0.22691037241293222	-0.004940136393597261	-0.16609846032878747	-0.16517569825585265	-0.16501594368587125	-0.1591537914438003	-0.20380206714896235	0.0013408965950669877	-0.24880170835388793	0.00019325683262757582	0.00012421178835565346	-0.09031288832955137	-0.00006703330351475701	1.2294304094018768e-6	0.000028915351464104958	0.20487323113434627	-0.0004366135559862355	0.24880170835388793	0.00039908240039011097	0.00012840164080364324	0.09031288832955137	0.0007923075118210431	2.3963388140689584e-6	0.00004357473474065818	15.379451683454151	17.189940940174615	0.6826154434317804	-0.012955636642378959	-0.009091483648690115	-0.009091483648690115	-0.030286054942908938	-0.2167786648259265	-0.27365843964947917	-0.12814274140848478	-0.08480023537823447	0.33475070269760043
0.0017782794100389228	2721.136121751801	0.6826353412839432	0.0010448326975956521	0.0007267514291182075	0.0011676000329895583	-0.07604572521251604	-0.17185689901981477	-0.26767365844500873	-0.005732553137993835	-0.19594246866509843	-0.19477631272720622	-0.19459781833063527	-0.18770002839254854	-0.22857819457413597	0.001676968151404744	-0.2789944034692563	0.00024234467074359906	0.00016333542854612713	-0.1012356158858897	-0.00008411374222015776	1.6567161152740934e-6	0.00003826960089909468	0.22991624276796552	-0.0005407119342311652	0.2789944034692563	0.0005011607437103438	0.00016907646962491596	0.1012356158858897	0.0009852602751222598	3.222555824900602e-6	0.00005762874275360091	15.379451683454151	17.189940940174615	0.6826154434317804	-0.01444414214665644	-0.010200839020590305	-0.010200839020590305	-0.03397612993708496	-0.24313481952735985	-0.3066947602948741	-0.1436345267514976	-0.09498266117868771	0.3948115528925618
0.0018836490894898002	2860.7218029605624	0.6826377687490041	0.001313051402507873	0.0009131533835610412	0.0014555567708915353	-0.0896926890465308	-0.2026541114751609	-0.31562292273997683	-0.0066420953082430775	-0.23104789925002225	-0.2295779707410598	-0.22937879787285398	-0.2212679045983523	-0.25635456929429057	0.002096432706776137	-0.3128302587994502	0.0003037908510893406	0.0002145507506238628	-0.11346762943739724	-0.00010552105722695566	2.2216605445599996e-6	0.00005057891908226157	0.2580252628802412	-0.000669022664053942	0.3128302587994502	0.0006292045313767937	0.00022242161317548556	0.11346762943739724	0.0012244316036935817	4.32956961371225e-6	0.00007612549455738457	15.379451683454151	17.189940940174615	0.6826154434317804	-0.016091557147712925	-0.011446100832420685	-0.011446100832420685	-0.03811515329826361	-0.2726832013974262	-0.3436771207532506	-0.1609809456329948	-0.1063689893144565	0.46543784798605287
0.001995262314968879	3006.1708326032303	0.6826404922749849	0.0016491941559584498	0.0011465843335095596	0.0018131240111738294	-0.10574252862126855	-0.23886072958927662	-0.3719887000647807	-0.00768410689265164	-0.27231551119702035	-0.2704684209963457	-0.270245178695445	-0.26071537008799106	-0.2874915961109537	0.0026194132779884497	-0.3507438447770806	0.00038066765532404514	0.0002809725584846831	-0.1271631097779813	-0.0001323425715296862	2.990620984819627e-6	0.00006647410162972558	0.2895766658209694	-0.0008272708178432059	0.3507438447770806	0.0007897985787421545	0.0002917322032196963	0.1271631097779813	0.001520658007738	5.819291336836313e-6	0.00010017578186472213	15.379451683454151	17.189940940174615	0.6826154434317804	-0.017911920766366888	-0.012844204256062305	-0.012844204256062305	-0.04275758948642352	-0.30580744549683647	-0.3850670820904066	-0.18039973729711073	-0.119097421612903	0.5484322154536648
0.0021134890398366475	3157.5636405986825	0.6826435479519375	0.0020715491030764218	0.0014400518126173288	0.0022580854440474	-0.12460645226824575	-0.2813985372483688	-0.4382035328482649	-0.00887346930237417	-0.3207938170750273	-0.3184767468261843	-0.3182277610025051	-0.30703892402029553	-0.3223922711257655	0.0032716990688883034	-0.39322037271120414	0.00047679671672637555	0.0003682985241796626	-0.1424937584835163	-0.00016593611109536806	4.0369259980794135e-6	0.00008761213246249356	0.32499322116276286	-0.001021595637646483	0.39322037271120414	0.000991157434277407	0.0003829688420903207	0.1424937584835163	0.0018872459332588988	7.823216283330771e-6	0.00013205484556926087	15.379451683454151	17.189940940174615	0.6826154434317804	-0.019919288108792732	-0.01441400915874196	-0.01441400915874196	-0.04796447455467678	-0.34293656739245154	-0.4313779912838747	-0.20213272941838986	-0.13332085695867596	0.6458912772533538
0.00223872113856834	3314.9582001261433	0.682646976264559	0.002602345025164766	0.0018091741031970694	0.0028117574317648958	-0.14676303722611206	-0.33133916940650765	-0.5159323539447924	-0.01022641776410348	-0.37770126067283366	-0.3747987864046413	-0.3745233259671327	-0.36139651807403833	-0.3615070483706534	0.00408496043717128	-0.4408013176147709	0.0005969300224409039	0.00048322800819052144	-0.15965064584234423	-0.00020799500553845876	5.438591241665545e-6	0.00011581223769033319	0.3647498432267982	-0.0012597272448789231	0.4408013176147709	0.0012435156671303591	0.0005032137785760492	0.15965064584234423	0.0023405138609780304	0.000010509881615945365	0.00017437881530925936	15.379451683454151	17.189940940174615	0.6826154434317804	-0.022127948719841136	-0.0161769221871373	-0.0161769221871373	-0.05380419823788539	-0.3845501580028436	-0.48318030420119956	-0.22644880643597162	-0.1492086369270303	0.7602492952055597
0.0023713737056616554	3478.3853661580974	0.6826508226260676	0.0032672120280647725	0.0022713326595785554	0.0034983160685927144	-0.17276846626679593	-0.38992653688363155	-0.6071071171557804	-0.01176216548403101	-0.4444514832308784	-0.44082521226475685	-0.4405190599513778	-0.4251331700832591	-0.4053392134618616	0.0050973398122946	-0.4940906005321797	0.0007469688193933421	0.0006322496496961039	-0.1788462218806988	-0.0002606290426712462	7.298420958493061e-6	0.00015235034813575047	0.40938004531335453	-0.0015520689240671336	0.4940906005321797	0.0015596513124874003	0.0006594728986381983	0.1788462218806988	0.002900447604156714	0.000014107822477947616	0.0002294638513972549	15.379451683454151	17.189940940174615	0.6826154434317804	-0.024552490955019424	-0.018157494415005	-0.018157494415005	-0.06035338759474117	-0.43118412977158505	-0.5411073433480654	-0.2536470128066224	-0.1669483152792137	0.8943277595139134
0.0025118864315095794	3647.847969957712	0.6826551379766583	0.004100186388712186	0.0028503393901033697	0.004349704584003878	-0.20326833908498146	-0.4586026114079271	-0.7139665787611583	-0.013498711687064055	-0.5226821547632067	-0.5181616042004555	-0.5178203803089434	-0.4998042236034477	-0.4544507955251999	0.0063569370701327035	-0.5537613709703599	0.0009342324682768393	0.000825822351337964	-0.20031649866446458	-0.00032646774175511267	9.837727189380287e-6	0.00019989603880118134	0.4594831721205455	-0.0019102103468622118	0.5537613709703599	0.0019556159591275876	0.0008627859336364336	0.20031649866446458	0.0035914907989524213	0.000018946404169795025	0.0003013933315569351	15.379451683454151	17.189940940174615	0.6826154434317804	-0.02720645543572588	-0.020383132275344055	-0.020383132275344055	-0.06769787902355488	-0.4834370339637953	-0.6058614819843477	-0.2840585471309678	-0.18674657451721158	1.0513921715873102
0.0026607250597988083	3823.3220585505837	0.6826599794541948	0.005145868148090882	0.003578007750815634	0.005407310872666458	-0.23901127570838757	-0.5390370107588163	-0.8391018940756523	-0.015451538264872475	-0.6142883564859765	-0.6086591230540381	-0.6082831138709366	-0.5872061214535721	-0.509469154142884	0.00792432464870775	-0.6205634279260197	0.0011677873270746647	0.0010795664584279116	-0.2243234078810702	-0.00040878487923982546	0.00001327664728462829	0.00026299681774895377	0.5157325972814886	-0.0023469826415349654	0.6205634279260197	0.0024513343699464445	0.0011296488439487594	0.2243234078810702	0.004443493950351111	0.000025440491631483788	0.00039650887638347085	15.379451683454151	17.189940940174615	0.6826154434317804	-0.030101519257234657	-0.02288460699751012	-0.02288460699751012	-0.07593381808925426	-0.5419771093948277	-0.6782208869426819	-0.3180496664498291	-0.20883099032185515	1.2352168906800194
0.002818382931264455	4004.7497298994376	0.6826654111457843	0.006458872776916631	0.00449301050651731	0.006721062182222415	-0.2808638950810886	-0.633159378572103	-0.9855064368889775	-0.017635637217013188	-0.7214587335377824	-0.7144547715457182	-0.7140482088803043	-0.6894131985416122	-0.571094179593204	0.00987383481911818	-0.6953313262748397	0.0014588536349774085	0.0014125107224417204	-0.25115733953608904	-0.0005116506351314926	0.000017859099989242868	0.0003470030164106714	0.5788848844549378	-0.002878181514690673	0.6953313262748397	0.003071564661474905	0.0014803228119964098	0.25115733953608904	0.005492855346543023	0.000034127625382866424	0.0005224626287290517	15.379451683454151	17.189940940174615	0.6826154434317804	-0.03324733526348583	-0.025697016565023587	-0.025697016565023587	-0.0851688887612454	-0.6075499976794164	-0.7590466626241474	-0.35602559639404346	-0.2334522389259325	1.4501555761222276
0.0029853826189179603	4192.027511563166	0.6826715049298787	0.008097741622811839	0.005634129531722199	0.008343002883319095	-0.32982724911290934	-0.7431946657684881	-1.156629977862331	-0.02007409028177087	-0.8467147105409975	-0.8380279070128378	-0.8375792398617545	-0.8088239045432731	-0.6401061641976188	0.012292296690416954	-0.7789931990196237	0.00182130666103183	0.0018395179432408332	-0.28113986308269234	-0.0006401159775010777	0.000023974757671212155	0.00045400054047584645	0.6497900413474696	-0.0035274016582378027	0.7789931990196237	0.0038472044830618938	0.0019312332564373977	0.28113986308269234	0.006783882300745883	0.00004575114882299139	0.0006843791093663685	15.379451683454151	17.189940940174615	0.6826154434317804	-0.036652691577599594	-0.028861749646304263	-0.028861749646304263	-0.09552365388854495	-0.6809871673216216	-0.8492903990438714	-0.39843614088859153	-0.26088728088726104	1.7012172705663793
0.0031622776601683794	4385.012308184595	0.6826783414195973	0.01015035518613905	0.007064842940940283	0.01035222156635817	-0.3870564831584722	-0.8717052062277197	-1.356443239634619	-0.022772639706746426	-0.9929572804782211	-0.9821962383722437	-0.9817071841665542	-0.9481802179572477	-0.7173744143756526	0.015293891841985562	-0.8725803158128067	0.0022722570295270264	0.0023949257374845296	-0.3146266277758324	-0.0008004573474498222	0.00003230734148453464	0.0005942718568807052	0.7294030210711988	-0.004315467599189806	0.8725803158128067	0.004816915279850519	0.0025185775666194806	0.3146266277758324	0.008370424454728747	0.00006134771029491611	0.0008966011017428463	15.379451683454151	17.189940940174615	0.6826154434317804	-0.04031866246817686	-0.03242340987149505	-0.03242340987149505	-0.10713307701946398	-0.7632151590157064	-0.9500021818820529	-0.44577369742843287	-0.29143746834939743	1.9941568015754452
0.003349654391578276	4583.5209776414185	0.6826860110192592	0.012723793379835206	0.008861819545522266	0.01284336815367856	-0.4538826744170528	-1.0216371041251013	-1.589508915897088	-0.02573253502119364	-1.16351856890829	-1.1501947916836135	-1.1496795961852182	-1.1106313750002188	-0.8038668156758108	0.019018200973591613	-0.9772374199252597	0.0028327884686731135	0.0031203356073236377	-0.35201043686443434	-0.0010004558624109776	0.00004352236699186752	0.0007799167026878157	0.8187967821184137	-0.005267887735539733	0.9772374199252597	0.006028440170456845	0.0032867515886410266	0.35201043686443434	0.010317806837636083	0.00008221616977326625	0.001176338844790871	15.379451683454151	17.189940940174615	0.6826154434317804	-0.0442402281130989	-0.036433349829290786	-0.036433349829290786	-0.1201482706417861	-0.8552658891603503	-1.062339220895938	-0.4985802842653843	-0.3254332319128425	2.3355734927882543
0.0035481338923357532	4787.319206870982	0.6826946151074417	0.015948260588717626	0.011117539588553845	0.01592961226352612	-0.5318362487336238	-1.1963694391517887	-1.861056771304999	-0.02894889944775774	-1.3622159882021305	-1.3457282486858244	-1.345211943190204	-1.299785023282823	-0.9006601094962542	0.023635378143341795	-1.0942338590253744	0.003528842747687144	0.004065951689216502	-0.39372448488587	-0.0012497406803668465	0.0000583652964671616	0.0010250201821939604	0.919176783565625	-0.006415947792141287	1.0942338590253744	0.007540872445409923	0.004289844756331273	0.39372448488587	0.012705129744557644	0.00011005037856861066	0.001544202811962684	15.379451683454151	17.189940940174615	0.6826154434317804	-0.04840437938402003	-0.040950759304670833	-0.040950759304670833	-0.13473829958541975	-0.9582876511809844	-1.1875745961398712	-0.5574514496870673	-0.3632361396504449	2.7330144100357456
0.003758374042884443	4996.108668911007	0.6827042673613878	0.019959074877069466	0.013921046958052094	0.019724081596743204	-0.622672374722964	-1.3997670174699284	-2.1770638853557376	-0.03243513686192413	-1.59340946635652	-1.5730783564949877	-1.5725415441818773	-1.5197869344118569	-1.0089508772830833	0.029340452483910782	-1.2249754994066857	0.00439228245894105	0.005269371549215708	-0.4402457407623464	-0.001560213571505214	0.00007826339486925507	0.00133425751070132	1.0318970482235195	-0.007809565511056205	1.2249754994066857	0.009428079665447325	0.005570014906017228	0.4402457407623464	0.015627985814450004	0.00014726307842065977	0.0020135990745021237	15.379451683454151	17.189940940174615	0.6826154434317804	-0.05279370698869866	-0.046047297018350655	-0.046047297018350655	-0.1510922527382545	-1.0735569464433692	-1.3271061186412576	-0.6230460661309296	-0.40524427148608255	3.1950833919016013
0.003981071705534973	5209.535849134054	0.6827150952392496	0.024977652581461278	0.017436717890369866	0.024418646228918126	-0.7284013658229528	-1.6362432788081176	-2.5443502393837374	-0.03613629728938327	-1.8620704538604738	-1.837002901437506	-1.8364927753900488	-1.7753028104094073	-1.130067676211349	0.03639878054989107	-1.3710173862447907	0.005462151838877762	0.006832977114700933	-0.4920984487992624	-0.0019465915125191269	0.00010515999817406058	0.0017408871779505443	1.1584783965827612	-0.009480992576052685	1.3710173862447907	0.011781663999639756	0.007235557610789449	0.4920984487992624	0.01920166416001994	0.00019703550096793895	0.0026290935369583245	15.379451683454151	17.189940940174615	0.6826154434317804	-0.05736449648633755	-0.051796482386934434	-0.051796482386934434	-0.16942171853714813	-1.20249167338803	-1.482465867540131	-0.6960712815307176	-0.451882245442287	3.7315704252620385
0.004216965034285823	5427.194762250974	0.6827272416384182	0.03125803561178718	0.021847961712186337	0.03022742531809642	-0.8513220926960038	-1.9108285996560606	-2.9706821340225185	-0.03999117865849402	-2.1738560400541487	-2.1429395625202345	-2.142546718255018	-2.071655566320436	-1.2654842250790208	0.04512540970753767	-1.5340771859714695	0.006786178149270311	0.008866132978648153	-0.5498577159434552	-0.0024270436529053203	0.00014104477237657795	0.0022771072679748944	1.3006289329676097	-0.011476432307551602	1.5340771859714695	0.014714280558661884	0.009404328028198808	0.5498577159434552	0.023564928686651773	0.0002633838477172345	0.003437053723369636	15.379451683454151	17.189940940174615	0.6826154434317804	-0.062057938571446224	-0.05828625624649073	-0.05828625624649073	-0.1899632382962242	-1.346665281926174	-1.6553297804771803	-0.7773011742533702	-0.5036140991464442	4.35358982171275
0.0044668359215096305	5648.612936563943	0.682740866750253	0.0390907594442182	0.027358336306633247	0.03738820668244031	-0.9940562809650831	-2.229238913378102	-3.4648754155418113	-0.0439357057927886	-2.5351826137736726	-2.497091189122579	-2.4969096550037517	-2.414902062600022	-1.4168332497194975	0.055893310036876184	-1.716049312614708	0.008422685524354408	0.011483657962469012	-0.6141531408272519	-0.0030239063123221753	0.00018824740978871325	0.0029720930743748104	1.4602666051466913	-0.013860281621580048	1.716049312614708	0.018364732129415962	0.012202718275741303	0.6141531408272519	0.028884382665960842	0.00035157166502246257	0.004484697414118177	15.379451683454151	17.189940940174615	0.6826154434317804	-0.06679695328172912	-0.06562183737670951	-0.06562183737670951	-0.21298131868875722	-1.5078218820363953	-1.8475269566753227	-0.8675813951892803	-0.5609459706507378	5.073714894029607
0.0047315125896148025	5873.233695406702	0.6827561501335992	0.048816252363385014	0.0342028778971645	0.04617520257383455	-1.1595841164757918	-2.597945273393809	-4.036899356358968	-0.0478973816951031	-2.953297168190865	-2.9064904187257117	-2.9065785000064754	-2.81189739579531	-1.585920630109298	0.06914560933254718	-1.9190196118469027	0.01044273842325945	0.014812624666028371	-0.6856724262978687	-0.003764634825209354	0.00025154636799606435	0.003853296660794497	1.6395437191680724	-0.016716395242792684	1.9190196118469027	0.022906559113195977	0.01577065742300874	0.6856724262978687	0.035359596964130144	0.00046912431319824513	0.005823770300868622	15.379451683454151	17.189940940174615	0.6826154434317804	-0.07148103426898036	-0.07392606580631861	-0.07392606580631861	-0.23877156755362297	-1.6878916481651567	-2.0610479491855336	-0.967832010509536	-0.6244256171095761	5.906109732357613
0.005011872336272725	6100.434703150201	0.6827732930319056	0.06095488176223902	0.04277233332993438	0.0570214577577423	-1.3512888527044231	-3.02426118614429	-4.698007171438507	-0.05164980300986631	-3.4363712055588236	-3.378815501342952	-3.379428044356678	-3.270249545269828	-1.7747417439386068	0.08547187756092207	-2.1452804906573006	0.012932609695058626	0.019115493038027932	-0.7651649065312662	-0.004683003502825605	0.0003363238028238878	0.005006886945751973	1.8408755751635753	-0.02009051673112989	2.1452804906573006	0.028552583706653742	0.02038845336992351	0.7651649065312662	0.043229082143704314	0.0006255410186616475	0.0075709640779712695	15.379451683454151	17.189940940174615	0.6826154434317804	-0.07594922914882438	-0.08332519737897705	-0.08332519737897705	-0.2676643289143798	-1.8890086602789777	-2.298054561741375	-1.079019695335035	-0.6946273276515702	6.866695366049872
0.005308844442309885	6329.534353345304	0.6827925209612064	0.07610641014361907	0.05350732536436021	0.0704123642858738	-1.5730042018198336	-3.516433245165447	-5.460870473978759	-0.05493371399717899	-3.9935950207093995	-3.922738873062434	-3.924297537289267	-3.7985391871404675	-1.9854980966131648	0.10556873694015673	-2.397346438986061	0.01599686943330687	0.024680761314848518	-0.8534449010353188	-0.005820400362218443	0.0004483492072343847	0.00652113364379176	2.066971614419089	-0.024050226890693988	2.397346438986061	0.03556305170051708	0.0263694339741251	0.8534449010353188	0.052777136847789737	0.0008328843503035486	0.009852671679777542	15.379451683454151	17.189940940174615	0.6826154434317804	-0.08000097803737719	-0.09397235280416748	-0.09397235280416748	-0.3000285530662949	-2.113529078422214	-2.560887983401688	-1.2021879539871365	-0.772173462533393	7.973316030500085
0.005623413251903491	6559.7694272197095	0.6828140865990056	0.09487964546373352	0.06682291205780272	0.08681038501216394	-1.8290583430742695	-4.083720706150452	-6.339695141527594	-0.05755515816893076	-4.63525666384646	-4.548215099510601	-4.551060990777811	-4.406500823176267	-2.220614080816622	0.13021557615482282	-2.677969598260503	0.019762119371738017	0.03174185808550225	-0.9513947851896387	-0.007227327494853366	0.0005951230286401547	0.008442956280408349	2.3208692587804522	-0.02873207436150678	2.677969598260503	0.0442574908743339	0.033979368756609965	0.9513947851896387	0.0643416449197	0.0011070931731105157	0.012764408472706577	15.379451683454151	17.189940940174615	0.6826154434317804	-0.08340941539716523	-0.10606562330748373	-0.10606562330748373	-0.3362766014433763	-2.3640499548387273	-2.8520754755389093	-1.338479874492203	-0.8577496212681508	9.24587169274696
0.005956621435290103	6790.261724390345	0.6828382730069734	0.1181416331752437	0.08335430379770968	0.10690307845684309	-2.1243135914533036	-4.736461363495833	-7.350314302110156	-0.05911496278434303	-5.372799362282651	-5.266007870526551	-5.270675170421506	-5.104810855250934	-2.4827529492548748	0.16040774693189266	-2.9901550227392217	0.024380901457564306	0.04071354025260753	-1.0599676778199814	-0.008965492049136083	0.0007912119946050729	0.010891223671154849	2.6059698946178225	-0.034232132551585935	2.9901550227392217	0.05503412423870775	0.04366833874145954	1.0599676778199814	0.0783231073449126	0.0014705162950142308	0.016490009826366944	15.379451683454151	17.189940940174615	0.6826154434317804	-0.08585589948338268	-0.1198108734647955	-0.1198108734647955	-0.3768687273806115	-2.643426916133917	-3.1743340985734956	-1.4890816372545292	-0.9520632751350043	10.706409604543259
0.00630957344480193	7020.063344755193	0.6828653972234632	0.14707656479414943	0.10400175438713768	0.13164049197431776	-2.4642281111297963	-5.4861819202090505	-8.510348500915306	-0.05893218907424453	-6.218936470326304	-6.087688201204814	-6.09528402730168	-5.905151812555676	-2.7748372264042604	0.1974103229884892	-3.3371753906818555	0.030036452455552653	0.05223817104558624	-1.180189570056204	-0.01111017845538286	0.0010512295862719805	0.014078526431705594	2.9260826160363145	-0.0405885232748732	3.3371753906818555	0.06837498913044791	0.056129732379251056	1.180189570056204	0.09519485083226435	0.0019506120126851568	0.021321643129078128	15.379451683454151	17.189940940174615	0.6826154434317804	-0.08690457496481892	-0.13543003114737395	-0.13543003114737395	-0.4223187594222959	-2.9547969381740127	-3.530578453714617	-1.6552085972696067	-1.0558482969637728	12.37930494819553
0.006683439175686149	7248.172675280012	0.6828958142649222	0.1830665489138617	0.1298024369678266	0.16210554030627816	-2.854916710883362	-6.345700542397697	-9.839351433539974	-0.056204094183365874	-7.187747721020025	-7.026073850584486	-7.038303132115788	-6.820479983267679	-3.1000665293094065	0.24271547595567883	-3.7225850121177273	0.03694829389233881	0.06704941592358199	-1.313160773334968	-0.013752818232841512	0.0013910959795541997	0.018238434435361772	3.285469124898367	-0.047858822354572214	3.7225850121177273	0.08486524100960371	0.07216667858046724	1.313160773334968	0.11551450298707915	0.0025823309925037336	0.0275915005747685	15.379451683454151	17.189940940174615	0.6826154434317804	-0.0860249675535347	-0.15319233985845776	-0.15319233985845776	-0.4732002380155258	-3.301598675661738	-3.9239222892423338	-1.8381378950863023	-1.1698899206303937	14.291409762472826
0.00707945784384138	7473.507827407078	0.6829299215786776	0.22726064936671317	0.16149294938796643	0.19907803722623202	-3.3031982396693524	-7.3291930903952345	-11.358896758817984	-0.05056157695369402	-8.294724704047194	-8.096407843710077	-8.114452460976555	-7.865635792086333	-3.461933154257089	0.2978406430982299	-4.150232260007255	0.045379097441295965	0.08552043237053875	-1.4600564744168876	-0.01700392897467415	0.0018350295751558608	0.023392126633265835	3.6888905670408536	-0.05635825826680268	4.150232260007255	0.10522257481935483	0.09223681378318119	1.4600564744168876	0.1399366575376471	0.003412508531731155	0.03544773923195377	15.379451683454151	17.189940940174615	0.6826154434317804	-0.08269404263648947	-0.17349439560327118	-0.17349439560327118	-0.5301528097974814	-3.6875905667237503	-4.357675048957561	-2.0393192115783823	-1.2950964635956783	16.472103971545245
0.007498942093324558	7694.863997934716	0.6829681639927851	0.28189453556756594	0.20082059636368166	0.24434593330186957	-3.8166273125140484	-8.45221738769296	-13.092597041376525	-0.04050690440775984	-9.556768465928199	-9.313257995676674	-9.339741190583855	-9.055792782720735	-3.864236561904226	0.36500413709207497	-4.624269428427495	0.05564077203761144	0.10896159354093371	-1.6221261934005746	-0.020997543327614172	0.002423136298354178	0.02998833717608779	4.141657879528478	-0.06602436995268861	4.624269428427495	0.13033252037886417	0.11774556624912579	1.6221261934005746	0.16922738413771515	0.00450434636540946	0.045504493627065844	15.379451683454151	17.189940940174615	0.6826154434317804	-0.0760595721607826	-0.19665145136816625	-0.19665145136816625	-0.5938901748714355	-4.116868679716949	-4.835336695392643	-2.2600462638287215	-1.4322815126172928	18.95323482564858
0.007943282347242814	7910.987578517577	0.6830110392119111	0.3495436735758958	0.2497674166927485	0.2999095481200035	-4.403572428159696	-9.731832333182318	-15.066266526741522	-0.024291551522249877	-10.992305268940527	-10.692469577316194	-10.731569278688697	-10.40751826955137	-4.311105459887714	0.44679788672884835	-5.149160407128292	0.06810271346707633	0.1388516868692699	-1.800691955499682	-0.025895563711174983	0.0031937137569588675	0.03851760722720579	4.649694766359555	-0.07680756151713866	5.149160407128292	0.161253041959084	0.15030926711414758	1.800691955499682	0.20427996661114592	0.00593443401891228	0.058450900848389394	15.379451683454151	17.189940940174615	0.6826154434317804	-0.06510544323065878	-0.22306011501397066	-0.22306011501397066	-0.6652083163433243	-4.593892143249172	-5.360599349661974	-2.5016344182111943	-1.5823184701322486	21.769249839854965
0.008413951416451947	8120.605344860411	0.6830591039112536	0.4331565476926633	0.3105701811601617	0.3679984900147872	-5.073285855166445	-11.186688874494866	-17.30803646610257	0.00008527269047370441	-12.621345694319768	-12.251261638031536	-12.308771563256027	-11.938856126910077	-4.807010239771708	0.5462264765330433	-5.729684972526812	0.08320118039680985	0.17684023094378476	-1.9971448726745082	-0.03189234723272796	0.0041884459991536815	0.04950385471081391	5.219596448007832	-0.08868418559518519	5.729684972526812	0.19925560883284124	0.19176130273219574	1.9971448726745082	0.2461318536271285	0.00779966376896532	0.07505412775752142	15.379451683454151	17.189940940174615	0.6826154434317804	-0.048633216463853456	-0.25321051465804895	-0.25321051465804895	-0.7449942012450937	-5.123499026549618	-5.937333732124901	-2.765409160102475	-1.7461396527259263	24.957242934446093
0.008912509381337459	8322.376365083162	0.6831129804833729	0.5349025387055958	0.3845712091495395	0.4499356196007751	-5.8359268076095665	-12.837007244543326	-19.84829031836188	0.03333375146020743	-14.465390111769418	-14.011221519060573	-14.091508695356124	-13.67076389502408	-5.35676413808827	0.6661284364313904	-6.370938368776987	0.10144978675877492	0.2235558566603375	-2.2129399780446457	-0.03922027204969419	0.00548370936064988	0.06288831864852384	5.858682863144294	-0.10227603043074551	6.370938368776987	0.24590551107271824	0.24293209080869646	2.2129399780446457	0.2959827576578312	0.010232707595442701	0.09557415681519568	15.379451683454151	17.189940940174615	0.6826154434317804	-0.025551773661750606	-0.2878749375166879	-0.2878749375166879	-0.8342367639317548	-5.710912256247736	-6.569561281121917	-3.0529961706466873	-1.9249074850209995	28.5567214626675
0.009440608762859235	8514.814474091316	0.6831733644941931	0.6601923554455241	0.4762058390168668	0.5501009870954594	-6.702531436602504	-14.704427171026788	-22.71939878300172	0.0799283081695754	-16.547226039721497	-15.988105331464745	-16.101051963221575	-15.62195559998312	-5.965535256647201	0.8112353763542217	-7.07832440529566	0.12344690136758213	0.28259808899159367	-2.4495890039407744	-0.04815864347734607	0.007178616384848051	0.080017510091047	6.575068652695586	-0.11686487465468985	7.07832440529566	0.30309295895480903	0.3076684381034374	2.4495890039407744	0.35521526557789335	0.013401895992724866	0.1217536612542103	15.379451683454151	17.189940940174615	0.6826154434317804	0.006150680502072205	-0.32748376430468884	-0.32748376430468884	-0.9340376965414701	-6.361755972742394	-7.2614429916498135	-3.36529972565911	-2.119378433178075	32.609066503774585
0.01	8696.430660949332	0.6832410329076896	0.8144110084120397	0.5896911824910637	0.6725872633239532	-7.685116122265662	-16.812140344341426	-25.95588720962864	0.1440667312679779	-18.89104061066822	-18.20015175332244	-18.359881660919367	-17.813160626584843	-6.638859394040041	0.9866018274092524	-7.857543856055345	0.14988859447666925	0.3572311757306979	-2.7086508552887145	-0.05904029851965752	0.009369004911477484	0.10198660422921725	7.377740016800214	-0.1320507402179614	7.857543856055345	0.3730499324107125	0.3895813115441074	2.7086508552887145	0.42541502374606904	0.017511531842486373	0.15515765439396792	15.379451683454151	17.189940940174615	0.6826154434317804	0.048620330370891564	-0.3727292620078848	-0.3727292620078848	-1.045624647378316	-7.082074010650589	-8.01726560999013	-3.7032960222665348	-2.330492689976492	37.157596178797846
0.010592537251772886	8865.7852506116	0.6833168531365985	1.0028073042376882	0.7289006757848865	0.8210699060268332	-8.796747470792031	-19.18493560377653	-29.594462855410786	0.22941120741305035	-21.52238590027268	-20.668621719196175	-20.8916398886464	-20.267392013702082	-7.382633830337352	1.1975688516721066	-8.714575453625919	0.1815818862789885	0.4502224159514102	-2.991719515156143	-0.07225903813828763	0.012162552667296487	0.12954017455200917	8.276618588598645	-0.14785066835189256	8.714575453625919	0.4584305293224475	0.4918876997742722	2.991719515156143	0.5083915472827594	0.022818528143699546	0.19710077917803184	15.379451683454151	17.189940940174615	0.6826154434317804	0.1041193364496802	-0.42460648853415656	-0.42460648853415656	-1.1703642447509395	-7.878329094591693	-8.841403372315222	-4.068047479156879	-2.5593941805839933	42.247401579743084
0.011220184543019636	9021.429725384438	0.6834017929768571	1.2307663993709388	0.8976788424339076	0.999172314283907	-10.051507475834756	-21.849001747617457	-33.67366329718616	0.3391469247874412	-24.46781484856769	-23.41721457552689	-23.720759201477325	-23.00941395815204	-8.203076106871764	1.4498312597950271	-9.655646271881267	0.21945469316387703	0.5640493242076671	-3.300409232056313	-0.08828078978991703	0.01577695656207148	0.16312633572585686	9.282595771663585	-0.16464045743013064	9.655646271881267	0.5625113943941166	0.6175098462214706	3.300409232056313	0.6062000531494801	0.029675399835163242	0.24878394516634358	15.379451683454151	17.189940940174615	0.6826154434317804	0.17506147546360304	-0.4843171438123059	-0.4843171438123059	-1.3097791947625501	-8.757369360692143	-9.738242388790717	-4.460643357594497	-2.807304813734813	47.92461678029324
0.011885022274370183	9161.811862220982	0.6834969314792598	1.5094182562425973	1.105340411214933	1.2158612664899775	-11.464349588345629	-24.83148371668189	-38.23312173484888	0.48359996689702206	-27.75438528002311	-26.456708359957034	-26.87196451665688	-26.057998197193516	-9.106741296852368	1.7523928223593774	-10.687191321278988	0.26456254457707046	0.7064844384972025	-3.636336910494099	-0.10765827413889673	0.020439710599370275	0.20570351173551776	10.407630187097562	-0.18034010649676419	10.687191321278988	0.6891359575844274	0.7748197048534813	3.636336910494099	0.7211641222729451	0.03850559135927039	0.3140539862773489	15.379451683454151	17.189940940174615	0.6826154434317804	0.2654865471395097	-0.55248742833869	-0.55248742833869	-1.465563274540599	-9.726451595112792	-10.712189608072368	-4.88073394406551	-3.0747388115221077	54.23512676077335
0.012589254117941675	9285.467177917233	0.6836034708057214	1.8498131125876722	1.3608055589248436	1.4795493857160233	-13.0512336806361	-28.16063600182601	-43.31375011141493	0.6726629760618078	-31.409769489324443	-29.80029789882754	-30.370379492538362	-29.433684847359995	-10.100501041544087	2.114697475715979	-11.815805271562017	0.3181046512012552	0.8847037299376799	-4.001101023438572	-0.13103856612269416	0.026373388575851888	0.25978308648576826	11.664810864494699	-0.19336024204186236	11.815805271562017	0.8427816648502213	0.9718075282407721	4.001101023438572	0.8558936794731156	0.0498230480734113	0.39646233263160724	15.379451683454151	17.189940940174615	0.6826154434317804	0.3796265848060994	-0.6301974359008768	-0.6301974359008768	-1.639603021315049	-10.79323055547652	-11.76762812268202	-5.327951704869465	-3.362511317544992	61.2245669742259
0.01333521432163324	9391.083481870239	0.6837227491075724	2.259233296580616	1.6689234963170851	1.7944348255892293	-14.829185427366497	-31.865796977642265	-48.95764143723909	0.9105665369601386	-35.46205825563577	-33.47385533154058	-34.2413343947581	-33.16381853673242	-11.191490271537914	2.5447466013107567	-13.04818406810613	0.38143378177689763	1.1015199446069834	-4.396258210366791	-0.1591753909007603	0.03385652090735814	0.32550593963626356	13.06839056757843	-0.20450863475627992	13.04818406810613	1.0287365998452644	1.212273952268656	4.396258210366791	1.0133043104393467	0.06427444637923214	0.4974085889852486	15.379451683454151	17.189940940174615	0.6826154434317804	0.5209672475782796	-0.7195882773051236	-0.7195882773051236	-1.8339949325208456	-11.965712664938271	-12.908837092912481	-5.80281905770411	-3.672318250795694	68.937895339765
0.01412537544622754	9477.391703066762	0.6838562544494817	2.751528515753141	2.040931566752707	2.1710791364358646	-16.81608856259537	-35.9767789805611	-55.20707178445737	1.2092533060567814	-39.938807368408355	-37.48796149985192	-38.50943409610136	-37.26797570620198	-12.386985400484855	3.0540630380379645	-14.391044756421413	0.4560541503684416	1.3656367640902922	-4.823296419488722	-0.19294961984533918	0.043437452063447894	0.40567459982107273	14.633749725945878	-0.21193230341838873	14.391044756421413	1.2534931620738674	1.505838884985243	4.823296419488722	1.1966339162952664	0.08272694169877837	0.6213438880889807	15.379451683454151	17.189940940174615	0.6826154434317804	0.6947343643797106	-0.8219969867418337	-0.8219969867418337	-2.0510719201329466	-13.252147126981699	-14.139854376844617	-6.304190894831453	-4.004834087073873	77.41767659819439
0.014962356560944336	9542.989929129795	0.6840056397786451	3.347775740398414	2.494829633333429	2.6264888739634538	-19.03017975413541	-40.5226290269023	-62.1025412637141	1.5904025994857172	-44.865898353923015	-41.8336009967077	-43.19744346536949	-41.7557103526908	-13.69445454730646	3.6584065832211654	-15.851034627992618	0.543619999377304	1.692317837531365	-5.283605147632908	-0.2333871387803761	0.055595606314493895	0.5061786139136327	16.37752873360392	-0.2106594693157855	15.851034627992618	1.524411012047064	1.8691121649155495	5.283605147632908	1.409454956452744	0.10618027987792127	0.7760035467078666	15.379451683454151	17.189940940174615	0.6826154434317804	0.9082444628222432	-0.9382412552202759	-0.9382412552202759	-2.293427388468466	-14.661087179939502	-15.464573055079484	-6.828929772143385	-4.360027617945289	86.70103447716222
0.015848931924611134	9586.63763887475	0.6841727389186498	4.069234348528849	3.048358920339049	3.1771124586005017	-21.4902660806133	-45.53194849625358	-69.68321480425227	2.075781003294909	-50.267730357262636	-46.50157346504712	-48.32650544056315	-46.636343269416514	-15.12146539157531	4.374176690944295	-17.434635162134224	0.6459371714292211	2.0962502025497853	-5.778443230171683	-0.28166886505061683	0.0707987746285477	0.6323912550151343	18.317613340992153	-0.196165202037537	17.434635162134224	1.8499211469307149	2.3185405259533667	5.778443230171683	1.655681129148957	0.13583277208942537	0.9688775107532258	15.379451683454151	17.189940940174615	0.6826154434317804	1.1691102085604004	-1.069779479535663	-1.069779479535663	-2.563942405494719	-16.201310988559893	-16.8866447368209	-7.373646558566245	-4.73829724277765	96.81999474076804
0.016788040181225608	9607.32156272269	0.6843595791554571	4.91957269755877	3.7013952793811065	3.8213855731558506	-24.21568756881866	-51.03266417660611	-77.98652162974318	2.661599985611695	-56.16662535341995	-51.53274388166961	-53.915589090800005	-51.94361388167397	-16.67550971267246	5.209210012562512	-19.14805091186185	0.7649612509526653	2.573618625641865	-6.308905631321473	-0.33914157306467496	0.08976167413842305	0.7800982388734257	20.473025747837855	-0.17338155999240593	19.14805091186185	2.2399981902692567	2.852209321591263	6.308905631321473	1.9395647098847177	0.1732147086298139	1.1983536099771008	15.379451683454151	17.189940940174615	0.6826154434317804	1.480653144904023	-1.221463857652747	-1.221463857652747	-2.8658161457190627	-17.881661162153385	-18.4093016645675	-7.939189054583256	-5.143185528044682	107.80063987709984
0.01778279410038923	9604.18865259761	0.6845684909774806	5.935204955500279	4.486448696847368	4.59035521134971	-27.225963480459033	-57.05114620853389	-87.04677316651615	3.3884033012928025	-62.58158211963548	-56.87677503697263	-59.980336315033874	-57.66439390479	-18.363813496179578	6.187707048739934	-20.997063273323175	0.9027438469985086	3.1524785671863405	-6.875887855565883	-0.4073599511280433	0.11367470987266584	0.9605891628959902	22.86378590147119	-0.13155754435013722	20.997063273323175	2.706615174007026	3.4999459012189407	6.875887855565883	2.2656977167724364	0.22027886291572246	1.478991177830382	15.379451683454151	17.189940940174615	0.6826154434317804	1.8543609357328132	-1.3930128597639175	-1.3930128597639175	-3.2025986342030173	-19.71087172317233	-20.035235170153406	-8.518067102272566	-5.572842365361343	119.6609088694752
0.018836490894898	9576.428938515772	0.684801801442505	7.151416379674904	5.434220372860501	5.51263933369698	-30.54009937625997	-63.61064680953121	-96.89272512798729	4.296230104314412	-69.52722445133426	-62.482276503360666	-66.5320473608142	-63.784043461913576	-20.19346622917576	7.334025684076659	-22.986895692981562	1.0614008640611916	3.8589265931854686	-7.480050342044384	-0.48810032094444866	0.14345241749973572	1.1839777496535004	25.511066634978345	-0.060850522890315006	22.986895692981562	3.2628824387676247	4.2905656284082045	7.480050342044384	2.6389973906225537	0.27920964112395047	1.8243815086954591	15.379451683454151	17.189940940174615	0.6826154434317804	2.3017760804265177	-1.5854198109109308	-1.5854198109109308	-3.578223728620266	-21.69771398978665	-21.766867195456125	-9.102635392978536	-6.026533492572101	132.407093769148
0.0199526231496888	9523.397975449348	0.68506234222335	8.601350553477834	6.572790456325029	6.613785731941693	-34.176388094185604	-70.73085063197885	-107.54693979476353	5.422600904048502	-77.01306715092329	-68.29974645887724	-73.57705652225845	-70.28744909087501	-22.171215666147567	8.67182285579413	-25.122079708404787	1.2430890164066868	4.7159805482117765	-8.121783942370843	-0.5833591514472626	0.17995125546409171	1.458574595110245	28.436990341146398	0.04712585174216105	25.122079708404787	3.9234734880423656	5.250558041973782	8.121783942370843	3.0646762490619253	0.35258188848611	2.246713743897881	15.379451683454151	17.189940940174615	0.6826154434317804	2.834074386633415	-1.8008971073274394	-1.8008971073274394	-3.9970476617849475	-23.850812022704844	-23.606180851564243	-9.685394657905146	-6.504557580238491	146.03278270565815
0.021134890398366465	9444.587245115796	0.6853530715742376	10.275937214519823	7.888297089907824	7.877651670550293	-38.15173732241226	-78.42647898084105	-119.02365057682731	6.7419303669298545	-85.04106137627782	-74.39830702964683	-81.11434705294468	-77.21524613965826	-24.302976999277305	10.202733095666858	-27.406298973377798	1.4499285552979446	5.703188407789656	-8.8011773189781	-0.6953736790517688	0.22497840973241215	1.7703347409691828	31.664104951110698	0.17889378788236576	27.406298973377798	4.7061278264198085	6.362403789683639	8.8011773189781	3.5482085189552777	0.44377026148249016	2.7369229475403474	15.379451683454151	17.189940940174615	0.6826154434317804	3.4514524381959286	-2.0485663073804474	-2.0485663073804474	-4.463885687405754	-26.17817243205833	-25.554240555895678	-10.269333138703926	-7.01384726836013	160.5160156936819
0.0223872113856834	9339.775454399723	0.6856770921893411	12.257193079665837	9.457895131717216	9.378930237255412	-42.481600844504364	-86.70722642726689	-131.3287166324641	8.361002228610214	-93.60618439956683	-80.57650602604484	-89.13630607084774	-84.47026897645968	-26.593866434848675	11.97370664391826	-29.842197829380037	1.68384451920045	6.89054349673833	-9.517987869268177	-0.8266957051113496	0.28067176824188556	2.1500544578106835	35.2153523832083	0.36632033967683003	29.842197829380037	5.630987752055616	7.699296391862569	9.517987869268177	4.095305628250253	0.5567401146282371	3.3314772835885917	15.379451683454151	17.189940940174615	0.6826154434317804	4.176720892941164	-2.3229270582473682	-2.3229270582473682	-4.98405494216267	-28.687242674105104	-27.611532199837367	-10.834313252667947	-7.546585174521533	175.81936878509896
0.023713737056616554	9209.21950317921	0.6860385600238136	14.597328099426756	11.32821122090006	11.160909745028809	-47.18045555300608	-95.57889158936538	-144.46154913836506	10.346240888503106	-102.69849496871758	-86.71141056923504	-97.630990674338	-91.99412758496524	-29.04834332495766	14.0172127811117	-32.431254970366105	1.9464917183999713	8.317444876450697	-10.271615955868391	-0.9801708318274758	0.34857249988626837	2.6131643629288335	39.114089400945765	0.6266042613774484	32.431254970366105	6.719500278577486	9.305415491052111	10.271615955868391	4.711853567060358	0.695886963592928	4.0515769420931855	15.379451683454151	17.189940940174615	0.6826154434317804	5.025433285451645	-2.6247904407368856	-2.6247904407368856	-5.563409939219018	-31.385073456058723	-29.77829552849806	-11.367038163823226	-8.101278426261114	191.89248585504146
0.025118864315095794	9053.073556803494	0.6864408924939506	17.317851341237304	13.51497828464308	13.235587891432138	-52.25852450262452	-105.03686935213966	-158.405123811389	12.720348643257205	-112.29597879123482	-92.75697700050645	-106.57480249304115	-99.7620726070496	-31.66988226985338	16.349922905138296	-35.173677616866144	2.2391578960640413	9.991661399919174	-11.061088687249708	-1.1589226219608912	0.430149232764019	3.1590839864193785	43.38358503540307	0.9617758943840977	35.173677616866144	7.9951954289665625	11.194305992202821	11.061088687249708	5.403848934891016	0.8663287505689425	4.902902527530567	15.379451683454151	17.189940940174615	0.6826154434317804	6.005246853994856	-2.960778145255972	-2.960778145255972	-6.208378557151182	-34.278012923546065	-32.05424942065483	-11.861501847625602	-8.682218556184699	208.65962014593148
0.0266072505979881	8871.181398917479	0.6868886363953145	20.420083774576714	16.01562168207479	15.598232803943649	-57.71858744968803	-115.06032183986294	-173.1177162786546	15.474161473946653	-122.35654878058948	-98.70805805608819	-115.92486896245656	-107.75922487532402	-34.4599104159052	18.97479456287051	-38.06824814450118	2.5625272117477267	11.899514974030085	-11.885050710898863	-1.3664045467671517	0.5294190351326246	3.775463719127025	48.04574545698974	1.3630891135578749	38.06824814450118	9.487375830682076	13.355458052401584	11.885050710898863	6.177338379710894	1.0748721056010115	5.881542599290359	15.379451683454151	17.189940940174615	0.6826154434317804	7.117034099667911	-3.338929667265375	-3.338929667265375	-6.926000650173153	-37.37067195458012	-34.43751548730575	-12.317274550134233	-9.294865947905983	226.00923053909074
0.028183829312644536	8664.017639031035	0.6873863113652201	24.032431411363717	18.954359644654133	18.370186280591184	-63.55966954906154	-125.62023473836447	-188.54519024881688	18.79631668339859	-132.82998707163264	-104.1578527779376	-125.63105249482474	-115.7677958846574	-37.41875615950401	21.958401975360967	-41.11217630382104	2.916381477307486	14.154892506520362	-12.7417614965026	-1.6065137558248455	0.6496349891436032	4.513910310359907	53.12189328164302	1.8865337951625143	41.11217630382104	11.226942171413496	15.907339107706356	12.7417614965026	7.0384005117064765	1.3289206081036187	7.047322996462937	15.379451683454151	17.189940940174615	0.6826154434317804	8.393340089545648	-3.747421630529217	-3.747421630529217	-7.723970677080406	-40.66690192143589	-36.92626898388686	-12.70150421461677	-9.92509100086362	243.8118125814235
0.029853826189179603	8433.874067418832	0.687938890967358	28.229579247534836	22.401318886739265	21.61788753712462	-69.78707956984614	-136.6996821799392	-204.6516902460511	22.794953731171606	-143.67812541157872	-108.8730247134113	-135.65634222905766	-123.66412094285201	-40.545610728108954	25.340148600129485	-44.30110317201224	3.299548260403219	16.817812076692125	-13.629101188588656	-1.8834816741785172	0.7930341611821935	5.399390311223977	58.632517567128595	2.562379231851064	44.30110317201224	13.246277128050114	18.916098629857714	13.629101188588656	7.993036373283333	1.6367584079089958	8.432903009965912	15.379451683454151	17.189940940174615	0.6826154434317804	9.853089271072488	-4.184553180756969	-4.184553180756969	-8.610648429486346	-44.16976450983494	-39.51871447103913	-12.994232928405383	-10.569195088939077	261.960160790529
0.03162277660168379	8182.425740880229	0.6885516946969201	32.9531994618407	26.294471182858125	25.276020368017143	-76.39671371329817	-148.26309094091613	-221.3736384826728	27.375676432433703	-154.84294434323283	-113.0050890983562	-145.94475467766713	-131.5078363654242	-43.837942148826286	29.090292112127944	-47.629144823931284	3.709857935228371	19.81410557001911	-14.544593964518178	-2.2017981401450237	0.962432665657096	6.389538800421414	64.59632364004847	3.3549476069160167	47.629144823931284	15.581144632784302	22.31359303933129	14.544593964518178	9.047078944181745	2.008161233130759	10.00435238809753	15.379451683454151	17.189940940174615	0.6826154434317804	11.480737436423722	-4.670138796920091	-4.670138796920091	-9.595083916555566	-47.88097158634376	-42.21237937668791	-13.20895916888156	-11.245145564744758	280.31034439777727
0.03349654391578276	7910.286642837244	0.6892303819759642	38.26999361977405	30.701581583636997	29.41322796050624	-83.36600317108258	-160.24000661063783	-238.596088503789	32.64202321406322	-166.2276578480097	-116.26286617604397	-156.402459049611	-139.11485259547445	-47.28988548296687	33.23431494218583	-51.08879292904761	4.143670619890903	23.19464200948272	-15.485437813954553	-2.5663884427112666	1.1657191357689765	7.503003475735704	71.02834274040842	4.2905517035098555	51.08879292904761	18.276975707381474	26.15004391178806	15.485437813954553	10.206192306717924	2.4558862220606255	11.792207566570957	15.379451683454151	17.189940940174615	0.6826154434317804	13.28832692909137	-5.198138368526053	-5.198138368526053	-10.68701994013488	-51.79929434148773	-45.00247365808563	-13.329556072086124	-11.94478531905519	298.65450665526515
0.03548133892335755	7618.944203905114	0.6899809412588652	44.34674810970682	35.78919181280933	34.19494996363767	-90.66805767653375	-172.55411075517503	-256.1967272108795	38.870859836945634	-177.73494063242504	-118.01224394122627	-166.93620040732094	-146.1327651302011	-50.895074362185824	37.84980692180482	-54.670960980125216	4.595618282072757	27.11296250201852	-16.448535798134085	-2.982678318466652	1.4073469876905458	8.81120428742745	77.94285414627286	5.448493628081345	54.670960980125216	21.37830782553718	30.58142166971295	16.448535798134085	11.47588738092908	2.99320763932726	13.876765336642613	15.379451683454151	17.189940940174615	0.6826154434317804	15.31363526292522	-5.748963961859414	-5.748963961859414	-11.896886662329607	-55.92339251507947	-47.8858006917556	-13.313658598360442	-12.647272446386749	316.77984399790165
0.037583740428844416	7312.990639409075	0.6908096120002798	51.273672726298024	41.64744719555429	39.70986739417701	-98.30458012652764	-185.18605335245527	-274.13922494354375	46.20484236601014	-189.3234200655606	-117.93926962684415	-177.5101558136218	-152.39673812349324	-54.646080888333856	42.97556000105774	-58.36524284540002	5.059095822795596	31.64700734145146	-17.430531683570216	-3.4562656118037953	1.6903486888028505	10.348521038617372	85.35315450006289	6.870742622499572	58.36524284540002	24.932019180191663	35.68751386321094	17.430531683570216	12.861352778368527	3.6354007464887226	16.299066223299267	15.379451683454151	17.189940940174615	0.6826154434317804	17.57493454759321	-6.316417580227314	-6.316417580227314	-13.235784006567204	-60.25125966475164	-50.859603431987885	-13.137671036572243	-13.345633114879087	334.58425377460605
0.039810717055349734	6996.273316102347	0.6917229066716699	58.752702974796684	47.98126924812526	45.664022538479855	-106.27172049346113	-198.1073857724356	-292.3746787424836	54.15178014912807	-200.93860266564897	-116.97946051110027	-188.0761823702057	-158.35751815399018	-58.53280419446455	48.44875672422575	-62.1601360952215	5.526808797626208	36.482234075715255	-18.427863379001078	-3.992679476395617	2.021690345916492	11.951483070773268	93.269682227084	8.402823613104076	62.1601360952215	28.993408459739708	41.149599957281	18.427863379001078	14.367290260716105	4.401344424887711	18.90449969064706	15.379451683454151	17.189940940174615	0.6826154434317804	19.990305076863635	-6.954345009630874	-6.954345009630874	-14.715433028909763	-64.77860974803745	-53.91922904577011	-12.876847112510534	-14.092886984919321	351.9517039240885
0.042169650342858224	6671.752608839225	0.69272749315214	67.07523269768168	55.09284658055175	52.36788029840857	-114.5542802230623	-211.27068978356007	-310.82741367995465	63.1717178221072	-212.50238227937677	-114.12578293840039	-198.56346217173962	-163.47666715833859	-62.54163358373036	54.394418995940136	-66.04294802950389	5.990299596492992	41.899085048210964	-19.436813786066313	-4.5978533833152495	2.4153004137837204	13.752679534092216	101.6991954100989	10.184880608757302	66.04294802950389	33.63005935374242	47.233523369456364	19.436813786066313	15.998124174974029	5.313714480237542	21.83868025707406	15.379451683454151	17.189940940174615	0.6826154434317804	22.620865717895622	-7.611670834622515	-7.611670834622515	-16.348068396909692	-69.49800519583522	-57.057695173362916	-12.460812769463654	-14.836625202771968	368.73715225172765
0.0446683592150963	6342.334382011413	0.6938301214360154	76.39464354291394	63.142018888613435	59.984604163601844	-123.13547519387944	-224.62877819129906	-329.4237091515726	73.52487106877521	-223.9465661696473	-108.79074546448945	-208.91193976790572	-167.43661614116687	-66.66017601485949	60.87504485649854	-69.99990141015358	6.440082059785678	48.04239739750564	-20.45350673039897	-5.277671051336371	2.8769947351062104	15.820041610372169	110.64950672742248	12.291729568228146	69.99990141015358	38.90321850311532	54.07737855756549	20.45350673039897	17.757676690653817	6.395589276196523	25.175626638903566	15.379451683454151	17.189940940174615	0.6826154434317804	25.496169215103205	-8.2670084081836	-8.2670084081836	-18.146438944050672	-74.40358611501689	-60.27162314050888	-11.851269955330993	-15.555552351546329	384.8033024078869
0.04731512589614805	6011.734691691028	0.6950375152537739	86.73800310835037	72.16200291596532	68.55022198008734	-132.01752509632595	-238.17221360980065	-348.14673843294906	85.25393118661138	-235.24010027773917	-100.85802487864348	-219.09932318869497	-170.1743413994295	-70.87604340540365	67.89135641692246	-74.01682748437337	6.867417805663529	54.930641970630894	-21.473972991366598	-6.037326918431212	3.4102502310330274	18.159422952222137	120.12929218210772	14.734537632309776	74.01682748437337	44.87482203101003	61.693443008971194	21.473972991366598	19.649006062909773	7.6727836423956415	28.924397750611426	15.379451683454151	17.189940940174615	0.6826154434317804	28.614732477520693	-8.920968984473022	-8.920968984473022	-20.12355941604676	-79.48972561079448	-63.558271133144125	-11.040812798876923	-16.250641079964307	400.0845675412309
0.05011872336272722	5684.4611498685135	0.6963562407702284	97.48114456554326	81.54246930314619	77.46474457408563	-141.23607773157377	-251.95327276790616	-367.0706313294573	97.24722090446883	-246.3903978454456	-92.53637098566468	-229.1430183576222	-172.79879882600878	-75.17175844180358	75.10023262704735	-78.07911800847182	7.264719923448327	61.91825905397074	-22.494153824952384	-6.88129027401589	4.0318212073340485	20.438706842896	130.1433008339471	17.188189991262025	78.07911800847182	51.62808292172044	69.4098555318224	22.494153824952384	21.67430231781836	9.178982153559716	32.763706032228576	15.379451683454151	17.189940940174615	0.6826154434317804	31.80507580744087	-9.668936602668015	-9.668936602668015	-22.292622144504524	-84.74597050062175	-66.9089659904432	-10.189888434391596	-17.01656691887189	414.62096267407105
0.053088444423098846	5362.689560185302	0.6977925521407443	109.30681506263454	91.98739357191556	87.449285141218	-150.79303775471593	-265.96418627337084	-386.182167350708	110.61664465076068	-257.3520399499093	-81.525871539233	-239.0076771430227	-174.13438018778837	-79.52886797382281	82.81854626159922	-82.17118185515112	7.625062968327029	69.6872149327268	-23.509903665426812	-7.813607385268886	4.757917631123959	22.99315817338172	140.69498610799806	19.988449224141124	82.17118185515112	59.246994813869684	77.88381251210266	23.509903665426812	23.834667037776793	10.949665688829088	37.03979646938106	15.379451683454151	17.189940940174615	0.6826154434317804	35.22221064021133	-10.388748610469815	-10.388748610469815	-24.666886060460772	-90.16110585893075	-70.31587120584386	-9.130048830844878	-17.73002503593928	428.3516786597701
0.05623413251903491	5048.572847437343	0.6993522166385372	122.30186373556408	103.59524142814365	98.60971803521629	-160.70057183611777	-280.21731032206026	-405.4982073690648	125.49393529260978	-268.110156313032	-67.53721813934764	-248.6886006544921	-174.03646352393042	-83.9324752116912	91.07618393784905	-86.27723778252265	7.943499110249824	78.31889738966056	-24.516972300208742	-8.83737483918936	5.59298707192858	25.860760039139688	151.7922469976071	23.174637076402423	86.27723778252265	67.80161199281385	87.18758240745319	24.516972300208742	26.130321958030283	13.019110321159118	41.79390231291314	15.379451683454151	17.189940940174615	0.6826154434317804	38.878168687155096	-11.068193199541824	-11.068193199541824	-27.259329605652486	-95.72744711336001	-73.77586860268883	-7.838110831585667	-18.379347172182534	441.2520586455588
0.059566214352901034	4743.592279366669	0.7010402988818869	136.13479762673057	116.04416997901339	110.6296705245971	-170.96364854807368	-294.71400029796854	-425.0202274562033	141.2989950429235	-278.6416597349968	-51.70146146936907	-258.17215029347653	-173.0686435436081	-88.36745938987833	99.69255523487439	-90.38110966361941	8.217457860900408	87.46776147077766	-25.510940180801754	-9.953477157909957	6.5373780520769476	28.8675665858201	163.44246972860418	26.574253427045527	90.38110966361941	77.35977359021652	96.97046517653423	25.510940180801754	28.559427850700477	15.42615431047579	46.851500166067254	15.379451683454151	17.189940940174615	0.6826154434317804	42.68084175959725	-11.764679176297836	-11.764679176297836	-30.082788458189402	-101.43724346976006	-77.2853907716744	-6.395355270183738	-19.022652484344498	453.2824880457396
0.06309573444801933	4449.242571793243	0.7028611832679882	150.33491230134535	128.89058718263257	123.08872811591867	-181.60040628437665	-309.4800436963179	-444.78551687255367	157.14386648084684	-288.9151164886628	-35.71765645548782	-267.4363503600948	-172.0545877343253	-92.80995157747304	108.38937905349837	-94.46638912456966	8.447933523374601	96.63740699741041	-26.487279838409325	-11.161489821699284	7.617656042743107	31.754050778134363	175.64644595016287	29.928668401553146	94.46638912456966	88.02558650933659	106.69428966522517	26.487279838409325	31.118850624298936	18.22132629103921	51.96919777849756	15.379451683454151	17.189940940174615	0.6826154434317804	46.49099525730515	-12.533664077291727	-12.533664077291727	-33.14939518404082	-107.27397554228409	-80.82934233187311	-4.925766411537077	-19.71300315370631	464.4438209080011
0.06683439175686146	4167.116570190763	0.7048175715517355	165.73718609239242	142.99526525148625	136.8688473881603	-192.65326233599038	-324.5828520958736	-464.8906808730558	174.40232082345617	-298.9507870890879	-16.815463330708635	-276.5124443681381	-169.61248393764674	-97.24051872428934	117.5733032916595	-98.51526349868773	8.638773816637269	106.67595481320525	-27.441235193892624	-12.459982921733634	8.843093839944931	34.944047595091895	188.41129109409815	33.6471538166961	98.51526349868773	99.88299369737439	117.18274270945129	27.441235193892624	33.80368047419453	21.45261250842952	57.57282753106376	15.379451683454151	17.189940940174615	0.6826154434317804	50.5056943773577	-13.22969862902012	-13.22969862902012	-36.470738724415355	-113.22555710757379	-84.40049514323984	-3.2165067739440385	-20.303507588609435	474.7984608430093
0.0707945784384138	3898.8164643013965	0.7069112036838906	182.42574295050517	158.45508992250234	152.0749355268701	-204.19642289458614	-340.1417372207953	-485.5055507160097	193.14156206166027	-308.81941722491933	5.082975609381207	-285.48331364829414	-165.74817602610187	-101.64312205346414	127.28835802638281	-102.50916758796747	8.799997757542654	117.6695579089985	-28.36776195788974	-13.84490859920355	10.20980768106507	38.4826687947023	201.74888803013778	37.76070125587706	102.50916758796747	112.9966977888841	128.51461864826854	28.36776195788974	36.6064408525528	25.166582378276736	63.70067880775949	15.379451683454151	17.189940940174615	0.6826154434317804	54.74229398419098	-13.843759922316794	-13.843759922316794	-40.05761177712759	-119.28316486989213	-87.99575533963105	-1.237156118438487	-20.785594887621887	484.4768980122217
0.07498942093324558	3645.490656788794	0.7091422772416472	199.3933820090321	174.26762009307546	167.7046299122627	-216.3214843939548	-356.3011337296978	-506.8334877287465	211.46955778854735	-318.5982599776015	26.10796045624583	-294.43870444624594	-162.45650350149776	-105.99929596958002	137.01907771637758	-106.42887460664967	8.949670402853421	128.57301309461684	-29.261548359274638	-15.308537548921299	11.717605170045099	41.8422386726795	215.6663119332501	41.73991230884302	106.42887460664967	127.42563799834932	139.6422831049635	29.261548359274638	39.51612004160504	29.41089792974089	69.82579799057598	15.379451683454151	17.189940940174615	0.6826154434317804	58.94452915046359	-14.542982853199193	-14.542982853199193	-43.91981385211098	-125.43545077740843	-91.6081141020298	0.7675767342588474	-21.32757152192342	493.63060458258485
0.07943282347242814	3407.066450250091	0.7115091641841382	216.8678360093343	190.70127089218454	184.06190638170767	-229.08446493189007	-373.1428044771943	-528.9860953060046	229.63803288042348	-328.2727419695652	46.8477336501585	-303.37640730738053	-159.4177371649475	-110.27709768622951	146.84344690189494	-110.25271791109712	9.109548776690229	139.6042146988215	-30.11700213364402	-16.841032520667948	13.398298057205931	45.12207282983413	230.14652978202815	45.67934442220266	110.25271791109712	143.25045909827995	150.7592492743337	30.11700213364402	42.5180539336988	34.23685399314277	76.08012777501183	15.379451683454151	17.189940940174615	0.6826154434317804	63.1485590192888	-15.257032304788646	-15.257032304788646	-48.06610803417706	-131.6578465056058	-95.21652721186325	2.8555725718953338	-21.85503070253212	502.3088336789197
0.08413951416451952	3181.9271900036215	0.7140082703063119	235.6570657664875	208.5872598227692	201.99454894701637	-242.4428664456124	-390.5877980451636	-551.8460505143678	249.1121751110371	-337.754871671777	70.36084346219842	-312.2175474056843	-155.05327086486653	-114.45492538339529	157.17993962253394	-113.95648541827906	9.299958920199133	151.6027573680502	-30.92824035970172	-18.430866383859726	15.238160048672603	48.755682892799925	245.1629265834818	50.01007625713531	113.95648541827906	160.46384852402306	162.7679208807942	30.92824035970172	45.59417031873821	39.67031261816717	82.91303457033717	15.379451683454151	17.189940940174615	0.6826154434317804	67.55459099884445	-15.855660436205282	-15.855660436205282	-52.50413521429031	-137.9358911899793	-98.81718651539184	5.245722052353414	-22.238308323555767	510.3429090699105
0.08912509381337455	2967.4392793559146	0.7166338442703504	255.83498031044644	228.01181433020383	221.59395832766992	-256.22889136847704	-408.3623163352684	-575.0226345931019	270.2416801724693	-346.8375495777552	97.58324617858314	-320.7563769656657	-148.78401827922062	-118.5129208685314	168.07900128949908	-117.51478826522975	9.534535104565874	164.662605340034	-31.689194304508554	-20.064174537565545	17.200923992609475	52.81475549331756	260.6659016037727	54.81761164039748	117.51478826522975	179.00586249011542	175.87239800984068	31.689194304508554	48.72328896577263	45.72460998036609	90.40467310023365	15.379451683454151	17.189940940174615	0.6826154434317804	72.18206756714801	-16.337132391635915	-16.337132391635915	-57.240238492016736	-144.25667506993534	-102.4095341638526	7.973419785440178	-22.47880409460627	517.3353083706719
0.09440608762859236	2761.4190387837	0.7193784546261477	275.37581750066107	246.9461431928261	240.82114072247367	-270.2210958260545	-426.12094904633005	-598.0293500096291	289.6524616806853	-355.25246059252265	122.0334316606726	-328.72034024454297	-143.7173942257753	-122.42205355022723	178.4715469089887	-120.90189935789488	9.815227693465234	176.67495771572084	-32.39381355184227	-21.72676269234777	19.264489068436664	56.25258117480823	276.57898361286254	59.10413713923295	120.90189935789488	198.83145997462177	188.03996099826733	32.39381355184227	51.883127363593715	52.42027191775254	97.51649624019866	15.379451683454151	17.189940940174615	0.6826154434317804	76.51083219414672	-17.02091929945737	-17.02091929945737	-62.27962711956205	-150.5983997102621	-105.98212457184988	10.5296608653726	-22.90210068787265	522.8501603088782
0.1	2563.442898898008	0.7222319539813254	295.8165283440768	266.99995395952436	261.3520468066044	-284.28630697214214	-443.67109375382705	-620.5985655787036	310.1951116917217	-362.8234552314282	149.78891880717265	-335.9328776564684	-136.62799282245606	-126.1436012221657	189.09767691411932	-124.09085623200164	10.129566637352958	189.28514655039115	-33.03622971204893	-23.408742300909594	21.43020908238574	59.92415053905042	292.81369552520516	63.69647685785157	124.09085623200164	219.94508256410117	200.9078104622769	33.03622971204893	55.053274055028545	59.79162982923226	105.09858601335094	15.379451683454151	17.189940940174615	0.6826154434317804	80.89887034098933	-17.605680706584774	-17.605680706584774	-67.62602269300989	-156.92984758142308	-109.5160125328043	13.302051485621867	-23.202256999003982	526.6948354182925
0.10592537251772886	2374.4635450746046	0.7251828078773249	317.5419410892149	288.58208243520687	283.61212834871594	-298.4278149989328	-461.0393866655809	-642.771130978828	332.57200457963603	-369.5826353397656	182.31066418864376	-342.43269255352624	-126.7659783152121	-129.6557941217575	200.16524072064126	-127.05566767947424	10.460545028583631	202.97380231261062	-33.61088677805355	-25.10285782742388	23.652600055097313	64.11157270067986	309.304426799572	68.84121736438122	127.05566767947424	242.30315696833634	214.9661460163256	33.61088677805355	58.215282870993704	67.86056378790299	113.37374737165685	15.379451683454151	17.189940940174615	0.6826154434317804	85.4429816859083	-18.02523813298653	-18.02523813298653	-73.28168451725045	-163.23607387577795	-113.01440035966486	16.40422426547395	-23.317769206929164	528.9651598154758
0.1122018454301963	2195.0993596769977	0.7282176047176914	340.25461521953616	311.404397283177	307.316199504838	-312.64926531468535	-478.2519436863473	-664.5854865133208	356.25603118881185	-375.56360146125405	218.56274289340033	-348.2574006595118	-114.6453480966015	-132.93998371444548	211.5326252257238	-129.773133329296	10.793670027482264	217.50228012967926	-34.11274719276997	-26.802277671290366	25.888438968904165	68.72949840174806	325.9851371000657	74.43326603360913	129.773133329296	265.84614200104687	229.99503455551002	34.11274719276997	61.351799799881675	76.63758960678418	122.2051696891372	15.379451683454151	17.189940940174615	0.6826154434317804	90.07171850507851	-18.327431504252132	-18.327431504252132	-79.24695622929329	-169.50456748970822	-116.48103770648395	19.776151789010395	-23.302772233616246	529.7581674617102
0.1188502227437019	2024.4718022716409	0.7313208415869816	361.35494310734197	332.8528358272248	329.83075026690034	-326.7566510488114	-495.03394698821916	-685.6612868965001	376.70116991211967	-380.5545138688907	249.65228571327995	-353.18340975610454	-104.59800010929199	-135.9607490130246	221.77284163703337	-132.22246264619918	11.109826208317962	230.1131074597546	-34.53742381189063	-28.501246400439125	28.152349224456557	72.38080674413979	342.7548339390383	79.14765310543598	132.22246264619918	290.5565593970316	243.2239842601292	34.53742381189063	64.44656157098349	86.13355613810218	130.2049565056838	15.379451683454151	17.189940940174615	0.6826154434317804	94.107427174049	-18.89066124810312	-18.89066124810312	-85.52015223526547	-175.70620160759142	-119.89656439279071	22.74289780825407	-23.544582794965372	528.8509201912616
0.12589254117941676	1861.6987507046824	0.7344762499269981	383.4871964041307	355.67325274604235	354.00159353369816	-340.4897229193321	-511.0210645146009	-705.4988862387345	399.0264268610589	-384.330781323596	286.39987007612217	-356.9693945589763	-90.89792483072344	-138.6894714072287	232.22146882018885	-134.38439467309678	11.376112949004991	243.6984615086834	-34.88129247911644	-30.19910163106592	30.442280588918162	76.5701368254176	359.5197565948733	84.41947777504012	134.38439467309678	316.4112721763482	257.53063285062234	34.88129247911644	67.48702010477251	96.35625246022717	138.8620894819144	15.379451683454151	17.189940940174615	0.6826154434317804	98.1893879455025	-19.234704118517296	-19.234704118517296	-92.0969236167021	-181.81747036005282	-123.2518093727421	25.973580174872883	-23.55406866565575	525.9758247887539
0.1333521432163324	1707.7416935877002	0.7376667276688339	406.5553290566797	379.7784150027148	379.74844067813495	-353.88630216616787	-526.3045034101053	-724.2312383959222	423.03942828207073	-386.9978359474677	328.39522262302427	-359.7199026558904	-73.75538384325587	-141.1160439830461	242.83822512452613	-136.24423152976772	11.560919777481965	258.246895429291	-35.14143592348784	-31.896764462734225	32.718106968922875	81.33058799557853	376.24774904844844	90.22140191032145	136.24423152976772	343.4145713766678	272.83080734012947	35.14143592348784	70.46403399656582	107.3379261364494	148.1101358573972	15.379451683454151	17.189940940174615	0.6826154434317804	102.2972237373197	-19.37296339433748	-19.37296339433748	-98.97075685799037	-187.8315783716513	-126.55471068582568	29.452354650156977	-23.349883209695463	521.3760887969202
0.1412537544622754	1564.3733003381813	0.7408745974141452	429.267685893047	403.8404364430539	405.7062820143622	-367.27125577611065	-541.3937669267202	-742.5626906299403	445.90429542012134	-388.8801749220865	369.51346702341175	-361.77437364763745	-56.47020348656373	-143.23382186217765	252.95322848880986	-137.79259734329045	11.657878180242687	272.40665294816114	-35.31576339585641	-33.593000086571806	34.96585280176403	85.98267071882184	392.95700280883784	95.82926306694368	137.79259734329045	371.63938549660224	287.6238239913006	35.31576339585641	73.36901150693086	119.13381284577072	157.16624443650838	15.379451683454151	17.189940940174615	0.6826154434317804	106.11720736904287	-19.514767132537887	-19.514767132537887	-106.13225905812966	-193.74334820642574	-129.8087966089896	32.85729229463627	-23.150563418060795	515.6805382393973
0.1496235656094433	1431.8067170034017	0.7440821468325011	450.36715784803306	426.59707896837807	430.60987836524305	-380.791430797306	-556.5191592914152	-760.806445539347	464.94612559899895	-390.04237248600987	404.2701439028007	-363.19899192102866	-41.84520739911026	-145.01296636440208	261.8189211371012	-139.02231658385918	11.688031291334791	284.75523983657405	-35.40298257114557	-35.282876265846255	37.27165869906071	89.7562192842707	409.63364787618605	100.49856591126513	139.02231658385918	401.20503477604325	300.332188826479	35.40298257114557	76.18996843081554	131.78562954518807	165.29177518850693	15.379451683454151	17.189940940174615	0.6826154434317804	109.31034097386893	-19.801493961522976	-19.801493961522976	-113.56962288354457	-199.52473255714736	-132.9862640489456	35.84795926046941	-23.097831063188387	509.1859164428636
0.15848931924611143	1308.8497066424443	0.7472718701891158	472.16538740676907	450.43961499062635	456.9337090639181	-394.2699365839438	-571.4329811476173	-778.6200789615962	484.708106719427	-390.3750632963798	442.1888824580372	-363.8685776550757	-24.870129461932414	-146.44436672999262	270.6731462419278	-139.9255257045819	11.675399043980736	297.8525378849257	-35.40232659907312	-36.95878222824673	39.64864468852859	93.97280325240992	426.24532158647855	105.47834642275943	139.9255257045819	432.0523620021306	313.5662826307022	35.40232659907312	78.91059000877773	145.26844945419177	173.8502059931731	15.379451683454151	17.189940940174615	0.6826154434317804	112.45946369788484	-19.843820622184673	-19.843820622184673	-121.26864448412552	-205.16596622407107	-136.08735389008788	39.02829725469945	-22.791278425751084	501.7358699983078
0.16788040181225605	1195.2797828915693	0.750427231093255	494.61835721744984	475.3049665965167	484.5962718997573	-407.7683655126778	-586.2377017881422	-796.1416009872256	505.08007181875877	-389.9902822760464	482.92796310565774	-363.89549947515684	-5.7679086778246464	-147.53070568955883	279.5424249899281	-140.49639299531734	11.64321979420732	311.6968271982925	-35.313432286584835	-38.60857383553085	42.0639415007335	98.65455726793743	442.7734092985637	110.7642469500031	140.49639299531734	464.0826163288369	327.36724292897037	35.313432286584835	81.511291495448	159.560390900996	182.83610802853295	15.379451683454151	17.189940940174615	0.6826154434317804	115.57787665699959	-19.66758349440877	-19.66758349440877	-129.21348051641843	-210.66710495103553	-139.12212543365763	42.40791529085555	-22.261150749730135	493.5051879999673
0.1778279410038923	1090.7458766075013	0.7535328644397269	515.3127092792547	498.6536696492991	510.9281366596293	-421.3481910590168	-601.0315006781174	-813.5019418157638	521.4295864968876	-388.9695777039298	516.7496660595693	-363.36101102028886	10.35919363789574	-148.26863542416143	287.1342390893652	-140.7301144615418	11.625981864705487	323.5406055271388	-35.136359512800254	-40.21005257098187	44.48934743497324	102.38723491190584	459.169955101303	115.05512157706815	140.7301144615418	497.1560699508061	339.0555525064433	35.136359512800254	83.9634006945171	174.62951084047927	190.82572520175756	15.379451683454151	17.189940940174615	0.6826154434317804	118.0809539619165	-19.673716979533033	-19.673716979533033	-137.38769617886052	-216.02207838114458	-142.0897523733642	45.37186437445304	-21.928112108116014	484.64939214848647
0.18836490894898	994.11642152166	0.7565743195093789	534.9138276180561	521.1996299493312	536.698268730808	-434.76742426136997	-615.4790209379746	-830.2457902477433	535.2684052237906	-387.10835008073417	547.0908589188724	-362.03604673705655	25.480203292834283	-148.63392172334065	293.7431192131995	-140.62602545819817	11.651250654661455	334.09854195660193	-34.87253807677956	-41.74531201129444	46.98343204804591	105.52622915926032	475.3171469629746	118.73203699179312	140.62602545819817	531.1320986530083	349.39548494111654	34.87253807677956	86.24275307724292	190.4034098957372	198.27392425486963	15.379451683454151	17.189940940174615	0.6826154434317804	120.11970846368854	-19.684167628095462	-19.684167628095462	-145.7699126252507	-221.20232211903405	-144.96122829487086	48.080781352035814	-21.60187104462976	474.97454246637176
0.1995262314968879	904.5728646048937	0.759539268301697	555.0234226514698	544.6007228094461	563.6232131660564	-447.80576915093354	-629.2850352012621	-845.9793545916018	550.0281271654187	-384.3355290636864	581.217955655368	-359.8380340468994	43.46307288349695	-148.62479209856892	300.2845215496367	-140.17707706863175	11.710872920918321	345.29639706391157	-34.523057015866115	-43.197368461354564	49.47368152162219	109.13724338635953	491.08281981920453	122.78568347023108	140.17707706863175	565.7172705200957	360.46531360808	34.523057015866115	88.32120075826069	206.7816213350311	206.21703358071292	15.379451683454151	17.189940940174615	0.6826154434317804	122.1165460938658	-19.437270954828715	-19.437270954828715	-154.34308465023037	-226.20283830161247	-147.74689237728234	50.97206788767982	-21.014305030342634	464.3598723153007
0.21134890398366477	821.652387105444	0.7624168066097634	575.5176346203735	568.6957193063832	591.5053698591307	-460.3423183235619	-642.3005636182944	-860.5111463822193	565.7672507953907	-380.6824215738836	619.2255516807215	-356.7892247370119	64.36746704575295	-148.25577400391523	306.7617131958761	-139.38630786977654	11.78921188007343	357.1110700667103	-34.090406703225625	-44.55410922977823	51.87109337054913	113.2721970208862	506.3640378875152	127.25355117630853	139.38630786977654	600.6157565137297	372.3561831739222	34.090406703225625	90.1809838444497	223.6586369009911	214.63442932718573	15.379451683454151	17.189940940174615	0.6826154434317804	124.07486938114077	-18.971252585769648	-18.971252585769648	-163.08441044166375	-231.02853266644001	-150.4611671117168	54.03624852271445	-20.21010204555435	452.8229904065849
0.223872113856834	744.775644198786	0.7651976942629004	592.5934076135069	589.4390170359056	616.0470376926974	-472.15186838539216	-654.2353145286471	-873.4649737702498	575.4861805804567	-376.0595191821073	646.4568867582275	-352.78049686086126	80.55456105694218	-147.52406415874898	311.0033417041252	-138.2585457465092	11.85354102780785	365.0243976163493	-33.5773794330024	-45.80167868151691	54.12603610514524	115.58392293062822	521.0263872471779	130.07681360759523	138.2585457465092	635.5975515921998	380.6256937752945	33.5773794330024	91.80396484853873	240.95792292197373	221.13489041555482	15.379451683454151	17.189940940174615	0.6826154434317804	125.04408767365906	-18.887135419605688	-18.887135419605688	-171.97205821894124	-235.66888128936148	-153.09488905805284	56.25459954004595	-19.827462757945803	440.2997847220855
0.23713737056616552	673.3570319161945	0.7678748029207487	609.2157916398967	609.99461344674	640.632662467828	-482.92412621564415	-664.6890133362001	-884.3253937987909	585.3422818826933	-370.30253754834484	676.1981795005801	-347.6191275599894	99.22569263412979	-146.42013026350105	314.5900115208991	-136.80595105560863	11.853885740214627	372.58395174612457	-32.98849236765987	-46.942816560269975	56.26690046044344	117.96576148686395	535.0067277822519	132.91824004102563	136.80595105560863	670.6810664642792	388.6681790824414	32.98849236765987	93.19000066779294	258.68540278852186	227.5489607656044	15.379451683454151	17.189940940174615	0.6826154434317804	125.741390114825	-18.626349436955888	-18.626349436955888	-180.98012539426347	-240.10430777113046	-155.62688124450494	58.380408576800455	-19.269619320150202	426.68453723872153
0.25118864315095796	608.5758509983835	0.7704425460409661	625.9575072633194	630.9337927075726	665.8368130279501	-493.6698820672111	-675.0771867280727	-894.9929277901449	594.854785859771	-364.0514629712026	706.5095703595606	-342.01107833148114	118.84353553742153	-144.96704292052263	317.9244318136251	-135.0408363241581	11.7771956207615	380.5944202767046	-32.328007311187285	-47.98651351320299	58.27346900677225	120.85503823405087	548.4814917367149	135.9326174477007	135.0408363241581	706.1623262318341	396.79128056584585	32.328007311187285	94.3456906172271	276.9966049829346	233.9999897373398	15.379451683454151	17.189940940174615	0.6826154434317804	126.34733168976136	-18.11396602945015	-18.11396602945015	-190.0845828472553	-244.34474325662057	-158.07369193984866	60.58741929685082	-18.460120010015746	413.02189028881696
0.26607250597988086	549.7278023939291	0.7728969647136135	642.3704953001907	651.723366490239	691.038444278636	-504.2744397999841	-685.2491101175754	-905.2736740222892	603.4563412000334	-357.34918292256805	736.0445061545958	-335.9920456566793	138.63729227520676	-143.19288586947476	320.8321778643682	-132.978190867916	11.683157315927565	388.4841819190551	-31.6007698062197	-48.92110332842888	60.135475421190584	123.93089372114977	561.4811106115848	138.8635822082392	132.978190867916	741.8876198576299	404.5513048385915	31.6007698062197	95.26066477338154	295.8056125762359	240.22531611279203	15.379451683454151	17.189940940174615	0.6826154434317804	126.78883827543173	-17.470113140644127	-17.470113140644127	-199.2604616617887	-248.40258387554684	-160.4491995524293	62.778038812593465	-17.529728022902347	399.2674195904959
0.2818382931264455	496.07730064736654	0.7752359207273731	654.7397040143956	668.3370590814989	711.8836441025788	-514.4853684681754	-694.8720138784855	-914.7382274145904	604.1753022641946	-350.0735018694608	749.9028931424903	-329.4125969212317	150.67661268551657	-141.10244103502092	321.1214729917377	-130.64123602851006	11.62279107122084	391.49411089187157	-30.813229525869676	-49.73437233421278	61.9385538627353	124.56545338423686	573.907507178543	139.56918503128284	130.64123602851006	777.603061503895	407.3298670790464	30.813229525869676	95.92845870858034	314.93724174653136	243.79373110380067	15.379451683454151	17.189940940174615	0.6826154434317804	126.14194805391764	-17.27313813926897	-17.27313813926897	-208.4776300698539	-252.2654472117079	-162.72995611244332	63.94132647087225	-17.096780853116766	385.2893494464044
0.298538261891796	447.24887760146896	0.7774585275220388	667.2460220648924	685.2757169365055	733.2198546377056	-524.3037835172473	-703.9613182890167	-923.4209136351919	605.2580255606096	-342.24005106875467	765.7512437830097	-322.29342315241	164.42693811082606	-138.6924888805157	321.23520823316835	-128.03688483624805	11.583980069567788	394.96131991665027	-29.970217094636673	-50.42098065005637	63.691016500488615	125.64176435617753	585.6055630679067	140.57206348747894	128.03688483624805	813.0069870256641	410.520169682407	29.970217094636673	96.33792927790573	334.22497526432505	247.622734005747	15.379451683454151	17.189940940174615	0.6826154434317804	125.46580674932046	-16.793854824979316	-16.793854824979316	-217.71537591518288	-255.92047605159732	-164.91072794647772	65.21388918886034	-16.376144351529327	371.1716707049019
0.31622776601683794	402.1024561031673	0.7795648957008139	679.7346323759928	702.3287485989879	754.7790942883034	-532.7029322931292	-711.1594242963674	-929.561577761507	608.3521464939175	-333.5479540716261	787.5966476925234	-314.27951226172445	182.33960919884453	-135.99671479686427	321.16667244935473	-125.18134376373148	11.535056102925223	398.7957214820882	-29.077896190848598	-50.960582576888086	65.23367588299658	127.21365853775244	596.3194952336252	142.0886853150238	125.18134376373148	847.3764763529055	414.6226699163353	29.077896190848598	96.47039184550609	353.35698352127656	251.86749039008345	15.379451683454151	17.189940940174615	0.6826154434317804	124.7556290126491	-16.098464381356976	-16.098464381356976	-226.9488179426594	-259.3822479399552	-167.01173655191636	66.56956583344986	-15.443724071691058	356.3030120515952
0.3349654391578276	360.92745842531014	0.7815566787944581	690.5157934565656	717.6121936152084	774.475803188758	-540.2400229492773	-717.241670342285	-934.2042609656885	609.1809772667374	-324.3488996241432	805.5751028366094	-305.74674732912956	198.75804508878076	-133.06195042999502	319.97951391326995	-122.11052037586589	11.416723888245043	400.91906699410316	-28.14418927551822	-51.36811280813787	66.50090429020482	128.18321033514016	606.2024817639276	142.988280653203	122.11052037586589	880.9334936322834	417.0987680446219	28.14418927551822	96.35347712974283	372.4646609307072	255.06927038089094	15.379451683454151	17.189940940174615	0.6826154434317804	123.61992651292582	-15.483119816870175	-15.483119816870175	-236.14449640319864	-262.669058936253	-169.04318109320755	67.55037237347922	-14.621698927593444	341.2181505893051
0.3548133892335753	323.95920164998057	0.7834358575785038	698.2589540071424	729.6824479822756	790.7465116436978	-547.745790417272	-723.3260811925048	-938.8230331855464	603.4277657329033	-314.89854776870385	809.817828981103	-296.9932945844909	208.03679827523823	-129.86618107459094	316.7590049680485	-118.8341387689274	11.24009122903148	399.4604192783045	-27.173617462381998	-51.6418170147868	67.61751648005091	127.45379173584026	615.4253727634865	142.18836264677424	118.8341387689274	914.2221544939016	415.45789205594616	27.173617462381998	95.98379358179679	391.8051336427991	255.94768512810157	15.379451683454151	17.189940940174615	0.6826154434317804	121.6973421902017	-15.099185821221186	-15.099185821221186	-245.28898700424304	-265.75539943606367	-170.97451054158358	67.7604143182425	-14.07148756689783	326.518045231781
0.3758374042884443	290.6177632246195	0.7852054480361038	706.0437693182367	741.8641697676094	807.1895226391273	-554.9273018247138	-729.030724974514	-942.9318935623156	597.9744810011431	-305.1925632090902	815.2862474534269	-287.9945522570445	218.32893482380152	-126.45441050334489	313.4704449732757	-115.38713110800454	11.087572516012958	398.467266037352	-26.17472681860658	-51.78543164795059	68.64839443352986	127.16407170001723	623.9710595863558	141.59292927533332	115.38713110800454	946.8983369312324	414.0238490525303	26.17472681860658	95.3775551816083	411.1130532123601	256.9070770089916	15.379451683454151	17.189940940174615	0.6826154434317804	119.80451167110674	-14.477383880687656	-14.477383880687656	-254.34775293848335	-268.65602074081846	-172.81528668561472	68.07128122807066	-13.276789510525798	312.0484147756157
0.3981071705534973	260.2550833316163	0.7868691953634229	713.682840262208	753.9112680975355	823.4922887287868	-561.1020413961851	-733.4721988651493	-945.4054898015272	593.8189080912073	-295.10364759571706	824.3489478155531	-278.5995263036079	231.04865984374302	-122.85494486454785	310.11341355487673	-111.78268145561671	10.951583420974115	397.83472632698516	-25.152892014767172	-51.78352576666137	69.48069305848787	127.318726291592	631.5440878759265	141.4084962628234	111.78268145561671	978.1342927120583	413.30934365515117	25.152892014767172	94.52110661254335	429.9775105126438	258.14746836012057	15.379451683454151	17.189940940174615	0.6826154434317804	117.9378650475554	-13.680181930744816	-13.680181930744816	-263.30444763630777	-271.3832936299021	-174.5837602131811	68.46477797192776	-12.310918628403634	297.4838513815178
0.4216965034285822	232.5187432011264	0.7884311877507891	718.549078713765	762.8898978701425	836.3881398443333	-565.891552171065	-736.1792335150163	-945.6630555801394	586.2932511418278	-284.5759942989432	826.7277438945532	-268.72843174886225	240.56213382604838	-119.09963795717874	305.0773444074007	-108.0500443376422	10.75120423433734	394.04196176697513	-24.115007558511113	-51.64474243915538	70.03132597860315	126.02096619618673	638.0821511954093	140.0952590827313	108.0500443376422	1007.7636618295367	409.79449373999296	24.115007558511113	93.4342247117909	448.33407139779365	257.64716127671437	15.379451683454151	17.189940940174615	0.6826154434317804	115.44605132679442	-13.142041983126736	-13.142041983126736	-272.13433323441967	-273.94595824690697	-176.2818172512256	68.19622551796624	-11.655201415036045	282.7294358089845
0.44668359215096304	207.7661046382844	0.7898955703607013	721.6358626518095	769.9163419226237	847.1378513237587	-570.672791121511	-738.9609832834014	-946.0503865334878	574.8218451858653	-274.0076735268631	820.4862194889033	-258.8340465361288	245.4143178766156	-115.18808616973323	298.910796585795	-104.21246254344008	10.499987536354036	388.37439076052414	-23.066966582225	-51.373929777985055	70.41544277960159	123.91330198914451	643.9470619392386	137.83625527168277	104.21246254344008	1036.6729140614389	403.801889404663	23.066966582225	92.13025207979993	466.6298010124397	255.65730173532467	15.379451683454151	17.189940940174615	0.6826154434317804	112.56115941962861	-12.649780576118477	-12.649780576118477	-280.8188292243936	-276.33077763440684	-177.88456289867412	67.51796146834081	-11.064915424339048	268.54950407604906
0.4731512589614803	185.5755919592668	0.7912667939075878	724.7095549510537	776.9057952233215	857.8215435601153	-575.1433032928217	-741.4277854091512	-946.0758424803884	563.7600362426643	-263.4183852158914	815.2031741143635	-248.92654424613588	250.88119687704992	-111.16157437744944	292.83958523486916	-100.29554627931881	10.276109656843724	383.283706366195	-22.015156030961034	-50.97688083137784	70.67634061905883	122.28897187447515	649.0754390909702	135.8364214735093	100.29554627931881	1064.407691857946	398.1818563168536	22.015156030961034	90.62474262144406	484.5393857611546	253.78425358917102	15.379451683454151	17.189940940174615	0.6826154434317804	109.7734301339739	-11.963958293631219	-11.963958293631219	-289.3348708687951	-278.5544132229541	-179.40822002895868	66.95796511376192	-10.274816740227122	254.79917708158126
0.5011872336272725	165.29835959377894	0.7925499781618693	727.5263712450877	783.5632343460572	868.0878849144702	-577.9272010708769	-741.819203798596	-943.5109219564914	555.2934618968059	-252.5188889633213	816.2316429281217	-238.663136395313	260.23874222678364	-107.05164916546407	286.79020595749176	-96.3180760631783	10.03633445758986	378.56514324513347	-20.965183848961647	-50.44406813579388	70.67868833040322	121.11974930941476	653.0684749960901	134.3867218868569	96.3180760631783	1089.9379554613506	393.60538422443926	20.965183848961647	88.91507691670246	501.54063563353003	252.3133793430911	15.379451683454151	17.189940940174615	0.6826154434317804	107.04686943389324	-11.14901519939312	-11.14901519939312	-297.66896888919774	-280.63123257790323	-180.86772189001243	66.46185134217764	-9.359188433077097	240.91694227578955
0.5308844442309885	147.21969827857436	0.7937494245890486	726.9037470777884	786.298630519682	873.8950937849964	-580.5342340463324	-742.0914155802208	-940.866051430287	539.8917410300658	-241.7243525257821	801.4645402749535	-228.51227765958203	260.67330660746074	-102.88029641684703	278.7330522105216	-92.30732707831753	9.737449675869497	369.68715815211806	-19.922102098185928	-49.80125564151134	70.46310866792798	117.82177326821134	656.3581975727777	131.02442955867772	92.30732707831753	1114.2551794867527	384.42145831870477	19.922102098185928	87.03965514105394	518.1508307736432	248.07128867479	15.379451683454151	17.189940940174615	0.6826154434317804	103.58445789336122	-10.720150630430425	-10.720150630430425	-305.80282156725116	-282.5647925098584	-182.25601820786744	65.11742614717788	-8.89442774246359	227.60599362257256
0.5623413251903491	131.08453417498953	0.7948700737743423	725.7499469795603	788.3878038132328	878.9346181188884	-582.8812732853532	-742.1400104407933	-938.0153453967164	523.8069525380745	-231.00878032750978	784.9739982684979	-218.4415768535751	260.1027017427644	-98.65001119100741	270.50730652018143	-88.27767205219006	9.450493410890692	360.71394061687573	-18.890101129257616	-49.03968814560683	70.12613940512023	114.60903432323182	658.9224209613977	127.58876775194017	88.27767205219006	1137.2359482256936	374.84784633123127	18.890101129257616	84.99589919480921	534.2493443666563	243.51012816213637	15.379451683454151	17.189940940174615	0.6826154434317804	100.1139008501592	-10.184565173390896	-10.184565173390896	-313.72473218404116	-284.3475677041052	-183.56007207490597	63.74419677206104	-8.320492881795035	214.82694314385714
0.5956621435290104	116.42123031575635	0.7959164308131782	724.5044383926505	790.2952433074415	883.7016363324229	-583.6313509131127	-740.271216357747	-932.8306644777884	510.6572967692875	-220.16699569083113	775.2473172915487	-208.1966285232346	263.5205201027631	-94.40579578234124	262.5100134424927	-84.25699254066198	9.158772879304816	352.4126678608317	-17.87544237026829	-48.1621233731989	69.57714770490072	111.95744814317827	660.3992430279894	124.78653759141582	84.25699254066198	1157.834947466327	366.55128382146967	17.87544237026829	82.79974614749555	549.2538134274134	239.50682991645968	15.379451683454151	17.189940940174615	0.6826154434317804	96.78172766017161	-9.506264290435487	-9.506264290435487	-321.4167512734746	-286.00042307585596	-184.7973760343889	62.4885620186248	-7.597609156872915	202.11230063641977
0.630957344480193	103.42621210394323	0.7968930952277575	722.7349742696687	791.5174299603642	887.6129538384517	-584.4234581300757	-738.5766256665881	-927.9644068077675	496.43351509538496	-209.6150030653736	762.5404972117053	-198.2556926953606	265.0204818860796	-90.17352675495094	254.49305715737768	-80.26175624698398	8.82532375215362	344.1904966278343	-16.88099044710669	-47.19743840986684	68.81686875855513	109.51741338010216	661.3007996137493	121.8684410101193	80.26175624698398	1177.1646989493477	357.79029530933985	16.88099044710669	80.48740305800149	563.7625849662492	235.05190780813587	15.379451683454151	17.189940940174615	0.6826154434317804	93.48617319942399	-8.781728958107928	-8.781728958107928	-328.87111587078147	-287.5362677782647	-185.9789207988202	61.22457194263261	-6.836069795957344	190.0734079684753
0.6683439175686149	91.75440460526245	0.7978044114879369	717.8399106003808	789.0873671158673	887.2850179983209	-584.2910479278434	-735.8353996779769	-921.8869991509199	477.4359816007788	-199.13779240381615	738.7263861441513	-188.3673867562733	260.14946684476877	-85.94842234010781	244.75039885419162	-76.29950247481008	8.506917414237492	332.107684950931	-15.908880063407747	-46.129571066702866	67.90722068490012	104.99321365704175	661.3036047677664	117.42132229565374	76.29950247481008	1194.4453482870674	345.39971373173034	15.908880063407747	78.0481149394208	577.3048769398712	228.397566834408	15.379451683454151	17.189940940174615	0.6826154434317804	89.57689706723546	-8.426191816159413	-8.426191816159413	-336.08488099932265	-288.9473753415509	-187.09003174181333	59.212640797488504	-6.505281464641719	178.3848191685413
0.707945784384138	81.32223020096414	0.7986544773797416	713.0568126637223	786.6949551105502	886.9333336337252	-583.4902085073426	-732.3774691182655	-915.0227171667384	460.1220020989632	-188.82217593069245	718.3766650043206	-178.61232152935918	257.14221447341697	-81.76909215066523	235.43200927554756	-72.40575681589445	8.168305729981924	321.0463938672249	-14.965210628500232	-44.983484286344165	66.85170538295567	101.16429259458863	660.5462939479497	113.45807312590473	72.40575681589445	1209.8926662637252	333.9529281924456	14.965210628500232	75.52551810613551	589.9642594779222	222.15025354828643	15.379451683454151	17.189940940174615	0.6826154434317804	85.87224574689021	-7.907307660510172	-7.907307660510172	-343.03572622709913	-290.2460954199428	-188.1313793706478	57.36932250810506	-5.992575124105729	167.14508811092009
0.7498942093324559	72.04224977615668	0.7994474544813273	708.2185873320362	784.1364525970242	886.3040501300135	-582.3074043645976	-728.565708535996	-907.8314185745653	443.6229481011667	-178.76182207824934	699.3704354898781	-169.11111071384826	254.69146760873406	-77.63617742401283	226.44543679702758	-68.57303533388266	7.823711190714548	310.72907584915134	-14.049680402033943	-43.760939007288385	65.64078592928973	97.8624961567106	659.108983443213	109.80874510606128	68.57303533388266	1223.6399016093812	323.1045428814242	14.049680402033943	72.91592871837963	601.8095684353137	216.10060332192123	15.379451683454151	17.189940940174615	0.6826154434317804	82.33443043822979	-7.2820766596362025	-7.2820766596362025	-349.73383371046873	-291.43782364452557	-189.11652640409287	55.655178306880764	-5.368420142036227	156.43760073101032
0.7943282347242814	63.74288729223301	0.8001869402470456	702.2889569994669	780.195336407245	883.9785173853932	-580.3078699384284	-723.8578782823815	-899.6419424445271	426.6504091617468	-168.95086087122948	678.7223884879238	-159.83655035662574	251.085351680839	-73.59200839549146	217.19026164842168	-64.8306206543538	7.472998233657949	299.6341195288976	-13.166511854173097	-42.47559299215906	64.24799776226497	94.21073221978585	656.9243827243358	105.91719894278404	64.8306206543538	1235.3278840657529	311.63570870376157	13.166511854173097	70.25121435404898	612.6089658976113	209.51908733052295	15.379451683454151	17.189940940174615	0.6826154434317804	78.7290541057389	-6.7537632620938055	-6.7537632620938055	-356.1636115757732	-292.5419283395843	-190.0535897161926	53.78267110813981	-4.8632255842323	146.1417479168627
0.8413951416451948	56.363416984927966	0.8008767955515671	694.5961829988687	774.1216087094965	879.1185769328342	-577.8416969186153	-718.6941354425736	-891.0074886477161	407.00349792808674	-159.39699958228755	651.374688954641	-150.80063469588072	243.41070195078737	-69.62209911009825	207.16341458580436	-61.1810601691425	7.13424261899424	286.6700830889327	-12.316281445718941	-41.1270823686524	62.75677775836741	89.53428092260653	654.0655736609096	101.21741447639153	61.1810601691425	1245.2075276678675	298.2234039280245	12.316281445718941	67.53335078213343	622.471807903895	201.71675961250105	15.379451683454151	17.189940940174615	0.6826154434317804	74.86938861763709	-6.4033002792025115	-6.4033002792025115	-362.32881846911897	-293.5479345397969	-190.9263238587317	51.544840485279444	-4.565328187270849	136.34857580132805
0.8912509381337459	49.80101393288339	0.8015204058253396	687.0203685081091	768.0763399094476	874.2105777966128	-574.8572380248377	-713.0104331378047	-881.8510501741887	388.8825740842318	-150.11637028692465	626.9725342705152	-142.01644950393478	237.20697762191517	-65.74617494168818	197.6364497036349	-57.63771235628058	6.78105946779098	274.7465955030002	-11.500889581443882	-39.73854383854171	61.1704723617707	85.50034769758972	650.5693847943007	96.96097268965077	57.63771235628058	1253.3037320140527	285.74682935154334	11.500889581443882	64.79259416101202	631.3733391852617	194.3514241511277	15.379451683454151	17.189940940174615	0.6826154434317804	71.22851805125563	-5.933199213025894	-5.933199213025894	-368.2245116089558	-294.46547339558253	-191.7419601062014	49.479642003087925	-4.131995564013051	127.03607108359229
0.9440608762859236	43.95045018792993	0.8021206698289522	679.4493308121977	761.9093528006326	869.0561587184144	-571.1144276588602	-706.5096261436657	-871.8076980764736	372.5931177629617	-141.13087243362696	606.1810554424646	-133.50911852315105	232.8312809591287	-61.97880655227207	188.58211895157925	-54.20343991559586	6.434679682585758	263.67940823298864	-10.720845741903071	-38.30608015732554	59.44999461004515	82.00989594291485	646.3728286887064	93.17278934020219	54.20343991559586	1259.3432508322248	274.3377235010699	10.720845741903071	62.028105645858346	639.1643844127436	187.46432749191536	15.379451683454151	17.189940940174615	0.6826154434317804	67.79247581509242	-5.395448575749226	-5.395448575749226	-373.85478234969383	-295.3062176719107	-192.51254636243536	47.56766317990226	-3.625359046097601	118.14499753205779
1.	38.78824331437914	0.8026809779085543	670.516342661912	754.0301100165055	861.8085286221377	-567.319827338564	-700.0657548378692	-861.9577348702182	353.7707196903676	-132.55418996946523	578.704480692382	-125.40200369399356	224.21814231027875	-58.339548770767145	179.09877607773825	-50.89331778686119	6.097310657555134	251.31590294900985	-9.97723052694655	-36.85187906850349	57.63700537279242	77.77657971329191	641.7465016203195	88.69892519416521	50.89331778686119	1263.8696372363777	261.34327772615416	9.97723052694655	59.272749515979214	646.1034943168519	179.54130719263992	15.379451683454151	17.189940940174615	0.6826154434317804	64.22128400931797	-5.033843572299948	-5.033843572299948	-379.21572545453154	-296.08031677003004	-193.24012802659428	45.40772743738893	-3.3249095178245685	109.81089405026349