#, 1.k[h/Mpc], 2.PSL,  3.f(k),  4.P22dd, 5.P22dt, 6.P22tt, 7.P13dd, 8.P13dt, 9.P13tt, 10.I1udd1A, 11.I2uud1A, 12.I2uud2A  13.I3uuu2A, 14.I3uuu3A,  15.I2uudd1B,   16.I2uudd2B, 17.I3uuud1B, 18.I3uuud2B, 19.I3uuud3B, 20.I4uuuu1B,  21.I4uuuu2B,  22.I4uuuu3B, 23.I4uuuu4B, 24.I2uudd1C ,   25.I2uudd2C , 26.I3uuud1C , 27.I3uuud2C , 28.I3uuud3C , 29.I4uuuu1C ,  30.I4uuuu2C ,  31.I4uuuu3C , 32.I4uuuu4C, 33.sigma2, 34.sigma2v, 35.f0, 36.Pb2b1,  37.Pbs2b1,  38.Pb22,  39.Pb2s2,  40.Pbs22,  41.Pb2theta,  42.Pbs2theta,  43.sigma32*pk 
0.001	1635.7920919619173	0.6826727980710453	0.00011525418777862544	0.00007987924468037035	0.00013884646546397312	-0.014265859056384503	-0.03561511638969495	-0.056968062631346454	0.005024060616188002	-0.04422721142884174	-0.03499181513994658	-0.044061163106455026	-0.03985121888587719	-0.08419716874773578	0.00019953782480226068	-0.1055623187921891	0.000029967275582630005	0.000010688012405945032	-0.03939741958061757	-8.51567073353019e-6	8.121166682198981e-8	2.3693948601839194e-6	0.08435510326525063	-0.00007040265515923267	0.1055623187921891	0.00005290185966182777	0.000010902495075905833	0.03939741958061757	0.00012324387460221686	1.559184989696637e-7	3.5669427335804395e-6	16.22885761689615	18.572227917433977	0.6826138224244257	-0.004560331415544936	-0.003103363822304047	-0.003103363822304047	-0.012542713405880845	-0.08557354054499443	-0.10822926329717501	-0.04979966832349357	-0.033096319146442024	0.07956323316423217
0.0010592537251772887	1725.8300340523494	0.6826799861233528	0.00014498043394024996	0.00010042746817061833	0.00017373353590587084	-0.016886728759074928	-0.042154611559178795	-0.0674273924799698	0.0059628015645740075	-0.05234967513483231	-0.041403842714550755	-0.052142514836945875	-0.047161239347636864	-0.09445714300295105	0.00025029341626985237	-0.11841748475741215	0.00003767747210555932	0.000014097395781783051	-0.04418917830167778	-0.000010702400824552726	1.0839220764596978e-7	3.132049035573476e-6	0.09465510813197839	-0.00008786634182649193	0.11841748475741215	0.00006652630572470787	0.000014397020634038714	0.04418917830167778	0.00015405685803129095	2.103169513394071e-7	4.719275419155544e-6	16.22885761689615	18.572227917433977	0.6826138224244257	-0.005102930978641498	-0.0034814811164420824	-0.0034814811164420824	-0.014072244261419538	-0.09600107368338655	-0.1213795336520093	-0.05585473284166917	-0.037107893126455335	0.09416326643477825
0.001122018454301963	1820.4954408115095	0.6826880489718943	0.00018238881918442848	0.00012628053231087012	0.00021734950722919317	-0.019985414031878146	-0.0498852079785055	-0.07979150421895595	0.007076540129324504	-0.061951865470549074	-0.048980485063272496	-0.061693544633265984	-0.055800919060562684	-0.10596555643411568	0.0003139064352675009	-0.1328348156763528	0.00004736448347650895	0.00001861596542804478	-0.04956176945791952	-0.000013449285776267318	1.4497063875998622e-7	4.153321750827055e-6	0.10621363697509006	-0.00010959320415473316	0.1328348156763528	0.0000836528341754261	0.000019033142479575486	0.04956176945791952	0.00019250085067154302	2.8379779730659447e-7	6.256538223782734e-6	16.22885761689615	18.572227917433977	0.6826138224244257	-0.005708243928734767	-0.0039056520097280295	-0.0039056520097280295	-0.01578816178031924	-0.10769738638949775	-0.13612059578261115	-0.06264320843088922	-0.041602412940985774	0.11141981562890624
0.001188502227437019	1919.9762909511887	0.6826970927693857	0.00022947330675499058	0.000158817618908206	0.0002718707882779091	-0.023647965974793825	-0.059021061962279346	-0.09440278774805232	0.008397727077592464	-0.07329985249507794	-0.0579303178125405	-0.07297790797220714	-0.06600889493427702	-0.11887386509865339	0.00039362007642580304	-0.14900332164073485	0.00005953272320937401	0.000024612300899226187	-0.05558511594581591	-0.000016899325987211524	1.933079133922421e-7	5.525684927111973e-6	0.11918466643746586	-0.00013659881940178157	0.14900332164073485	0.00010517743485315175	0.00002519272780979745	0.05558511594581591	0.00024044281611852145	3.824873674062814e-7	8.311292148195037e-6	16.22885761689615	18.572227917433977	0.6826138224244257	-0.006383044903085893	-0.00438149096822981	-0.00438149096822981	-0.01771313829041936	-0.12081638477707377	-0.15264318496261858	-0.0702532204188919	-0.04663723554131994	0.13180968301528403
0.0012589254117941675	2024.4621891172676	0.6827072364693538	0.00028859066870296033	0.00019962340943805568	0.0003398597105869746	-0.027975651889073912	-0.06981408806122638	-0.11166397468637208	0.009964619118040752	-0.08670663225037399	-0.06849879967395925	-0.08630561918161679	-0.0780659324036988	-0.13335178495327407	0.0004934107436892048	-0.16713467799706858	0.00007481453747235943	0.000032420443791866	-0.06233744160038231	-0.000021231729134810638	2.575211481369327e-7	7.295857279300726e-6	0.13374105653824156	-0.0001702115987256158	0.16713467799706858	0.00013222575585300508	0.00003322696214275852	0.06233744160038231	0.0003001992449001096	5.150530223679993e-7	0.000010983921703799882	16.22885761689615	18.572227917433977	0.6826138224244257	-0.007134756403423355	-0.004915325455749556	-0.004915325455749556	-0.0198726040417757	-0.13553053203029902	-0.1711605029406017	-0.0787833457875317	-0.05227637113381057	0.15589349888199266
0.001333521432163324	2134.144615172588	0.6827186133490036	0.0003629317221681092	0.00025092028138922205	0.00042473650196106006	-0.03308759506985268	-0.08256047509177457	-0.13204854391453918	0.011822694612068741	-0.1025402049635226	-0.08097386514009242	-0.1020410007785615	-0.0923018067268091	-0.14958946433614165	0.0006183558587681025	-0.1874658933625818	0.00009400243651684251	0.00004271551846108459	-0.06990622883864195	-0.00002667107183910328	3.457331226747202e-7	9.64329637061277e-6	0.1500768752676422	-0.00021195718974006394	0.1874658933625818	0.00016621320339917805	0.00004383136387193438	0.06990622883864195	0.0003746420975611505	6.937972788923871e-7	0.000014526682000292667	16.22885761689615	18.572227917433977	0.6826138224244257	-0.007971386197276787	-0.005514224105483411	-0.005514224105483411	-0.0222950895597519	-0.15203306205208914	-0.19191077244792948	-0.08834371608947418	-0.05859114945135009	0.18433010371936026
0.001412537544622754	2249.2145187570345	0.6827313727079045	0.0004564670233321532	0.00031545955312592763	0.0005307128761836206	-0.03912381399072404	-0.09760817778343536	-0.15611268314764065	0.01402574431470559	-0.1212328590633699	-0.09569347884429502	-0.12061181035226753	-0.10910379317255786	-0.16779991112682677	0.0007747779847587368	-0.2102622804007554	0.00011808765079873985	0.000056343627010858726	-0.07838928042116008	-0.00003349947281118326	4.655098021890574e-7	0.000012785669358924616	0.16841001428521304	-0.0002637304851208061	0.2102622804007554	0.00020891173618522286	0.00005788296353665103	0.07838928042116008	0.0004673299349699546	9.335771520160476e-7	0.00001925028862901034	16.22885761689615	18.572227917433977	0.6826138224244257	-0.008901590999673909	-0.00618613650878915	-0.00618613650878915	-0.025012534882870578	-0.17054040307513485	-0.21516003060100494	-0.09905738290515553	-0.06566105682077782	0.2178930759202586
0.0014962356560944327	2369.858431406703	0.6827456817614072	0.0005741348320424817	0.00039664695054634304	0.0006629736089311934	-0.046248724873279086	-0.11536553427708035	-0.184509044305338	0.016637310221257653	-0.14329192204362226	-0.1130539304009857	-0.14251980039367404	-0.1289262124908378	-0.1882216957556984	0.0009705432100640719	-0.23582075878416492	0.0001483125885433905	0.00007436184332603305	-0.08789589452835742	-0.00004206921022642848	6.238635526862982e-7	0.000016985163593868037	0.18898512540840975	-0.00032788436804290195	0.23582075878416492	0.00026253880102753894	0.00007648719945179701	0.08789589452835742	0.0005826664387899314	1.2547637772334326e-6	0.000025538420978112255	16.22885761689615	18.572227917433977	0.6826138224244257	-0.009934678540492977	-0.00694000644685649	-0.00694000644685649	-0.028060804165601524	-0.19129498898804054	-0.24120528033575633	-0.11106176916269934	-0.0735746065817035	0.2574897032241417
0.001584893192461114	2496.2605629666314	0.6827617277493186	0.0007217151553054477	0.0004983440705600932	0.00082755035255305	-0.05465531498846977	-0.13631152030474597	-0.21800310876563578	0.01973200445304562	-0.16931241392881946	-0.13352054041749808	-0.16835314040870555	-0.1523022280351973	-0.21112196230986577	0.0012152414295391804	-0.2644735270623972	0.0001862309445397885	0.00009773293529206501	-0.09854816441682787	-0.00005282163499087214	8.373543913910852e-7	0.000022373929667868808	0.2120769205701217	-0.00040752050311063527	0.2644735270623972	0.0003298838753385096	0.0001006624881381158	0.09854816441682787	0.0007260977970383016	1.6871240667195034e-6	0.00003368760342818193	16.22885761689615	18.572227917433977	0.6826138224244257	-0.011080686325889046	-0.007785954285482852	-0.007785954285482852	-0.031480077189657694	-0.21456826820201383	-0.27037787834971344	-0.1245103618821612	-0.08243034215041432	0.30418354175236156
0.0016788040181225606	2628.6025798521596	0.6827797202821315	0.0009073052638305441	0.0006262420702297604	0.0010327701132034676	-0.06456997386807324	-0.16100759393852254	-0.25749208529214196	0.023398728261767875	-0.19999177928065803	-0.15763665067721802	-0.1988008697614773	-0.1798557803134742	-0.236799784783381	0.0015212417657907485	-0.29659213739046336	0.00023378615546870173	0.00012858184990303847	-0.11048241280203772	-0.00006630926918527476	1.1300168712296057e-6	0.000029558740682547207	0.2379938850343043	-0.000506027125961015	0.29659213739046336	0.0004144429332321096	0.0001326072918133395	0.11048241280203772	0.000904352557542864	2.269489399040485e-6	0.0000445224996380063	16.22885761689615	18.572227917433977	0.6826138224244257	-0.01235004253311516	-0.008735233607114359	-0.008735233607114359	-0.03531541386628522	-0.24066414152433147	-0.30304731999584295	-0.13957417230990155	-0.09233768206033793	0.35922041393308735
0.0017782794100389228	2767.0582410715547	0.6827998939487865	0.0011407430644772192	0.0007871552769585466	0.0012886348372543595	-0.07625797311000308	-0.19011109823740333	-0.30402628741895266	0.027742211688119446	-0.23614645599609377	-0.18603807900228647	-0.23466912882135801	-0.21231724959893686	-0.26558990337455773	0.0019037967305055815	-0.3325920139598329	0.00029340420208789	0.00016934950824752884	-0.12385077237137193	-0.00008322467349951644	1.5252997729433305e-6	0.00003917040809344287	0.26708245432216926	-0.0006277023925543234	0.3325920139598329	0.00052058586420575	0.00017487320986969454	0.12385077237137193	0.0011257367929925826	3.05048588662939e-6	0.00005895417245733907	16.22885761689615	18.572227917433977	0.6826138224244257	-0.013753724274812251	-0.009800568881418252	-0.009800568881418252	-0.039617230697671896	-0.26992268597541963	-0.3396253233388198	-0.15644389570607894	-0.10341821203789876	0.4240577660150754
0.0018836490894898002	2911.784882129535	0.6828225112116538	0.0014339718779123028	0.0009892347926790516	0.001607146307638249	-0.09002966748931258	-0.22439037911450763	-0.3588332358738221	0.03288535002434263	-0.27873075415788146	-0.21946825750242918	-0.27689963159953473	-0.2505405316569432	-0.29786687070839396	0.002381696661419318	-0.3729374540508564	0.00036811949009357	0.00022282086945199303	-0.13882292340919258	-0.0001044310435739818	2.048704756697804e-6	0.000051838448111792573	0.2997317037458765	-0.0007779938141967658	0.3729374540508564	0.0006537730700197069	0.0002304056107301206	0.13882292340919258	0.0014004891050840595	4.09571394437296e-6	0.00007797759309375902	16.22885761689615	18.572227917433977	0.6826138224244257	-0.015303164600212318	-0.010996364431552339	-0.010996364431552339	-0.044442176533522296	-0.30272451566632286	-0.38057044046218297	-0.17533203888823196	-0.11580691217006144	0.5003976859455894
0.001995262314968879	3062.928904204511	0.6828478656159729	0.001801651070355542	0.0012424115298594462	0.0020028996815996997	-0.10624802593217637	-0.2647431246450965	-0.4233468951563385	0.038972563256063734	-0.328859380898736	-0.25879545599034953	-0.3265917047979536	-0.2955231440293923	-0.33404964856719077	0.002978119531449524	-0.41814715977139094	0.000461716325384568	0.00029232459469445324	-0.15558800150433355	-0.0001310087131074163	2.764216996201499e-6	0.00006822730201011048	0.33637861420939497	-0.0009637175592787125	0.41814715977139094	0.0008208776461543182	0.000302708875111648	0.15558800150433355	0.0017412208815138174	5.5013223640998995e-6	0.00010275610354275547	16.22885761689615	18.572227917433977	0.6826138224244257	-0.017010087571438598	-0.01233889542816138	-0.01233889542816138	-0.0498536542645002	-0.3394953125842801	-0.42639288055793284	-0.19647521535405008	-0.12965342792763312	0.5902269021635063
0.0021134890398366475	3220.6255595956604	0.6828762853424478	0.0022637991221978186	0.0015607760188195306	0.0024955849763266644	-0.12533722740327546	-0.3122171893558787	-0.4992408423216002	0.0461756834555549	-0.3878333876185423	-0.305028483606372	-0.38502765538890776	-0.34842724708628087	-0.3746067262377525	0.003722701901293964	-0.4688003421308466	0.000578913342498453	0.0003838799364399401	-0.17435668573509	-0.00016430703372292832	3.740891235064354e-6	0.00009005654589104521	0.3775140133351335	-0.0011923498981082675	0.4688003421308466	0.0010304790295055032	0.0003980642613597069	0.17435668573509	0.002163445496506232	7.3919820391643035e-6	0.0001356543347885863	16.22885761689615	18.572227917433977	0.6826138224244257	-0.01888576375048596	-0.013846284735088562	-0.013846284735088562	-0.055922704049953226	-0.3807110711607194	-0.47765991713964706	-0.2201361405578868	-0.14512319595258164	0.6958621256432999
0.00223872113856834	3384.99308256009	0.6829081371324772	0.0028448215547421368	0.0019613054739359872	0.003108880009967708	-0.14779236489001363	-0.3680340611457053	-0.5884656480577395	0.054696458821789605	-0.4571691528397631	-0.3593425840482321	-0.4537010607655976	-0.41060736537519527	-0.4200617792916709	0.004651936803592631	-0.5255434473521693	0.0007255945646904067	0.0005046148056120861	-0.19536347815063138	-0.00020600925156893758	5.052878702098535e-6	0.00011922593356177865	0.42368924462125745	-0.001473282196110522	0.5255434473521693	0.0012932710760068184	0.0005239816245372498	0.19536347815063138	0.0026862228627479593	9.924778542008868e-6	0.00017940782487095946	16.22885761689615	18.572227917433977	0.6826138224244257	-0.020941134098502318	-0.015539125114859083	-0.015539125114859083	-0.06272894699447557	-0.4269038688594907	-0.5350017166480114	-0.24660678201100678	-0.16239926228377474	0.8200008218729476
0.0023713737056616554	3556.1242687817744	0.6829438306170599	0.003573050162975233	0.0024630499318149313	0.0038698461530681646	-0.17419038360040484	-0.43361515789452026	-0.6932907281812086	0.06476950760247303	-0.5386308100878945	-0.4231083320176552	-0.5343483751935154	-0.48364143535998544	-0.4709999220092599	0.005809985297000191	-0.5890975564062404	0.0009090812884062832	0.0006615515702401741	-0.21886918637586858	-0.0002582151083303819	6.795408327111477e-6	0.00015709993177969388	0.4755236587908325	-0.001818992472633541	0.5890975564062404	0.0016226187844483517	0.0006880010032917672	0.21886918637586858	0.0033329422424432068	0.000013315472866754849	0.00023647105512056673	16.22885761689615	18.572227917433977	0.6826138224244257	-0.023186762021701175	-0.017441081091942597	-0.017441081091942597	-0.0703614921638158	-0.47866814451563444	-0.5991175635886213	-0.2762116522533236	-0.18168412132167083	0.9657780358866179
0.0025118864315095794	3734.0905859757104	0.6829838230792966	0.004485973214252675	0.0030919720054512568	0.004814052151321607	-0.20520316942695738	-0.5106131866080746	-0.8163542294015036	0.07667268634157573	-0.6342688672451169	-0.4979121040406045	-0.6289865843735278	-0.5693607035220638	-0.5280745828274658	0.007252505388235579	-0.6602664979069217	0.0011384846850295992	0.0008659113245488828	-0.2451636164378976	-0.0003235405802088715	9.180719491966741e-6	0.00020648950534601988	0.5337130059703229	-0.00224361215343686	0.6602664979069217	0.0020353151359536327	0.0009019354029688722	0.2451636164378976	0.004132263202562161	0.00001787811634799486	0.00031114280026958404	16.22885761689615	18.572227917433977	0.6826138224244257	-0.025631314919381264	-0.019578583179819618	-0.019578583179819618	-0.07892008471988296	-0.5366676930217374	-0.6707825882291847	-0.3093099611302884	-0.20320067054654745	1.136833913249466
0.0026607250597988083	3918.941245310671	0.683028624680549	0.005632607527272076	0.0038826614460634357	0.005987441074419157	-0.24161239320542144	-0.6009475391601807	-0.9607193084991023	0.09073426730879582	-0.7464643060419429	-0.585589125527515	-0.7399561703983533	-0.6698888463027709	-0.5920151565148137	0.00904956290460736	-0.7399457273488521	0.0014251247767031892	0.0011344055153576875	-0.2745684831857531	-0.0004052446915684751	0.000012415633257275894	0.0002721666132114715	0.5990389413006734	-0.0027630730766099987	0.7399457273488521	0.0025522223766593407	0.0011833930732451333	0.2745684831857531	0.005119255005382801	0.000024006624287465615	0.0004100902660644736	16.22885761689615	18.572227917433977	0.6826138224244257	-0.028280552689898174	-0.021981337334431087	-0.021981337334431087	-0.0885165596484921	-0.6016435648575651	-0.7508551458974512	-0.3462986892768661	-0.22719401848907383	1.337389570426889
0.002818382931264455	4110.69550606921	0.6830788041780386	0.0070731345073474046	0.004877289307693332	0.007445574467832052	-0.2843260769132579	-0.7068435147137497	-1.1299364400435776	0.10733882425403664	-0.8779764487477653	-0.6882639023728245	-0.8699676465536438	-0.7876869940997339	-0.6636353747409169	0.011287360365230781	-0.8291320256186203	0.0017830455939916764	0.001487523993340318	-0.3074405447805656	-0.0005073855791663323	0.000016722711308498573	0.00035978442702302787	0.6723796563244622	-0.0033969806934579655	0.8291320256186203	0.0031992934882497017	0.001554130213479864	0.3074405447805656	0.006336770564397418	0.00003221270915986387	0.0005414016152556383	16.22885761689615	18.572227917433977	0.6826138224244257	-0.031136951263315955	-0.0246833031009449	-0.0246833031009449	-0.0992758805467424	-0.6744223225879409	-0.8402843561103936	-0.38761667650157616	-0.2539337299845048	1.5723306858266761
0.0029853826189179603	4309.331329930081	0.6831349951584975	0.008872859896493921	0.0061187945311342124	0.009247203524579422	-0.334397020090796	-0.830875574804756	-1.3281120530965407	0.12692575335873987	-1.0319962338273454	-0.8084108775340668	-1.0221532871252679	-0.9256114112439291	-0.743842454158204	0.014067438620816997	-0.9289340483103147	0.0022296753949793318	0.0019418330956662963	-0.34417496092342	-0.0006350018793000665	0.000022469586673595783	0.0004717043338888996	0.7547217795802013	-0.004173734081022436	0.9289340483103147	0.004008935495135843	0.002032324489159424	0.34417496092342	0.007837082900909174	0.000043201434697769224	0.000710665817154393	16.22885761689615	18.572227917433977	0.6826138224244257	-0.03420063990053581	-0.027724707138864442	-0.027724707138864442	-0.11133799040328023	-0.7559255240246726	-0.9401183418614082	-0.43375042856917506	-0.2837170498342679	1.847299146642943
0.0031622776601683794	4514.7912771741985	0.6831979028071652	0.011128611891027354	0.007676337355461018	0.011480145622691864	-0.3930448675229218	-0.9760189815934184	-1.5599904546873582	0.15002552289054952	-1.2122095598976208	-0.9488505755520223	-1.2001287044344982	-1.0869441844898373	-0.8336470953605286	0.017522553643897074	-1.0405837441409422	0.0027865914529427	0.002534378917732676	-0.38520886796477166	-0.000794353161881127	0.000030303709825671248	0.0006188019491726707	0.8471737196462497	-0.005119826593258083	1.0405837441409422	0.005021720619674757	0.0026569857392872926	0.38520886796477166	0.009683850697232918	0.00005797279839633244	0.0009330814337094001	16.22885761689615	18.572227917433977	0.6826138224244257	-0.03746205725776002	-0.03114888547219487	-0.03114888547219487	-0.12485940895139513	-0.8471797849057277	-1.051512705547912	-0.48523208840087306	-0.3168668832562618	2.1688019599357795
0.003349654391578276	4726.9814691908305	0.6832683112242866	0.013958745099514685	0.009633756188349574	0.01424982156756115	-0.46168082603013755	-1.1457070502398718	-1.8310445360452032	0.17725717583578943	-1.4228675064844576	-1.1128326441717264	-1.4080610323623575	-1.2754718083177927	-0.9341745772510747	0.021815465207403427	-1.165448712756474	0.00348045630803074	0.003310396193418661	-0.4310251716052673	-0.0009932202062630725	0.00004084604540644753	0.0008139760644943282	0.9509808123383445	-0.006267670532104592	1.165448712756474	0.006287824155607211	0.0034762725553681042	0.4310251716052673	0.011954478579134528	0.00007776498790112073	0.0012270082058666643	16.22885761689615	18.572227917433977	0.6826138224244257	-0.04090322417879617	-0.03500591647908034	-0.03500591647908034	-0.14001497284256628	-0.9493279155693384	-1.175739568310643	-0.5426466031035785	-0.3537364960808241	2.5443312635533877
0.0035481338923357532	4945.760575332593	0.6833470912885998	0.017507640015540928	0.012092555563639681	0.017682656299153277	-0.5419346619531347	-1.343892941608873	-2.1475735350566763	0.20933935259406602	-1.6688619910581628	-1.3040973038814887	-1.6507422612614506	-1.495555433539552	-1.0466766637568028	0.027145228692213513	-1.3050454783164829	0.004344232933496888	0.004324902273839254	-0.4821565306842823	-0.0012412295913536307	0.000054784486822862434	0.0010723639867545591	1.0675421284614095	-0.00765696507529229	1.3050454783164829	0.007869375726272727	0.0045493007026528795	0.4821565306842823	0.014742886472190244	0.00010418347702267707	0.0016145981542460208	16.22885761689615	18.572227917433977	0.6826138224244257	-0.044495325151131596	-0.03935375722849608	-0.03935375722849608	-0.15700068834116152	-1.0636414887937364	-1.3141971049149694	-0.6066356171409514	-0.39471147474922375	2.982492444607323
0.003758374042884443	5170.923532422579	0.6834352090573758	0.021927565238497468	0.015152264458544076	0.021907187451251534	-0.635684022076095	-1.5751157938360751	-2.5168074745770643	0.24708055426749692	-1.9558053514890574	-1.5269830307434722	-1.9336662163109233	-1.752226333787939	-1.1725443466425602	0.033742369331351024	-1.4610536822735138	0.005418533537979142	0.005620980252507125	-0.5391895118688828	-0.0015503035950039888	0.00007346404197535662	0.0013995947548224512	1.1984291277301948	-0.009348246005997773	1.4610536822735138	0.009844134110409535	0.0059240332657890145	0.5391895118688828	0.018162836045670885	0.00013954954487051434	0.00211087090869621	16.22885761689615	18.572227917433977	0.6826138224244257	-0.048201901474648104	-0.04426308343017286	-0.04426308343017286	-0.17603495241477254	-1.1915330161070905	-1.468418262287709	-0.6779074091621319	-0.44021509819113946	3.493139626917126
0.003981071705534973	5402.212047985257	0.6835337346691932	0.02746319050836078	0.018992490268729307	0.027136274284297338	-0.7450900651606762	-1.8445807212071972	-2.9470334417154214	0.29147824514854453	-2.2901287024212205	-1.786337791489268	-2.2631240666972547	-2.05119355289133	-1.3133218627851804	0.041917366482865856	-1.6353311483046082	0.00675338924011838	0.00731031127823995	-0.6027688831806369	-0.0019351867493699326	0.00009874790675322594	0.001831198111272893	1.3454067853746365	-0.011385640896085375	1.6353311483046082	0.012308564927494494	0.007718551977916498	0.6027688831806369	0.022351813531328944	0.00018689905940433616	0.0027636132074220533	16.22885761689615	18.572227917433977	0.6826138224244257	-0.05195550728207079	-0.04980634915188044	-0.04980634915188044	-0.19736278335397933	-1.334571255401061	-1.6400811971830787	-0.7572209166418638	-0.4906977121253746	4.087539100968009
0.004216965034285823	5639.314525962359	0.6836438516936487	0.03439731542466237	0.023815372980025774	0.03360935001872062	-0.8726366300527115	-2.1582453228933947	-3.4477318640465846	0.3436738592578721	-2.6791860065654576	-2.0877289509673647	-2.646305219507995	-2.399005842818316	-1.4707218976533667	0.05204107168949736	-1.8299298375973785	0.0084101933291714	0.009514072356647956	-0.6736019976629432	-0.0024141230758887165	0.00013248324982449288	0.0024021600387486492	1.5104573188154888	-0.013829783058305947	1.8299298375973785	0.015381468625883774	0.010063256450077317	0.6736019976629432	0.02747567287253826	0.0002500629997820119	0.0036232279967081233	16.22885761689615	18.572227917433977	0.6826138224244257	-0.05566847058481619	-0.05607084454883675	-0.05607084454883675	-0.22125713119652618	-1.4944955860817004	-1.831018338772294	-0.8454045216454177	-0.5466497293310653	4.778543673478558
0.0044668359215096305	5881.850896025266	0.6837668668413545	0.04305581168880529	0.02984729958342852	0.0415944656950405	-1.0211715570180655	-2.522908810242027	-4.029716500783126	0.4049690773365016	-3.1313611930337473	-2.437532471277641	-3.0914010010676014	-2.803153954176687	-1.646641530215456	0.06455527638582499	-2.0471125578218823	0.010464314771719576	0.01236187448330769	-0.7524632062455365	-0.003009566929714086	0.00017679873061070145	0.003144950204745508	1.6958063202739395	-0.016762652671941134	2.0471125578218823	0.019209336850725994	0.013100461651050947	0.7524632062455365	0.03373396768423463	0.0003340490972761659	0.004741942548381597	16.22885761689615	18.572227917433977	0.6826138224244257	-0.05922866674268781	-0.06316179863247463	-0.06316179863247463	-0.24802279574803263	-1.6732326882872584	-2.0432258539614754	-0.9433601869586462	-0.6086040453518033	5.580768659350766
0.0047315125896148025	6129.3502960288815	0.6839042199091716	0.05382261890674408	0.0373513245069542	0.05140219525414883	-1.1939500215353722	-2.9463027151067345	-4.7052763565999065	0.47684106322314873	-3.656176382684384	-2.843023478158998	-3.607709296410518	-3.272173164338042	-1.8431785263505793	0.07998780880647864	-2.2893702514180787	0.01300806624104228	0.015999446393706103	-0.8401982158516695	-0.0037491390067342254	0.00023627852650067615	0.0040909424918387305	1.9039511829528382	-0.02028940010094197	2.2893702514180787	0.023975403296952916	0.01699037535453344	0.8401982158516695	0.04136621935467306	0.0004460659519310709	0.006177844408073595	16.22885761689615	18.572227917433977	0.6826138224244257	-0.06249308197274042	-0.07120292992651596	-0.07120292992651596	-0.2780006021005566	-1.8729135472261742	-2.278871875345616	-1.0520654721444542	-0.6771350781831075	6.5107662460642395
0.005011872336272725	6381.269114207186	0.6840574937887972	0.06727742317788164	0.04675851191883024	0.06351524274569056	-1.3946886731588506	-3.4372042818504323	-5.488353152969112	0.5611210441391689	-4.264425473898821	-3.3121815575189473	-4.205764519675623	-3.8156239465039903	-2.0626499825350963	0.09903528457538456	-2.559439755032037	0.01615399048394199	0.020718829224463865	-0.9377283175444804	-0.004666912397406494	0.0003159860194705717	0.005334088243644539	2.1376941388206587	-0.024478390240514687	2.559439755032037	0.029904683539456654	0.022045204590980666	0.9377283175444804	0.05065929325703568	0.0005952004380374217	0.008058584405380615	16.22885761689615	18.572227917433977	0.6826138224244257	-0.0652477755776142	-0.08032177658841881	-0.08032177658841881	-0.3115700427703219	-2.0958915655099255	-2.540305156449483	-1.1725431545387426	-0.7528424249867154	7.587244093998668
0.005308844442309885	6636.993327911721	0.6842284243115009	0.08409321691502548	0.058559251465279766	0.0784788173635378	-1.6276236464313154	-4.005553934712192	-6.3947242612496185	0.6598853273213438	-4.968314992782761	-3.8540736415849217	-4.897474741566721	-4.4443626512557834	-2.3076112064762997	0.12252592437365044	-2.8603218317262264	0.020039271581559978	0.026846146510282276	-1.0460543410222332	-0.005804696353447336	0.0004212593926222888	0.006972316514789498	2.4001781419672508	-0.029423924147573912	2.8603218317262264	0.0372724660276952	0.028619440540182197	1.0460543410222332	0.061955759514616474	0.0007928748215963545	0.010524624862323159	16.22885761689615	18.572227917433977	0.6826138224244257	-0.06722786429411926	-0.09067437065064246	-0.09067437065064246	-0.3491546748282952	-2.3447625287991767	-2.830062753516824	-1.3058909532833585	-0.836372669313086	8.831285368527764
0.005623413251903491	6895.811904434254	0.6844189096308252	0.1049641812157022	0.07322493534601059	0.09682205795802647	-1.8975663103664024	-4.662561833478825	-7.442167459777861	0.7753790294216562	-5.781585884796676	-4.479155124392744	-5.696239925466615	-5.170763425362123	-2.580874729806183	0.15139784317355137	-3.1952991248062363	0.02483066799630257	0.034657620658885974	-1.1662602108267786	-0.007213626530012463	0.0005589013413844875	0.009062112800754685	2.694925877126717	-0.03529618614866895	3.1952991248062363	0.04641707823356184	0.037026930964674167	1.1662602108267786	0.07566351912173175	0.0010542617117267282	0.013686958685282104	16.22885761689615	18.572227917433977	0.6826138224244257	-0.06812983528133365	-0.10246475864771973	-0.10246475864771973	-0.3912258531677752	-2.622383349014602	-3.150874747503711	-1.4533036019003995	-0.9284348904309402	10.266536117952352
0.005956621435290103	7156.8753549410285	0.6846310187721613	0.13087004033972544	0.09146844848818926	0.11932115476704375	-2.2099553838173556	-5.420797529332362	-8.650597135220885	0.9103080914450208	-6.719610692123368	-5.198803106336182	-6.6170461463290255	-6.008541282762299	-2.8855283173572777	0.18684393336799737	-3.5679535172536685	0.030730123108386204	0.04463035613051737	-1.2995159519068633	-0.00895634445542038	0.000742835431477993	0.011738160390902268	3.0258811655315148	-0.04222661293264972	3.5679535172536685	0.05776040719445361	0.047787289011478135	1.2995159519068633	0.09226687975201421	0.00140072740894304	0.017753439734347443	16.22885761689615	18.572227917433977	0.6826138224244257	-0.06754068403748799	-0.11590641721811867	-0.11590641721811867	-0.43830932749402385	-2.93189145746272	-3.505666841236601	-1.616010837029679	-1.0297564996745627	11.919345363338323
0.00630957344480193	7419.238497719382	0.684866998892987	0.1631438649572426	0.11429671602810268	0.1470437888627359	-2.570933254777935	-6.2943309706356425	-10.042281109662772	1.0679442918441695	-7.7995572909691155	-6.02532809203461	-7.676627188650989	-6.972867691687265	-3.2249574903383316	0.23037550091816308	-3.9821825662773827	0.03798135472323858	0.05749671935657031	-1.4470799267776382	-0.011109497636333655	0.0009865510219522397	0.015238445496037424	3.3974587135464316	-0.050288191653056244	3.9821825662773827	0.07181351520101643	0.061694393104787304	1.4470799267776382	0.11233907243411846	0.0018583246419807803	0.023052469047412292	16.22885761689615	18.572227917433977	0.6826138224244257	-0.0649081283649471	-0.13123123204926207	-0.13123123204926207	-0.4909897051624	-3.276727021075217	-3.897565356878263	-1.795258831305781	-1.1410869927973388	13.819006265931645
0.006683439175686149	7681.869928295363	0.6851292806858154	0.2033516410912858	0.14287980377663817	0.18121572090378285	-2.987421463454179	-7.298860943065851	-11.642035496475751	1.2519928335718404	-9.040533286200487	-6.972419584021726	-8.893607634739015	-8.080683666767692	-3.6028650411536827	0.28378472214777295	-4.442214677215898	0.04687750270046385	0.07410568218626017	-1.6103001127375551	-0.013766517266755757	0.0013041727287175034	0.01982922137253902	3.8145951188218947	-0.05957604479784198	4.442214677215898	0.0891971794836052	0.07968177193298102	1.6103001127375551	0.1365563387894921	0.0024600694608650133	0.029963247106967586	16.22885761689615	18.572227917433977	0.6826138224244257	-0.059561296496408504	-0.1487231119561002	-0.1487231119561002	-0.5499172408919606	-3.660653428139599	-4.329896230079047	-1.9923403875369314	-1.2632237319024051	15.997955829226138
0.00707945784384138	7943.616661153268	0.6854204812634201	0.25283625608152144	0.17808547692885604	0.22275438563994235	-3.467182634388926	-8.45179832038774	-13.477345231763863	1.4660052193102744	-10.46366175568435	-8.056434610794579	-10.288578807749396	-9.35140288054699	-4.023287818237636	0.3489363265899433	-4.952622078488842	0.057770702740538936	0.09494392957739922	-1.790614209444627	-0.017040719016177073	0.0017177594849950646	0.025556276146989323	4.28280181405602	-0.07046125951329843	4.952622078488842	0.11067284846528051	0.10234184087714868	1.790614209444627	0.16571334839727705	0.0032501287219939045	0.038678139818168596	16.22885761689615	18.572227917433977	0.6826138224244257	-0.05081670422175482	-0.16880440577926262	-0.16880440577926262	-0.615816286480981	-4.087775861546645	-4.806178940453386	-2.2087090649789296	-1.397088677717208	18.49185853753019
0.007498942093324558	8203.149175194934	0.6857434037502712	0.3141280985474046	0.22188476517344718	0.2736778602777186	-4.018864193893901	-9.772291726797652	-15.578390292849292	1.7150272757702798	-12.092076305526657	-9.293133968260296	-11.884096616954492	-10.805300584124124	-4.490611758510289	0.42849583223380483	-5.518330191788817	0.07108050103330413	0.12152607383593432	-1.9895482241502438	-0.02107020478492489	0.0022650821740625745	0.032929969100864154	4.808221326942747	-0.08291228229929315	5.518330191788817	0.13718055311399205	0.13131286380155488	1.9895482241502438	0.2007408677628836	0.004288300541118465	0.04989929609983679	16.22885761689615	18.572227917433977	0.6826138224244257	-0.03761675268192481	-0.19181487343152437	-0.19181487343152437	-0.6894909711462184	-4.5625560250040955	-5.330116361399204	-2.4456229259346522	-1.5434957421790612	21.339547060374
0.007943282347242814	8459.030333004675	0.6861010326977314	0.39016380574410353	0.2765371763985768	0.3362654408105977	-4.652088860162372	-11.281351771688453	-17.978225958966863	2.00471671167935	-13.951067921156692	-10.699686683040435	-13.704833759718708	-12.464643335473435	-5.009594441552154	0.5255943026398	-6.144623774168259	0.08730489455306972	0.15559030293041076	-2.208713364209765	-0.026022726408536454	0.0029802418595900933	0.04251997006931854	5.397696416566693	-0.09690444554895676	6.144623774168259	0.16984351766592626	0.16851173271441494	2.208713364209765	0.2427247760320998	0.0056461881290069075	0.06442942102929108	16.22885761689615	18.572227917433977	0.6826138224244257	-0.018700208396455795	-0.218185116561137	-0.218185116561137	-0.7718342824474058	-5.089836358592716	-5.905593223815242	-2.70432574452477	-1.7033151325520217	24.583157881095584
0.008413951416451947	8709.735367036605	0.6864965243439292	0.48432929291822224	0.3446194150165977	0.4130812200341675	-5.377531631280662	-13.001924806285166	-20.71287897449275	2.3413479319587456	-16.06813162917166	-12.294764488888168	-15.777634563346155	-14.353799322857872	-5.585376571713634	0.6438810332869505	-6.837148330001152	0.10703317968633806	0.1991103689997554	-2.4498008652721848	-0.03210064293157081	0.0038984400765098414	0.05494940775693128	6.058833673805155	-0.11242982888035685	6.837148330001152	0.21001063471769796	0.2161547481380519	2.4498008652721848	0.2929261232216617	0.0074136317166654826	0.08318044351032455	16.22885761689615	18.572227917433977	0.6826138224244257	0.007421419041910367	-0.24845134960677448	-0.24845134960677448	-0.8638396368814834	-5.674854618378537	-6.536659392107249	-2.986027015794504	-1.8774737374698285	28.268133971789535
0.008912509381337459	8953.590480829089	0.6869331275951077	0.5992139952415028	0.427776298711269	0.505730243566893	-6.206941906240973	-14.958814606269824	-23.821195436529425	2.7301495639928417	-18.472792796526534	-14.10170453735218	-18.131351493370694	-16.500752070888574	-6.223480439676262	0.786903329905051	-7.601905287671009	0.13095831849050085	0.2530075898901969	-2.714574553534261	-0.039547856146938926	0.005089239731386842	0.07022619470307004	6.800059620571607	-0.13016550717521083	7.601905287671009	0.25934285592575784	0.2754429139814669	2.714574553534261	0.3528030958223874	0.009714127185880368	0.10654032158997322	16.22885761689615	18.572227917433977	0.6826138224244257	0.04215231728552448	-0.2834623081270502	-0.2834623081270502	-0.9666061276936998	-6.323241026962567	-7.227494297036336	-3.2922113168283085	-2.067144736647371	32.442870211560795
0.009440608762859235	9188.673532962452	0.6874144148779084	0.7409739488300883	0.5310721921725395	0.6192047098986634	-7.153094786878456	-17.178416061724782	-27.344392953137522	3.1806578117767272	-21.196247068298263	-16.137516028709587	-20.796508614678356	-18.931488229261802	-6.9298188471953415	0.9603491718818266	-8.44523877664871	0.15988595271113415	0.32149915863757483	-3.00486083108582	-0.0486602181085455	0.006642699973381507	0.0899098417145704	7.630692536139846	-0.14931198752768807	8.44523877664871	0.31984591802032636	0.3509464008739773	3.00486083108582	0.424035086809824	0.012703569813619288	0.1365451258827605	16.22885761689615	18.572227917433977	0.6826138224244257	0.0879275675059797	-0.32370535576102283	-0.32370535576102283	-1.0813507943589946	-7.0410303773749225	-7.982393309185705	-3.623518656308934	-2.2730584380108096	37.15792630281671
0.01	9412.95698833103	0.6879438673501451	0.9158266563332881	0.6594252953976956	0.7582637898038048	-8.2298719437386	-19.688741409206415	-31.32605739741281	3.7024166920066026	-24.271354006049386	-18.421614426505464	-23.80530702953216	-21.67444880572371	-7.7107034956150455	1.1703679586830573	-9.373815383521942	0.1947499623246759	0.4085504276356691	-3.3225356835343756	-0.05979307665574381	0.00863909968670639	0.11533016301686976	8.561018514531787	-0.16936720136885935	9.373815383521942	0.39388435453453824	0.447125682429582	3.3225356835343756	0.508545212554799	0.016568624928368202	0.1750978668571153	16.22885761689615	18.572227917433977	0.6826138224244257	0.14737067291174702	-0.36995817808020354	-0.36995817808020354	-1.2094246925275154	-7.834676149514157	-8.805753158185942	-3.9805908618225003	-2.496143888916196	42.46585481271388
0.010592537251772886	9624.351109329631	0.6885250927173239	1.1299195988358834	0.8174609255419345	0.9272761282397478	-9.452284176912787	-22.519286896563514	-35.81189493053775	4.304681944661732	-27.732374572558175	-20.976220861407217	-27.191394032647054	-24.760670306073074	-8.572832510178431	1.4235285589808881	-10.394595487256792	0.23662281298169743	0.5176977540416104	-3.6695089912026018	-0.07337227417348449	0.011163355531459267	0.14747655746357075	9.602350419900164	-0.1902273428733672	10.394595487256792	0.48426710625216585	0.5681680779685409	3.6695089912026018	0.608525166514415	0.02154166969036582	0.22389044338055397	16.22885761689615	18.572227917433977	0.6826138224244257	0.22326924379972168	-0.42333923841184157	-0.42333923841184157	-1.3523179768260902	-8.711036240831065	-9.70202899639177	-4.364084778532498	-2.7375620976368347	48.420648435239514
0.011220184543019636	9820.63204407844	0.6891617065021853	1.3896055461540926	1.0098391792850954	1.1306006710275294	-10.836355577595683	-25.700550876064984	-40.848914793114844	4.996333706896828	-31.614220650320036	-23.82563042452876	-30.989141309614585	-28.22300035261096	-9.523236735710812	1.7268808528041697	-11.514790595210982	0.28672302370521974	0.6522640504996161	-4.04770538611091	-0.08990828032966937	0.014411678488534028	0.18704946291184485	10.767047808302086	-0.2121188800434416	11.514790595210982	0.5944628993871156	0.7180982577599927	4.04770538611091	0.7264589109196221	0.027944833807830746	0.2845528888568701	16.22885761689615	18.572227917433977	0.6826138224244257	0.31860448792667867	-0.4852082380122906	-0.4852082380122906	-1.511685305376595	-9.677331580512272	-10.675659120005667	-4.774607656253186	-2.9985801822653917	55.076415238063895
0.011885022274370183	9999.327988556659	0.6898572717568706	1.707672423487607	1.2474285668568712	1.3786978372632819	-12.398850041525879	-29.26317123600948	-46.48400250222935	5.794081869696995	-35.95141405119905	-26.97895577666122	-35.23263678523843	-32.087088033770165	-10.569289746174068	2.091238413932763	-12.741808514333327	0.34641249180394995	0.8216111858377811	-4.459042373445832	-0.11001626612774609	0.018578544540017467	0.2376096445449278	12.068600447043162	-0.232440975995262	12.741808514333327	0.7285355619115976	0.9072211627639973	4.459042373445832	0.8651476412050535	0.036158981723643346	0.3617570546986991	16.22885761689615	18.572227917433977	0.6826138224244257	0.4381784701148349	-0.5562979870702355	-0.5562979870702355	-1.6893513438334677	-10.74115504316643	-11.731079300675841	-5.211074570325832	-3.279700815010573	62.48522278511706
0.012589254117941675	10157.924178621295	0.6906152266787385	2.0969612602893655	1.5408521543215639	1.6815969991947213	-14.157254771754396	-33.23767381881165	-52.76345812347295	6.714308291918754	-40.77769641510009	-30.44618968689314	-39.955328417773266	-36.37933199256214	-11.718674997361465	2.5280227771294275	-14.083188878653043	0.4172005002181608	1.0346880356047359	-4.905404827437463	-0.1344288751777687	0.02383447549635471	0.30233576798097256	13.521666462014858	-0.24896455158748687	14.083188878653043	0.8912087368975149	1.1457616755046294	4.905404827437463	1.0277281437590469	0.046640152790764264	0.4599991928681631	16.22885761689615	18.572227917433977	0.6826138224244257	0.5870352806335128	-0.6378429624451344	-0.6378429624451344	-1.8873358922166057	-11.910451303298306	-12.872688920057628	-5.672272166199216	-3.581788380828745	70.6962507848204
0.01333521432163324	10293.934382090913	0.6914388019857175	2.5661576864127897	1.8962604916565586	2.0446385597283827	-16.129625997102465	-37.6538956336003	-59.73201023721748	7.767123043007803	-46.12512332426014	-34.24920987117279	-45.18915013434449	-41.13198379638647	-12.979317411885472	3.047091918788182	-15.54652878137275	0.5007292005393056	1.2957417097889505	-5.388617817312446	-0.16401859881189315	0.030390299426937224	0.38182978360068387	15.142069228723397	-0.2619671625038365	15.54652878137275	1.0880568058658002	1.43954931279404	5.388617817312446	1.2176948343002107	0.059958182785849766	0.5814876747844455	16.22885761689615	18.572227917433977	0.6826138224244257	0.7693773180499541	-0.732269244065175	-0.732269244065175	-2.1078644256235584	-13.193452037456334	-14.104780443326796	-6.157908857552462	-3.906753540673184	79.75423918375957
0.01412537544622754	10404.792364758308	0.6923309291662895	3.13129604106509	2.327115343044226	2.4805172139848133	-18.334085592744493	-42.53961029599001	-67.43055809993905	8.970903993993762	-52.02211778569576	-38.390047091862414	-50.9626032830535	-46.36599065331572	-14.359235744721895	3.6622425336162476	-17.139384836732933	0.5987393802247669	1.6158248881346093	-5.910416530546349	-0.19982855629625357	0.038734185722184296	0.4797856713855421	16.946703954876337	-0.26853491227177845	17.139384836732933	1.3259445208673926	1.8012750856089954	5.910416530546349	1.4389154694846484	0.07689302622988337	0.7320143796221809	16.22885761689615	18.572227917433977	0.6826138224244257	0.991303996349477	-0.841110861254897	-0.841110861254897	-2.353391258722986	-14.598542205736688	-15.431410371348848	-6.665757748911477	-4.255427361271174	89.69625504817053
0.014962356560944336	10487.67404313574	0.6932941417563504	3.8166633463926294	2.8548523270256916	3.009668117705808	-20.787911574167833	-47.91827300025328	-75.8925201384898	10.354514872108036	-58.49098833381286	-42.84460396016425	-57.29827561858529	-52.08694852939036	-15.866591716696979	4.3920604302462465	-18.869167751373087	0.7130204152399097	2.0137973946355934	-6.472414957620479	-0.24310716400625973	0.04924690740989794	0.6036076825896659	18.953625478663895	-0.2618868975134829	18.869167751373087	1.6126456586752294	2.2520763112049313	6.472414957620479	1.6956461102631684	0.09832465470491983	0.9213646128981354	16.22885761689615	18.572227917433977	0.6826138224244257	1.2612142292329098	-0.9652891991466349	-0.9652891991466349	-2.6266251108985235	-16.13432438428212	-16.856544656628216	-7.191258792276291	-4.62789722038196	100.54667842392405
0.015848931924611134	10539.854758422192	0.6943304721887313	4.646839797056354	3.5009146009612078	3.652264067844981	-23.507354168971748	-53.8085356090041	-85.14299398205972	11.946807090015538	-65.54718142411905	-47.582812927614995	-64.21208728455336	-58.294767773232145	-17.509583546757675	5.255793254848553	-20.743036369583162	0.8453492237270317	2.508288163304036	-7.076073895550679	-0.2953356076608672	0.06225372819045173	0.7603586031919028	21.181963504640944	-0.23532360965921748	20.743036369583162	1.9570695572393424	2.813509375530092	7.076073895550679	1.9925396592209395	0.12530155492241127	1.1593483613529374	16.22885761689615	18.572227917433977	0.6826138224244257	1.5877455007485066	-1.106406646384098	-1.106406646384098	-2.9305508551276147	-17.80952735733375	-18.383994812372556	-7.729530241907361	-5.024814178115102	112.31602448040623
0.016788040181225608	10558.828603041111	0.6954413480130185	5.625969209313925	4.265929142414425	4.407259214893703	-26.50710800503625	-60.2230441932323	-95.19678450046247	13.746817025293378	-73.19750029899448	-52.62634817717926	-71.71147524763559	-65.01155722515742	-19.29624857735279	6.262496034124595	-22.76778387492278	0.9974034998560131	3.0966618887378816	-7.722670654068677	-0.3582639295294761	0.0783202929355636	0.9460820625912745	23.6517236666763	-0.192683699262887	22.76778387492278	2.3698189712951647	3.4862076174030836	7.722670654068677	2.3346503579567885	0.15918713201976759	1.4453710318360256	16.22885761689615	18.572227917433977	0.6826138224244257	1.974393554785861	-1.2699243469616377	-1.2699243469616377	-3.2684542610689205	-19.63282849885205	-20.017268709208413	-8.280720254037673	-5.450610572377991	124.99834012749817
0.01778279410038923	10542.299643068774	0.6966274921730726	6.795431414701313	5.188497105196949	5.3122559781827405	-29.799396980561163	-67.16647629290067	-106.05524578793573	15.803254093655214	-81.43752490819988	-57.884817026340784	-79.79276651925436	-72.19725516159038	-21.234253302319054	7.43959426471294	-24.949696236066988	1.1706005923397953	3.813307587783086	-8.413269816484865	-0.4339841274838399	0.09852686127489016	1.1749901295448728	26.383551604841003	-0.11932104201373735	24.949696236066988	2.863762974783573	4.307837694797573	8.413269816484865	2.727443681328214	0.2017729790426913	1.797833859275387	16.22885761689615	18.572227917433977	0.6826138224244257	2.433685419086475	-1.4553642464863956	-1.4553642464863956	-3.643961446786933	-21.612677132530035	-21.759494807836507	-8.835489626338273	-5.903574204924862	138.56717347870077
0.018836490894898	10488.143532644362	0.6978887972465964	8.195182345590755	6.305471886553625	6.40264900491582	-33.392711356549796	-74.6329675206601	-117.70218424031182	18.16405737919781	-90.24939352606044	-63.256554966112105	-88.43883001745957	-79.7998728122873	-23.331069346357296	8.814230404973125	-27.29443998162352	1.3659332393379728	4.690888074940951	-9.14869768159875	-0.5249843326465485	0.12359940730381597	1.4603207634273259	29.39885362621561	-0.0009834655273059615	27.29443998162352	3.453102346889304	5.315541553535079	9.14869768159875	3.176804364322365	0.2550572006866346	2.2344363274199006	16.22885761689615	18.572227917433977	0.6826138224244257	2.9778786021806836	-1.6635631084531888	-1.6635631084531888	-4.0610626469840545	-23.75749027177504	-23.613800867414206	-9.384523938435832	-6.383341486004748	152.97052186209865
0.0199526231496888	10394.64135043714	0.699224395636276	9.862147521519688	7.650612747783468	7.710505681968316	-37.291130839607796	-82.60508126899177	-130.10226961820035	20.873837947220768	-99.60040112316146	-68.63163998113636	-97.61752131441938	-87.75580158141064	-25.593783868699965	10.411926393921748	-29.806972697055173	1.5838012956348815	5.758682298308934	-9.92952218144413	-0.6341863291604872	0.15415994603684283	1.8134634048761398	32.71953761892238	0.17542822205111208	29.806972697055173	4.153960399613594	6.543979353973079	9.92952218144413	3.6890339063415456	0.32145098692064833	2.771483315145889	16.22885761689615	18.572227917433977	0.6826138224244257	3.6182980712089314	-1.896623864500831	-1.896623864500831	-4.524134615596172	-26.07548859355842	-25.583191787756746	-9.919100644416115	-6.890847712887953	168.12925317735483
0.021134890398366465	10260.578975221724	0.7006323627505212	11.7820442460312	9.206261231633642	9.216062746223173	-41.49335378770551	-91.05230878138569	-143.1987074339462	23.90057668494349	-109.44036744557191	-74.03524218814418	-107.27879606536598	-96.0595860588317	-28.028584127561494	12.23063708356617	-32.49144948640635	1.8237713881145399	6.9933413499905885	-10.75603744037603	-0.7650152334236983	0.19196713882305974	2.21874463713338	36.367419458042484	0.3971847614946334	32.49144948640635	4.9863582594445734	7.974363697820399	10.75603744037603	4.270860814078544	0.40431784716200364	3.399454582094194	16.22885761689615	18.572227917433977	0.6826138224244257	4.352565065081693	-2.1646689466796083	-2.1646689466796083	-5.037989277428796	-28.574233092285308	-27.670061491162027	-10.443881552876144	-7.435147421181212	183.9348854715228
0.0223872113856834	10085.551650514357	0.7021099981139963	14.046618734541061	11.063636498382076	11.011071648286965	-45.99271423330578	-99.93195427848663	-156.91480044689098	27.367557627305143	-119.70372202145816	-79.16034643809448	-117.35673012152637	-104.52848427235074	-30.640885518831208	14.320574806072202	-35.35111955692819	2.0842484893046587	8.479152423061404	-11.628257312794505	-0.9215385247865714	0.23926387176544545	2.7144244090122225	40.36429653767126	0.7055195144655594	35.35111955692819	5.9737367876139205	9.695350177786267	11.628257312794505	4.929481963082694	0.5078029321824583	4.163454424202951	16.22885761689615	18.572227917433977	0.6826138224244257	5.203998929305807	-2.4604194360711404	-2.4604194360711404	-5.607943267392479	-31.260814596549686	-29.876657440764166	-10.936711259289519	-8.007610264747012	200.25247374290296
0.023713737056616554	9870.304192610236	0.7036535895527284	16.71123263766544	13.27691505971783	13.149288196556732	-50.778254305915205	-109.19237858802825	-171.15918464854153	31.350669337001097	-130.31448567708665	-83.78486396574415	-127.7743139130381	-113.01672872062609	-33.43563324232837	16.713288642772497	-38.38832287063559	2.3622659512702735	10.263786663699326	-12.545911204831597	-1.1084920701613787	0.2977072580417254	3.320521743489223	44.73222759672217	1.1244105015636368	38.38832287063559	7.142017932759162	11.759977537298616	12.545911204831597	5.672580587767537	0.6367587727632066	5.090187187660862	16.22885761689615	18.572227917433977	0.6826138224244257	6.186504070382742	-2.7837013402315955	-2.7837013402315955	-6.239793239293657	-34.14215132706668	-32.20549219154236	-11.384622002155972	-8.60705073059431	216.92841348686628
0.025118864315095794	9616.251106154743	0.7052580923321425	19.791972427063346	15.860579431710073	15.64409987798034	-55.83256414798276	-118.76930163495071	-185.82018504196662	35.8694804461101	-141.18201851842664	-87.78412232046182	-138.43868878756226	-121.41854321064953	-36.417078333005605	19.419088413499843	-41.60454037145189	2.6533427933005735	12.354856117893538	-13.508449578323459	-1.3312985072398298	0.36910818515236626	4.036830108471838	49.493371936445826	1.6586751581767234	41.60454037145189	8.521049597318918	14.180964439138458	13.508449578323459	6.508359256190884	0.7972642784560136	6.186300351670585	16.22885761689615	18.572227917433977	0.6826138224244257	7.303372530857822	-3.1410771097992383	-3.1410771097992383	-6.939936002296647	-37.22486767681483	-34.65907083364036	-11.785038977396576	-9.23930295355493	233.78445508773683
0.0266072505979881	9325.378157826752	0.7069180684169039	23.276723853666454	18.80293097736042	18.484621225267638	-61.13070458152127	-128.58474173477973	-200.7646425848893	40.8964631761235	-152.19713944411532	-91.10323010803803	-149.2370109149288	-129.6493738648194	-39.587677182403056	22.42868090282647	-45.00040840671878	2.9512656062290437	14.730161175336546	-14.515052360104292	-1.5961548151512561	0.45887685947047846	4.846854868721497	54.66910771103935	2.2978255634307554	45.00040840671878	10.14991672547216	16.93572621657314	14.515052360104292	7.445596999314367	0.9980989632396762	7.444252433068203	16.22885761689615	18.572227917433977	0.6826138224244257	8.548270356047233	-3.5407547143578135	-3.5407547143578135	-7.7153287279138985	-40.51421689237308	-37.23852744723311	-12.144281605278243	-9.91166972117209	250.6175503464127
0.028183829312644536	9001.32677889125	0.7086271131911908	27.30421362004685	22.24789258077864	21.82030515778139	-66.64774351707074	-138.5640407665501	-215.86477280249713	46.64372267112354	-163.25613129059732	-93.20269913659205	-160.06088764721287	-137.37863257488968	-42.949457325337555	25.80853933813661	-48.575733621934276	3.248010576426855	17.52294736798224	-15.564630274925596	-1.910153943924485	0.5721854030741161	5.81286780856228	60.2819140491646	3.1081813231090663	48.575733621934276	12.07272104857995	20.15564505864896	15.564630274925596	8.493752554657709	1.249718171718736	8.9342830569322	16.22885761689615	18.572227917433977	0.6826138224244257	9.951848720949961	-3.966804437368885	-3.966804437368885	-8.57360969857111	-44.01552917041075	-39.94552176132985	-12.430252105460207	-10.606802436278036	267.2350306229156
0.029853826189179603	8650.596622889787	0.7103781411971644	31.945539169736477	26.27024755713663	25.72988038213187	-72.37393178152954	-148.6674651071074	-231.04752333379025	53.22301668685677	-174.2957485392348	-93.7873970520565	-170.8425086427201	-144.41990629213555	-46.504234467021256	29.59068067480484	-52.32968357668138	3.5341919504435655	20.798025753931594	-16.65581929133088	-2.281096896573872	0.7138738788649546	6.962838535919698	66.3563569441769	4.121407500295099	52.32968357668138	14.339407602700701	23.901390305404867	16.65581929133088	9.662956991854761	1.5649759193000643	10.690766524714256	16.22885761689615	18.572227917433977	0.6826138224244257	11.527538383005618	-4.415347845441275	-4.415347845441275	-9.52311374374233	-47.73445565756448	-42.78207194724347	-12.628331424351392	-11.319738435005288	283.51567702527274
0.03162277660168379	8279.886121473519	0.7121635969636654	37.105462422545166	30.773797111396345	30.116468507994345	-78.30393450518088	-158.86676460626208	-246.25785042286643	60.476233831733296	-185.26449527688843	-93.12400274081818	-181.5248570176633	-150.87786383688763	-50.25312227591737	33.7201818909254	-56.26096290017716	3.7999042383359356	24.447137452138975	-17.78696509379909	-2.7172328685993725	0.8907359150642592	8.236175652401267	72.91953608538324	5.281880706208496	56.26096290017716	17.00925902671331	28.055186187086456	17.78696509379909	10.963953589225785	1.9604169786573382	12.659424735330465	16.22885761689615	18.572227917433977	0.6826138224244257	13.246216233806841	-4.908882327012106	-4.908882327012106	-10.572873588916195	-51.676518285386784	-45.74943325819189	-12.76763100094768	-12.072437343996228	299.36277117710927
0.03349654391578276	7895.517003267667	0.7139752820719963	42.83871776352676	35.82237798697655	35.05404588311752	-84.43487857513765	-169.14090368193794	-261.45203636086177	68.47158327417804	-196.11209651666033	-91.00588181369821	-192.05077386809606	-156.60845002960903	-54.194715299304434	38.21065948778226	-60.367727042379286	4.035425622651042	28.51388509080527	-18.9560852485008	-3.227251382952381	1.1177486840364912	9.646067456686033	80.00061023633442	6.603663508258532	60.367727042379286	20.160001984573444	32.63641511782103	18.9560852485008	12.408092505164714	2.458676546415332	14.86328605987725	16.22885761689615	18.572227917433977	0.6826138224244257	15.112369742998034	-5.438913495210523	-5.438913495210523	-11.732667841796555	-55.84542438334433	-48.84580928728954	-12.841236950160079	-12.853701087747169	314.69563414903723
0.03548133892335755	7505.137300242332	0.7158048749710746	49.322242243608834	41.6043581552936	40.74382341314682	-90.78886834202926	-179.52035886550695	-276.66606844146395	77.48068683783691	-206.8485307114129	-86.87589497492277	-202.4246842879187	-161.3218179395642	-58.32870091028163	43.14400091433631	-64.6474904130313	4.23265988329657	33.16967204776566	-20.16078003115202	-3.819973515390735	1.4074710217860582	11.271053034922588	87.63635605167194	8.15952839636671	64.6474904130313	23.875138999821417	37.78969560973027	20.16078003115202	14.007168536562949	3.085783318550256	17.38632590366722	16.22885761689615	18.572227917433977	0.6826138224244257	17.163184561240506	-5.981119775765246	-5.981119775765246	-13.013068452673972	-60.24663611083709	-52.0707013893452	-12.808771272687427	-13.635735368677745	329.5307040310079
0.037583740428844416	7119.457857656674	0.717644449589729	56.639663835168484	48.21011695207322	47.28475506599049	-97.45284270605057	-190.1616905829399	-292.12922259914967	87.59702393226519	-217.61615214775648	-80.68285887586191	-212.7888513087276	-165.0617714219239	-62.65513325476151	48.55946548484082	-69.0971145954389	4.388004524760818	38.48787620822816	-21.398109169542447	-4.503381576331732	1.7727349453571988	13.138992025815561	95.87266544513555	9.966998354053656	69.0971145954389	28.24785103064746	43.55515416602559	21.398109169542447	15.772816231302851	3.8732527891046464	20.25908539508378	16.22885761689615	18.572227917433977	0.6826138224244257	19.414581079674495	-6.5287604934594725	-6.5287604934594725	-14.425523261940894	-64.8867405028219	-55.42310568443249	-12.652045313613849	-14.408104576139692	344.11025580287344
0.039810717055349734	6747.908708766991	0.7194852958241315	64.40688373984531	55.242404879911426	54.268174850356125	-104.5492331837129	-201.2824606044733	-308.16076705285377	98.0809648278859	-228.60766941130822	-74.14798470640167	-223.33822435216695	-168.81466070030214	-67.17216788639423	54.254602524884646	-73.71249829034335	4.505506402509495	44.04238361406006	-22.664449965902122	-5.283669383805651	2.233628995372152	15.018120788545874	104.76363853838474	11.79011074645244	73.71249829034335	33.38807132907603	49.461296082672284	22.664449965902122	17.715711235073545	4.8602031075813406	23.256335305699466	16.22885761689615	18.572227917433977	0.6826138224244257	21.7660212629048	-7.1490207321702695	-7.1490207321702695	-15.982168928319687	-69.77118252837994	-58.8981922956039	-12.473878442183894	-15.235973095922633	358.76942571492737
0.042169650342858224	6398.087252210895	0.7213194993956137	72.9706273349208	63.07072485756658	62.09029283341742	-112.23420487348471	-213.15325629686487	-325.15611567328875	109.3797286772891	-240.05193942248115	-66.57575302194442	-234.30725856049824	-172.3393033395071	-71.87442706187194	60.40072870238959	-78.48745073335174	4.59922353782174	50.16660407174356	-23.955290284966637	-6.1649131081236215	2.821063471530826	17.058298490836773	114.37084838425707	13.753609041177187	78.48745073335174	39.42451251364796	55.78196393498623	23.955290284966637	19.844769395815298	6.093069026774535	26.542343295388573	16.22885761689615	18.572227917433977	0.6826138224244257	24.297461745602906	-7.783662155904719	-7.783662155904719	-17.69610256219163	-74.90296860094726	-62.48656681500558	-12.186642795922745	-16.051609170040425	373.91200053985835
0.0446683592150963	6076.077857238814	0.7231394358210927	82.51906448754194	71.88997996391844	70.95572344143284	-120.70632126957521	-226.10959927629855	-343.6026607085026	121.65790521000234	-252.24091036311466	-57.94203437115301	-245.99890460426369	-175.78986945423262	-76.75809931250416	67.10830341383709	-83.41263415802146	4.695808494560719	57.02661985179662	-25.26497041786459	-7.147663154500059	3.5563764650903162	19.325512123133514	124.76786615878972	15.895222841597333	83.41263415802146	46.475836941738386	62.63885736892274	25.26497041786459	22.165550455064135	7.619532970120781	30.193194277333717	16.22885761689615	18.572227917433977	0.6826138224244257	27.058318047681126	-8.413486659687662	-8.413486659687662	-19.581035868944895	-80.28734846672104	-66.18099848201449	-11.735091271640746	-16.828120396383984	390.0210589418825
0.04731512589614805	5786.7611023896325	0.7249378408766575	93.10387141030179	81.74624121503201	80.90703214240587	-130.21803999885552	-240.56788332225216	-364.1011368442976	134.79334403676484	-265.53285448804166	-48.90145772133214	-258.7889615771225	-179.720451965519	-81.81791135766682	74.43179898939547	-88.47471660050337	4.838860643692392	64.63707277643726	-26.586474302265355	-8.226974125065006	4.457253864585346	21.807178361024736	136.0353635054504	18.173832788018373	88.47471660050337	54.65059440468134	70.01777389375223	26.586474302265355	24.678217589547877	9.488706614120613	34.21045166093273	16.22885761689615	18.572227917433977	0.6826138224244257	30.070526740327782	-9.048313850932523	-9.048313850932523	-21.651795964982906	-85.92927558546057	-69.97286579678116	-11.09184842665849	-17.56830820708357	407.673746787525
0.05011872336272722	5533.30673447739	0.7267082119005615	104.05218303577573	91.92576561765283	91.18915134049763	-141.07054598617543	-257.0096404957873	-387.3385850164516	147.30054900047452	-280.30731414787726	-42.96773002939886	-273.080737913951	-186.18985226289058	-87.03935476312009	82.04005058352224	-93.65454525143029	5.088973043465251	72.21709318932889	-27.911242114114675	-9.391813942620214	5.554976793152222	24.073035943254762	148.2472899774222	20.158639105676045	93.65454525143029	64.0603808140951	77.11169517257076	27.911242114114675	27.375824906158854	11.753086883068935	38.198557328916905	16.22885761689615	18.572227917433977	0.6826138224244257	33.173932432919536	-9.807485021713292	-9.807485021713292	-23.923605880912643	-91.82566240699346	-73.84464128119205	-10.417148170421665	-18.388865748595933	427.4993549161201
0.053088444423098846	5313.659382152555	0.7284444679083585	116.25319967631033	103.35829509224429	102.77379395766206	-153.5108949109491	-275.7912916081058	-413.7994914202929	160.43776726122852	-296.7989167736893	-37.798338176845434	-289.1303920808124	-194.13831591037788	-92.40186751266579	90.425793264896	-98.92450371130053	5.52066863840029	80.65865564805365	-29.229035695995982	-10.624916558612922	6.872067183753731	26.55738340814708	161.4615053702294	22.24372885885636	98.92450371130053	74.77544393312819	84.83470949861874	29.229035695995982	30.24214952935354	14.454075318760145	42.64069350262459	16.22885761689615	18.572227917433977	0.6826138224244257	36.5999131082969	-10.559483988428072	-10.559483988428072	-26.412971977440918	-97.969129031032	-77.7789677624112	-9.454553998629597	-19.143349029579255	449.8552003851789
0.05623413251903491	5122.228924815976	0.7301412368492536	129.90347383333898	116.2321636629426	115.83622111704908	-167.71362001598519	-297.1195823386311	-443.73245685767165	174.3162991767026	-315.09538562187805	-33.30669821392807	-307.0436219981152	-203.6141356166085	-97.8822283521301	99.7424998273405	-104.24805131323726	6.21601127178323	90.11914768194053	-30.528018627948043	-11.902829507477783	8.402605374799576	29.329907783062616	175.70803138483407	24.49728927128303	104.24805131323726	86.78487974357168	93.45367985669768	30.528018627948043	33.25108742011369	17.609516231110366	47.66303996762964	16.22885761689615	18.572227917433977	0.6826138224244257	40.41715109817915	-11.304187280012693	-11.304187280012693	-29.13646365751142	-104.35036831299853	-81.763503509533	-8.117113560019627	-19.827333806458622	474.8043168733018
0.059566214352901034	4948.8733452325105	0.7317938053092684	144.7580350903462	130.2668784275894	130.0497293221129	-183.67199055664918	-320.87166292199197	-476.88747856770834	188.3981512653258	-334.96773241858415	-30.430850517405773	-326.5939169940739	-215.0261088061744	-103.44799452990367	109.9048651135265	-109.57855278464132	7.251643833590832	100.27826067854181	-31.794933566811096	-13.196143200844482	10.115257821334184	32.2304865885363	190.9597396550368	26.80590741885771	109.57855278464132	99.98781273111821	102.85276594104259	31.794933566811096	36.365353623294666	21.2114172188399	53.17598037794028	16.22885761689615	18.572227917433977	0.6826138224244257	44.58277858023026	-12.11530495894668	-12.11530495894668	-32.11198661069756	-110.95289691970726	-85.78652069087065	-6.431363548805385	-20.518211294838565	501.85767005927335
0.06309573444801933	4779.728745477303	0.7333982754678434	160.47634435153222	145.10264790483214	145.0220791848675	-201.10606087942108	-346.4597311249026	-512.328063122555	202.17940884601921	-355.73914192379476	-29.512503210579627	-347.08029065556	-228.19015703205113	-109.04746958069273	120.721616384524	-114.86012542313541	8.677833482079013	110.70979769942824	-33.015775527875086	-14.47505230039617	11.981002287206667	35.055003765650476	207.10178288994652	29.063366366411117	114.86012542313541	114.22098482850258	112.87209394677788	33.015775527875086	39.540585664325135	25.22674874282792	59.07838117786429	16.22885761689615	18.572227917433977	0.6826138224244257	49.00799159888433	-13.052568399475337	-13.052568399475337	-35.3572253530526	-117.74282500955235	-89.82698342563161	-4.4633756954483355	-21.280581764118548	529.8243047911335
0.06683439175686146	4598.590271526123	0.7349514951748343	178.07808864200067	161.82752271812723	161.89665519854393	-219.37423517323867	-372.71366514252895	-548.2772865509835	217.97225890196745	-376.27753907935477	-24.467602193495537	-367.31556480769245	-239.27045306946346	-114.62574294685156	132.70966672544856	-120.02885925123508	10.490685926904574	122.53611706411775	-34.176454533542056	-15.715923958168036	13.913333678616628	38.44789901857224	223.93026089789146	31.989550485257684	120.02885925123508	129.19486802904973	125.0161886934084	34.176454533542056	42.73069219995069	29.58055604320882	66.09571981785713	16.22885761689615	18.572227917433977	0.6826138224244257	53.934206962153944	-13.96101530806466	-13.96101530806466	-38.89024027011129	-124.6842376444778	-93.87716132641532	-1.9256851774440946	-21.958577929934638	556.7217787796515
0.0707945784384138	4389.735749099018	0.7364506421645949	197.68167313395443	180.582947562282	180.81925080982276	-237.45865526142055	-397.8978787677903	-582.167292162443	236.9500495498288	-395.0491763091048	-11.120585905357508	-385.6765374642271	-245.16262725332857	-120.1260181158799	145.87358787983192	-125.01898891051405	12.607086269390525	135.95202525745373	-35.26386099122499	-16.908548761361327	15.776670546480883	42.617433761062074	241.15492084471552	35.929138286599574	125.01898891051405	144.54343726801446	139.9142397188651	35.26386099122499	45.897279807596526	34.17363607676414	74.4705729941339	16.22885761689615	18.572227917433977	0.6826138224244257	59.36309841757306	-14.827124164515892	-14.827124164515892	-42.72860852884511	-131.73969500244706	-97.9385395922576	1.2148713234606379	-22.55259523382223	579.9130000807344
0.07498942093324558	4141.975398172524	0.7378939038648487	218.24397679716415	200.29464975101519	200.6629665881522	-254.09222923384885	-419.96174378577587	-611.0300663488464	258.57201093567915	-410.35390046915313	11.338913944393331	-400.3511068110562	-244.38856777240383	-125.48847292424601	159.525424861597	-129.77026303985585	14.84851177847167	149.90412179165074	-36.26692967878495	-18.064587626906203	17.420985508246673	47.14878416058748	258.43042939168475	40.65705563534582	129.77026303985585	159.9440607679024	156.86043218937036	36.26692967878495	49.02126976698407	38.923756991717184	83.74727906841453	16.22885761689615	18.572227917433977	0.6826138224244257	64.97954063468268	-15.795804464740787	-15.795804464740787	-46.88881366813266	-138.86874692032578	-102.01310544907867	4.6523827640779105	-23.23457373391343	596.57626033236
0.07943282347242814	3852.8409629645157	0.7392799553351155	239.85896251774227	221.15263536587477	221.70685994426333	-268.0646119540619	-437.06159565190734	-632.2693309263428	284.32485460891945	-420.74879083053395	47.865488386832354	-409.79239716016275	-233.34547819492767	-130.64748754725022	173.49104770040393	-134.23527913727403	16.94324322434438	164.6666375409413	-37.17769108892551	-19.227352652313243	18.74671542762732	52.31830320458193	275.42618017749754	46.517774291079384	134.23527913727403	175.30780247516452	176.177795085706	37.17769108892551	52.11579849345206	43.82610021308445	94.06238889152218	16.22885761689615	18.572227917433977	0.6826138224244257	70.70915800438249	-16.76515265984537	-16.76515265984537	-51.38503075401016	-146.02472691484695	-106.0929338233995	8.339651986958367	-23.90891553049315	604.4979847644796
0.08413951416451952	3531.55226686366	0.7406079895619498	262.9858783271559	243.73261023709742	244.64383758389437	-278.696795602736	-448.3112825960437	-644.7346728812543	315.93380739746954	-425.7130863922554	102.94852956321054	-413.435037712695	-209.19254693556215	-135.56393834914604	187.8163945367654	-138.38701018549398	18.568533808411402	181.00222242514133	-37.99158605608168	-20.47272942874834	19.67323930562366	58.646735554393985	291.9682151097373	53.93310842370075	138.38701018549398	190.8513429800737	198.30053351711268	37.99158605608168	55.23312560571875	48.98806085127099	105.61923634178817	16.22885761689615	18.572227917433977	0.6826138224244257	76.57525777404939	-17.583803298049855	-17.583803298049855	-56.22880000701714	-153.18376831267213	-110.18625348336944	12.319790801241892	-24.4263790568325	603.0534003794031
0.08912509381337455	3198.7513079025794	0.7418776248320422	287.28049534450906	267.74413157304963	269.24401553357944	-286.3381078176549	-454.5074945890975	-649.7191730023122	352.58473098365505	-426.0864124826718	174.21321480421858	-412.1726885429866	-173.52784057736605	-140.22211244631342	202.147549999873	-142.2244591641731	19.435863929106056	198.75842650633615	-38.70748520577033	-21.898305693146177	20.22995902493338	66.0938904611024	308.1542729883938	62.62205225956472	142.2244591641731	207.2734212416604	222.21593653309768	38.70748520577033	58.460106750151986	54.6861257707611	117.93218132653784	16.22885761689615	18.572227917433977	0.6826138224244257	82.41664349315188	-18.228167089459443	-18.228167089459443	-61.42701624993797	-160.34031033778982	-114.29918758368913	16.424620875883807	-24.76603232708063	593.9759156098031
0.09440608762859236	2882.126517001597	0.7430887377937709	310.462993830032	290.7969412095387	293.0115587481277	-292.6559732052794	-458.47235467934837	-651.3721475087714	388.2469027995334	-424.1449443076919	246.53944105453846	-408.4506584511346	-135.62879181470598	-144.61960530676822	215.1203207893671	-145.76925055717035	19.403965714952825	215.41601790850638	-39.32654349866447	-23.600874360451744	20.638705581154227	73.21634738338072	324.418625545787	70.86975826153208	145.76925055717035	225.8020080257068	244.0280999323326	39.32654349866447	61.89792688835678	61.36946086481605	129.11567704840994	16.22885761689615	18.572227917433977	0.6826138224244257	87.61911891320982	-18.985108266704625	-18.985108266704625	-66.98243548221377	-167.49826012507512	-118.419747611514	19.988422621071074	-25.22800883285372	581.4642875514128
0.1	2608.583697239312	0.7442422614618927	333.7555108904563	314.24390407716817	317.45883238740095	-300.4661525209634	-464.6593530118674	-656.051163444732	421.64915297788764	-423.1425004062427	313.7731222820939	-405.7838630107748	-100.65475413137237	-148.76017516064175	227.38393153757963	-149.05285595561864	18.58191637971952	232.30552552745743	-39.85074514125989	-25.6463544268093	21.320326100635796	80.43476896366575	341.4900674717134	78.53704826224936	149.05285595561864	247.97232518214787	263.4803815946979	39.85074514125989	65.62737216656586	69.56199941169123	139.33491081494557	16.22885761689615	18.572227917433977	0.6826138224244257	92.47998397890582	-19.589347204289485	-19.589347204289485	-72.89314704427308	-174.66420329963145	-122.5195384813084	23.325550562109807	-25.50591676731729	571.2965366316943
0.10592537251772886	2395.4263365186107	0.7453385371398991	357.6461381068947	338.5513823758639	343.04061841927364	-312.97352042997	-477.8905713214787	-670.4731336904435	449.5573479338593	-426.37377532445424	365.2495198911721	-407.74810526570406	-76.36467198667432	-152.66482422271213	239.39549150072313	-152.09835020851008	17.379659908533487	249.7023752535978	-40.2806191722663	-28.031596266426288	22.738520881084067	87.51140118659976	360.20873802089034	84.9949845047839	152.09835020851008	275.029220837207	279.7294710592214	40.2806191722663	69.66371566656115	79.64960897818476	148.4389665565675	16.22885761689615	18.572227917433977	0.6826138224244257	97.20508812633184	-20.005542544811885	-20.005542544811885	-79.15490783780312	-181.85841313360487	-126.58239673977504	26.645533299086917	-25.54270149475385	569.001028838449
0.1122018454301963	2243.82603186906	0.7463789828809625	382.37175728505736	363.8530869196701	369.7778123853282	-332.52399176229704	-501.45491000681517	-699.0449782303242	469.1383933109429	-435.8057150686256	392.3979737281995	-416.49827654434654	-68.74056928973397	-156.34072435876217	251.5934597941964	-154.90156181832356	16.448458358123048	267.38829994933604	-40.61394620636781	-30.658038248122917	25.29464035377262	93.94231881492792	381.1440908462097	89.73586935739355	154.90156181832356	307.30689130753416	292.54455828250144	40.61394620636781	73.91921357946904	91.64945139243629	156.54085486088684	16.22885761689615	18.572227917433977	0.6826138224244257	101.99240616920511	-20.308969302702497	-20.308969302702497	-85.76405945347074	-189.088719923917	-130.5919631559546	30.159071782872367	-25.40629396773144	577.5907669388987
0.1188502227437019	2136.121866888241	0.7473647942408859	405.80686699855	387.734001763326	394.9242747424039	-359.03192558012194	-534.8631768066828	-740.8216756331626	476.0655688572734	-450.6583264576827	386.38624034575616	-431.2208090000379	-82.30673294888393	-159.74267219185575	263.03133024577807	-157.41587361817295	16.468655292380994	282.24431041902056	-40.84510446545198	-33.338550331484846	29.191292212394437	97.82112519010566	404.13049350212174	91.62124794083023	157.41587361817295	343.68877823253433	300.372090489503	40.84510446545198	78.19684129632223	105.01997770062295	162.92034883795006	16.22885761689615	18.572227917433977	0.6826138224244257	106.43373243869272	-20.944242787633755	-20.944242787633755	-92.72033487034446	-196.31845989634348	-134.5148033420862	33.44650732544657	-25.574693816577238	595.3679522287628
0.12589254117941676	2039.4515337276162	0.7482975208092494	431.33663346259084	413.8013870857413	422.2934795814603	-388.7312218977283	-572.2391351246146	-787.4634368491945	481.55002304156113	-466.7947643027096	375.6185538280439	-447.4552021779255	-99.47362023389267	-162.7920164381328	275.69425596736363	-159.55403462272128	17.819090161668615	297.9429755462403	-40.96662625600837	-35.84844397047702	34.15695363232141	101.24960795747143	428.00000703816846	93.6345111399512	159.55403462272128	381.33906252268457	310.1311977960099	40.96662625600837	82.2335810125915	118.62064228329338	171.07800872419347	16.22885761689615	18.572227917433977	0.6826138224244257	111.4192673984877	-21.432517416854036	-21.432517416854036	-100.02789316474873	-203.4840256986574	-138.33856237576381	37.51663339125509	-25.546360783551826	614.9339205430855
0.1333521432163324	1918.2912504246506	0.7491787070099497	459.2958782305862	442.4318268480445	452.2677185673994	-414.5997896964039	-603.2501432597118	-824.750385372812	496.0758330265901	-477.791611177408	389.75350568228544	-458.2323759300206	-100.40344990905312	-165.40865145776783	289.65151941539443	-161.2159505576781	20.257843629154177	315.06255380083235	-40.97133761512726	-38.01188124058614	39.33488352287249	105.17633791913346	450.79792043822886	97.96569918284793	161.2159505576781	416.4785418920014	326.29776042966915	40.97133761512726	85.79738026034167	131.11245172532165	182.8313024117588	16.22885761689615	18.572227917433977	0.6826138224244257	116.9827310617256	-21.739023605708663	-21.739023605708663	-107.69359488486324	-210.52193493859443	-142.0860104668173	42.448868635539185	-25.322145842286854	625.1904666708546
0.1412537544622754	1754.326966531838	0.7500103085741509	487.7562466513812	471.67047127127034	482.84219205707217	-429.8809148919915	-618.4175559746711	-839.9931955816894	525.9821340972937	-478.3657134818833	448.6896354970399	-457.79700096007736	-70.93887795205981	-167.5309892300252	303.42476614793685	-162.33518479757922	22.856953159017372	332.0635076315287	-40.856016221561056	-39.7965010453251	43.58453401758781	109.73027697282275	470.70505867853484	105.43707956592623	162.33518479757922	446.5200769820305	349.46782392951945	40.856016221561056	88.80512927593935	141.858811468135	197.75185994445218	16.22885761689615	18.572227917433977	0.6826138224244257	122.47444755105339	-22.053632458560056	-22.053632458560056	-115.71970857952834	-217.38197582464443	-145.78720182074062	47.56502390528421	-25.14705911738899	617.4740108330326
0.1496235656094433	1561.0707744688639	0.7507941752632376	513.9064955668848	498.73713807099824	511.2867856759544	-433.6337731608365	-616.9502141684859	-832.5603733897465	567.5743930590749	-468.5926500064033	545.145844272384	-446.2258331426568	-14.613919051049148	-169.11254202376972	314.8504791009072	-162.9142401510151	24.403449430609122	346.64878100610684	-40.62298000045027	-41.35945521441396	46.20258919738631	114.41550142659808	487.3637926789663	114.76803439697994	162.9142401510151	472.59723659565816	375.1518014776619	40.62298000045027	91.39222478471893	151.83582652901745	213.01358764073078	16.22885761689615	18.572227917433977	0.6826138224244257	126.9500400593253	-22.5128085289861	-22.5128085289861	-124.09733216667735	-224.0211497113806	-149.4258416592832	51.851958999792494	-25.17795526177307	592.8845435050479
0.15848931924611143	1376.5757732742547	0.7515323400474881	539.7836270403283	526.0151863752491	540.3978055543599	-433.40883347063294	-610.0270683220788	-817.8910657455259	613.8485187383627	-455.21487770563726	657.0808817873487	-430.8835003720929	52.86339306518958	-170.19585839203688	324.8788315852106	-163.0259563026168	24.189622169381618	362.1700862589065	-40.27962057830586	-42.97388266811289	47.32940777502966	121.0723322555573	502.67616990861285	125.12762049208523	163.0259563026168	499.8051340949559	400.47689707799475	40.27962057830586	93.8497720379919	163.4991107338838	227.18662629585	16.22885761689615	18.572227917433977	0.6826138224244257	130.81730183338138	-22.57058082894081	-22.57058082894081	-132.80145896972576	-230.46411666154378	-153.00108288617076	55.72661809530425	-24.80734389318628	563.661502400052
0.16788040181225605	1236.3946706388272	0.7522264233588453	565.1483790477	553.1726628638205	569.7729915103826	-441.14333142040624	-614.4532270192844	-818.5234192920097	646.2098772968344	-447.3268873511381	734.0199747627973	-421.7181558083464	98.53858866559784	-170.8710180947866	333.6721577593186	-162.77067335912122	22.664523247150246	378.1518279717361	-39.83527590085098	-44.84774881159848	48.124578277866405	128.5441376387162	519.8492910045767	133.04198815426932	162.77067335912122	534.3678122088965	418.4109706244533	39.83527590085098	96.43173404878125	179.30048249552397	237.23443509383688	16.22885761689615	18.572227917433977	0.6826138224244257	134.14556601979697	-22.295223085872095	-22.295223085872095	-141.79675970649365	-236.76963087837797	-156.50636906083622	59.215732112946256	-24.081037233675104	545.3559530741885
0.1778279410038923	1147.3871089002148	0.7528785382535226	587.8465523673098	577.6053587977373	596.3163391389666	-463.8513502920947	-639.5599485896945	-846.5268343213831	649.1232041387043	-449.2730584264207	736.6801644258213	-423.4930909511292	98.01976139289191	-171.18587054749142	340.54972495192146	-162.20141958121346	21.28409434244227	390.59089352141285	-39.29727175896066	-46.95319932760813	50.14010894900243	133.31955946948472	540.8575227300415	135.1373923856789	162.20141958121346	578.5784297850053	423.5055051014668	39.29727175896066	99.14400418398357	199.51048727579416	241.21795630092652	16.22885761689615	18.572227917433977	0.6826138224244257	136.66044958947185	-22.266521605240186	-22.266521605240186	-151.05225580748504	-242.9614452071424	-159.91413197998008	61.994194796137386	-23.608125160695167	544.7209004648023
0.18836490894898	1082.7653488592705	0.7534908806555469	610.3133590756897	601.7823891070225	622.5020255157589	-495.8669507159892	-677.0144252297238	-890.4336874739065	635.7960405844088	-456.25924522724387	698.4193830240915	-430.965666366015	71.98601005198174	-171.08766006930242	347.2493208912732	-161.28133361001943	21.40663516296212	401.080501686899	-38.66925118882208	-49.02809525184507	54.15100833528574	135.51492885350675	564.1480921243028	134.24634689525368	161.28133361001943	627.4329549670442	423.7110038087973	38.66925118882208	101.7105580657569	221.1476271014051	243.97340041756163	16.22885761689615	18.572227917433977	0.6826138224244257	139.13825766348717	-22.286571970593936	-22.286571970593936	-160.5503765682642	-248.9837193184213	-163.18343609125674	64.94164113485155	-23.170862472418612	552.8128874888666
0.1995262314968879	1002.9446586042371	0.7540652337348822	634.7783360927814	628.0987096910732	650.8610650565636	-520.2130080995845	-703.5287735469321	-919.5213461651337	637.9419261827851	-457.1792912746551	700.4314270829029	-431.95622123550066	71.33686684875478	-170.51433328360253	354.9945409138283	-159.91671561595797	22.980792664351597	412.28988884891135	-37.952477246189154	-50.7522887528534	59.021815865173174	137.37477352701498	585.1604061197407	136.39654239954507	159.91671561595797	671.0182280302622	432.25225039304746	37.952477246189154	103.75723685097991	239.78992541097043	251.90794916084394	16.22885761689615	18.572227917433977	0.6826138224244257	142.11012381200703	-22.086665560568676	-22.086665560568676	-170.29281526620463	-254.78350302564908	-166.34996237755402	68.67430471881553	-22.517862160238888	550.2260370895623
0.21134890398366477	895.0759522678812	0.754603543355187	659.7890372674578	655.1963323879986	680.141168827968	-525.7095656922576	-704.4531162735257	-915.0508715970235	671.4716542781322	-445.9612608506209	784.8114341309746	-419.784762093263	123.12783653008435	-169.4501454518186	362.4629486763537	-158.07731938720917	24.400031058115967	424.03506353001956	-37.15228376167263	-52.05849007871114	62.70234783403268	140.51126164215515	600.7751746651373	144.06264480780877	158.07731938720917	704.5705355505289	452.49539309528683	37.15228376167263	105.18347736833911	254.21362322177126	265.4827762848688	16.22885761689615	18.572227917433977	0.6826138224244257	144.99028199182894	-21.66767431673062	-21.66767431673062	-180.2612037931756	-260.3343685414223	-169.45174984130912	72.55474356910436	-21.683489068511697	527.2145186559126
0.223872113856834	787.1323769585185	0.7551076816744009	679.8059394874156	677.2824792814049	704.3142594283815	-523.3847024443565	-695.1366854542629	-897.4659190355545	707.5227060092346	-429.8774413267933	881.2995632385188	-402.4539764353404	185.00118085604433	-167.92045448655713	366.0677130045135	-155.82089043740334	24.163118116093948	431.18267011736776	-36.275331172180856	-53.180956048432904	64.33830571003664	143.00190683589858	613.411009030125	151.4518226285004	155.82089043740334	735.4586203668125	469.65559225041005	36.275331172180856	106.23474206575042	268.8460920477509	276.0784770172278	16.22885761689615	18.572227917433977	0.6826138224244257	146.23439288125687	-21.55719866493387	-21.55719866493387	-190.41811191626834	-265.6354206995012	-172.4767151495339	74.86598039820565	-21.240989051690956	497.3754320460115
0.23713737056616552	708.7328984164153	0.7555797722950889	697.9272442765194	697.7428415431651	727.1176953386444	-533.3910465677327	-702.3844409198729	-901.4114442676577	718.0843489263285	-420.1112293540787	916.2426227388961	-392.26725571576	209.835421749378	-165.99086457690288	367.8131951190748	-153.25561707563438	22.766412400105875	437.3774404988468	-35.332135991866664	-54.35626210007026	65.33838382040638	145.780269936414	628.4918959323587	154.63698381862534	153.25561707563438	774.9601854618187	475.59634435886835	35.332135991866664	107.19610563943205	288.78701403347753	280.2038934579695	16.22885761689615	18.572227917433977	0.6826138224244257	146.7019024373524	-21.208092130162097	-21.208092130162097	-200.71537503191402	-270.71400385776286	-175.3816887351496	76.51662151441215	-20.551270071585353	480.03968070829774
0.25118864315095796	656.176206874287	0.7560210718825195	716.5888194464018	718.908842546957	750.7513702153783	-558.8218787780278	-729.8245022934232	-931.1433397019204	702.5463746169353	-417.7834590309792	886.11472285861	-390.43967124181853	194.50697663957484	-163.72935547320242	369.75086321043625	-150.43695736237504	22.057627241952712	443.772204938768	-34.333464950843485	-55.5499810099031	67.59413540811032	147.79719561425523	647.2607896272829	153.7473974416177	150.43695736237504	823.1110720529011	473.0909416404491	34.333464950843485	108.06272677649547	312.8158556736926	280.61802718532016	16.22885761689615	18.572227917433977	0.6826138224244257	147.28743896076372	-20.599516463879493	-20.599516463879493	-211.11958340178157	-275.60619865761146	-178.170865720614	78.4597082504639	-19.57921560062228	476.0198344999539
0.26607250597988086	600.5462696834687	0.7564337171124462	736.2121268514949	741.1001473223062	775.3798368225304	-578.6114263377676	-749.6917003913076	-951.0074311536918	698.2162177329011	-412.161384762386	884.1512245273254	-385.1439717832198	196.4516758712209	-161.1014538878617	372.23699454948667	-147.3052180937228	22.59419089173488	450.10413772000834	-33.28321674366559	-56.50745014621294	70.8595642659297	148.96790596466852	664.3022535811317	154.6648058717997	147.3052180937228	867.195899956241	475.93906689328327	33.28321674366559	108.54405796347147	334.28722802987966	284.70752485463595	16.22885761689615	18.572227917433977	0.6826138224244257	148.1550637365905	-19.860896095065	-19.860896095065	-221.62352917266216	-280.27629941087537	-180.87109478012945	80.89638858623653	-18.498638561465643	466.2470854727331
0.2818382931264455	532.7074673122426	0.7568192503920366	750.6703689440523	757.8207699477795	794.1150201012032	-580.5147964542899	-746.4362906133297	-941.5715329779043	714.4721420211308	-397.87050061787744	937.5031273938785	-370.4437412551224	234.2171822784841	-158.08387125336074	371.23230618659994	-143.84643552316453	22.884666867056463	450.1412096548796	-32.187555491429734	-57.149675655680504	73.25868949920317	147.47367483346858	675.9548405339962	157.56168995316025	143.84643552316453	901.1825921943537	482.57268587580296	32.187555491429734	108.54257363833595	351.1921400153371	290.37336994562844	16.22885761689615	18.572227917433977	0.6826138224244257	147.58708483024827	-19.69889850852298	-19.69889850852298	-232.20111093996377	-284.6859358127005	-183.48037420599638	81.940929253746	-18.1042173418017	442.2641223027617
0.298538261891796	473.6092680530592	0.7571792109200969	764.4984901670921	774.2393317526113	812.8661721337204	-583.6117240586059	-744.9349713798961	-934.5387063176486	726.7582172638117	-383.8693569373341	982.8290690456957	-356.22212399045367	267.81630301230655	-154.73798299029696	369.3398478734959	-140.13129962655316	21.972707156649903	451.19549394927986	-31.05384476475293	-57.64126346261179	74.24923868685205	147.87233052771415	686.7261537438188	160.38087926055675	140.13129962655316	936.1697265727331	487.09486431547293	31.05384476475293	108.25266609750683	369.8766599567384	293.9910448735335	16.22885761689615	18.572227917433977	0.6826138224244257	146.6582603653934	-19.121545787016103	-19.121545787016103	-242.8034233854725	-288.8554633827459	-185.98773508658937	82.74453382956561	-17.286244959792157	420.1437434636458
0.31622776601683794	431.30412928619666	0.7575151906833912	778.1405276809182	790.6127603256414	831.6847346132473	-600.8433906118053	-761.5520177925163	-950.2946888085349	712.7688912859933	-375.5715056193502	964.4952747072234	-348.4376837647911	263.0345316806876	-151.14096163648128	367.25263033657365	-136.23246085941096	21.10493585348737	452.510487159479	-29.89260647682026	-58.032840663007	75.34166317750562	148.44686706010972	700.4634694658195	159.42148125321233	136.23246085941096	978.7675862624964	483.0055225794587	29.89260647682026	107.7619504493282	392.9367409297908	292.9715188261343	16.22885761689615	18.572227917433977	0.6826138224244257	145.67569503279762	-18.307020853909723	-18.307020853909723	-253.3890734557719	-292.8228987860113	-188.39014630736708	83.60846790941827	-16.223778217970654	408.51787766440265
0.3349654391578276	389.85695583211964	0.7578285818401833	790.3630681871274	805.4223011795456	848.7225680188741	-613.833944538781	-772.786853136626	-959.3160750398175	703.3334561349999	-365.5207051405401	958.1374395556311	-338.81418007320076	265.84080799974606	-147.3203825331228	364.4080820210494	-132.17440402686927	21.088982292859043	451.3905565227116	-28.716118621267512	-58.21049655996551	77.05261531788202	147.20500321116842	712.8154174033116	158.5105430766613	132.17440402686927	1018.137078984288	479.9137568523434	28.716118621267512	106.96331040628456	414.11951628392757	292.96413755867457	16.22885761689615	18.572227917433977	0.6826138224244257	144.41878103843612	-17.65323185995081	-17.65323185995081	-263.93579059702915	-296.5943560217302	-190.69714506400874	84.2765464962846	-15.36025954132195	393.958876518537
0.3548133892335753	345.9129505238179	0.7581207708729042	798.9256679162485	816.4680241896818	861.8301406617347	-615.4239527296512	-769.799787075139	-950.7979618323498	706.9039558959366	-350.989247860102	986.0730418585578	-324.371368379969	290.5433586787618	-143.20338684544055	359.07530559971013	-127.92633927300481	20.71749637145447	446.4106928691957	-27.52572188285054	-58.21604695088752	78.30588583360327	144.37342102093922	721.2838306841328	158.7348911137745	127.92633927300481	1050.7143066302722	478.522872864338	27.52572188285054	105.86271806864067	432.16678910821264	293.6959694526426	16.22885761689615	18.572227917433977	0.6826138224244257	142.15440279005207	-17.190323879499836	-17.190323879499836	-274.4403350706474	-300.1066430894408	-192.8929049352246	83.97296933715734	-14.745665292054884	372.65115218126664
0.3758374042884443	310.27048661679595	0.7583931673224846	807.0527294813076	827.2794679513387	874.8784630492218	-623.5973582274455	-775.2173664519585	-952.8158970276858	696.9785935127605	-338.6660273210745	982.4716591428105	-312.5228070643297	296.73882019473643	-138.8414321816129	353.3142726440438	-123.49926907622326	19.71461977833844	442.30052343861615	-26.31892072209687	-58.11121374862577	78.84607567582226	142.7259749899257	730.2731340151223	157.49017883492203	123.49926907622326	1086.3461444392594	472.73736318403616	26.31892072209687	104.53121002631109	452.6049005401734	291.5615327951949	16.22885761689615	18.572227917433977	0.6826138224244257	139.73417959002833	-16.41009128266954	-16.41009128266954	-284.8691635371891	-303.38113304594833	-195.00004781907833	83.61276287687194	-13.822996401797054	356.0750975254068
0.3981071705534973	279.2807723488554	0.7586470034711167	815.7569652258882	838.6777111416702	888.4936015533283	-633.951287518768	-783.446413964564	-958.3794337003993	684.2535895140187	-327.36786126975176	971.4713747614144	-301.8569646356629	298.1412327659835	-134.39795487674962	348.21687220462985	-119.0050049113325	19.18855559192774	439.0535499742813	-25.115094139337923	-57.75691678506487	79.27167704897693	141.5930587079063	739.3667922810488	156.05875472262915	119.0050049113325	1121.9154488622669	467.05979893339696	25.115094139337923	102.90337165553834	473.3707800932317	289.37090669429654	16.22885761689615	18.572227917433977	0.6826138224244257	137.61610230980529	-15.494728993711027	-15.494728993711027	-295.1483738383392	-306.50192711223025	-197.03223149169673	83.62172163736385	-12.767630372888584	341.182460473561
0.4216965034285822	248.46197405675096	0.7588832863451661	820.8178149319995	846.1113973502947	897.7773660781726	-636.8269626534304	-782.571862566623	-952.9352525201194	678.0990166284901	-313.91848721861845	977.4948886755652	-288.83296217963056	310.3279695261885	-129.8831703465235	341.1705353966675	-114.49616217683712	18.790825188395914	431.6917230556116	-23.92761775245362	-57.22735764646012	79.53031502627816	138.3639621130482	745.9051108587516	154.5694900032773	114.49616217683712	1152.0772492396836	461.27837063271903	23.92761775245362	101.06306554121662	491.4911221958456	287.04162786364355	16.22885761689615	18.572227917433977	0.6826138224244257	134.71061541393644	-14.966574686451784	-14.966574686451784	-305.2506624248634	-309.45761170653833	-198.97223690897067	82.78745963370704	-12.152357538658993	322.87376076485555
0.44668359215096304	222.07601547988955	0.7591032959244601	823.2196975503202	850.9432817401046	904.4859445992262	-642.5493632006365	-785.3636006737926	-952.1157097488825	660.4496778364548	-301.01914613620556	958.3435931023287	-276.5653693874418	308.59984082301014	-125.09991935420871	332.239825459379	-109.86051365578678	17.91901396603024	422.1130321143628	-22.741216244624074	-56.645995364550146	79.65952268583501	134.2482403874784	752.0017931707871	151.08622260321036	109.86051365578678	1183.2699656776972	450.01875880496766	22.741216244624074	99.0523669174279	510.5042990000357	281.72947754646486	16.22885761689615	18.572227917433977	0.6826138224244257	131.05675864988234	-14.357511260870995	-14.357511260870995	-315.2478961730924	-312.13537866156094	-200.78131810167258	81.25225007845201	-11.481450846555163	306.7523430257095
0.4731512589614803	198.39724042656889	0.7593081340128703	826.3391846906617	856.5554054683612	912.0141097275581	-647.8608786086442	-787.8007599906064	-951.0080153164461	645.2160007853993	-288.3682914930105	944.277875163143	-264.6271359524527	309.5009934895117	-120.25684434390914	324.04780030317227	-105.18103897253633	17.20819495245419	414.06944057406554	-21.56690770987307	-55.863400409104706	79.44786269500452	131.21599272589364	757.3192343218866	148.37698297549636	105.18103897253633	1212.783308222348	440.5876068819251	21.56690770987307	96.78959397322583	529.0384166807987	277.166658188602	16.22885761689615	18.572227917433977	0.6826138224244257	127.73172334616434	-13.532006959557302	-13.532006959557302	-325.04762588753016	-314.6435864878876	-202.52499627475603	80.10517760718308	-10.600462362264	291.08855987782425
0.5011872336272725	176.46537557965274	0.7594986376467432	829.3468908809806	861.9954405153195	919.3134795932385	-650.1991044569513	-786.7864041672598	-945.8936223155581	635.7607761846875	-275.4223550765991	943.197398004215	-252.32761776807536	317.74340465036204	-115.48944288572429	316.33302472761704	-100.58231419331602	16.608551019873563	406.80502579312775	-20.424685589268154	-54.9232711107798	78.87994239242342	128.85204863449923	761.2623054646509	146.64852663024257	100.58231419331602	1238.8696820792866	433.4797659408594	20.424685589268154	94.38259166682273	546.0561586044403	273.6094103596559	16.22885761689615	18.572227917433977	0.6826138224244257	124.61227276823072	-12.624918459563183	-12.624918459563183	-334.57035562563044	-317.0385508277847	-204.2018983120795	79.14121083959431	-9.634495620859171	274.81837370417884
0.5308844442309885	157.32378561899378	0.7596758508059409	827.7607840959906	862.5061246721732	921.2899867409326	-653.9177326375085	-787.610678625684	-943.1554985907926	613.9207731996739	-262.8745154414817	914.6550323942857	-240.54831782778413	310.6964815823961	-110.60003913964937	305.91792558997497	-95.94908187953827	15.842824795123537	394.47270814691376	-19.29988094726276	-53.89434206710176	78.18291699605696	123.89468704557936	764.632039311087	142.0704329056718	95.94908187953827	1264.6112490867251	419.5823661179905	19.29988094726276	91.82043458404911	563.1592623663894	266.2677464790356	16.22885761689615	18.572227917433977	0.6826138224244257	120.40619559565317	-12.149034268057159	-12.149034268057159	-343.9146533057013	-319.2247364665416	-205.78178585192913	77.02680781985474	-9.173769315945432	259.8809571849783
0.5623413251903491	139.81561942692804	0.7598406835710405	825.6981094893351	862.5579605560489	922.8247807168565	-655.4344362483489	-785.949270889006	-937.6063376547174	595.4197942993246	-250.07704923137985	893.9521811114973	-228.51057649085487	308.2309468970967	-105.68544253588666	295.48927774230395	-91.34927880211147	15.110729566682524	382.38352346606774	-18.202555463798078	-52.74467254455641	77.35682669184216	119.21852097467537	766.6834641900066	138.02610568500236	91.34927880211147	1287.663343511408	406.7672300123094	18.202555463798078	89.11440564606434	579.0325578785307	259.463926356588	16.22885761689615	18.572227917433977	0.6826138224244257	116.21374832203158	-11.527978035377236	-11.527978035377236	-353.00984441211307	-321.23318913569915	-207.26215504793166	74.93395433423278	-8.564225127335593	244.8105821788439
0.5956621435290104	124.2961692525496	0.7599938400154583	823.9592940094506	862.9252905095017	924.6745981529722	-657.0238191024235	-784.5460519548458	-932.5368790157261	577.7428158424799	-237.78390757997457	874.4136431884123	-217.00620516320575	306.08077689045257	-100.85586236559666	285.7946075326165	-86.84060753386437	14.419218110821172	371.74321193688957	-17.14034324426878	-51.48092526483889	76.21746373137562	115.55085857647575	768.0854004443794	134.45433793434754	86.84060753386437	1308.9615719155522	395.05473047486123	17.14034324426878	86.30636672844409	594.2414896589931	253.02092314852274	16.22885761689615	18.572227917433977	0.6826138224244257	112.33272128211944	-10.748058956331178	-10.748058956331178	-361.81021649844	-323.1224048299669	-208.68017678379994	73.13784433532604	-7.789323872307208	230.53177749992938
0.630957344480193	110.31574713713587	0.760136334364834	821.3958604325858	862.4175039969234	925.588927602532	-657.3819527012988	-781.8423019262231	-926.0932841335334	560.8625341830508	-225.5624528134262	856.6711664887127	-205.59865059657534	304.93646729249343	-96.03342155441483	275.9436841048896	-82.37963956884859	13.685566531857232	361.01430758615487	-16.108600058577746	-50.129858327367565	74.88641671472641	112.00606969209231	768.4068514309444	131.00093845651045	82.37963956884859	1328.0289555558334	383.4542213150379	16.108600058577746	83.39103697456835	608.4562557760556	246.5186405436962	16.22885761689615	18.572227917433977	0.6826138224244257	108.40268209919053	-9.915120151408074	-9.915120151408074	-370.35979696252775	-324.8579005121095	-210.02751765655395	71.27827126191828	-6.975749687716464	216.5791902359374
0.6683439175686149	97.86639596843057	0.7602685779410361	815.1463849236898	857.8204696055234	921.9808609657251	-657.3248947633545	-778.8143618326558	-919.4385321593109	537.3719108806201	-213.6532951806734	823.9044071903375	-194.5108163664133	295.29712514992167	-91.2801275762909	264.3116260349799	-78.02063804282676	12.981175156924662	346.3288739886863	-15.114045431789737	-48.70210696581704	73.42944165293028	106.36956433253405	767.9470932412943	125.6783519678917	78.02063804282676	1345.2024149746335	367.6952678771508	15.114045431789737	80.41274264602085	621.7938518142792	237.62198132559521	16.22885761689615	18.572227917433977	0.6826138224244257	103.75462131107435	-9.52837138993488	-9.52837138993488	-378.6140917420934	-326.4597557130888	-211.29236638519416	68.58025391328853	-6.662634170121744	203.24973221292927
0.707945784384138	86.7195564216729	0.7603915225055874	809.2887522508958	853.6579317005238	918.867375883522	-656.3589545525734	-774.8773108260655	-911.8826530593442	516.7191961740234	-201.98571925994003	797.1606458469846	-183.66690753913397	288.88068035264956	-86.5996499783779	253.37237532915339	-73.76170044548203	12.28314520886336	333.180960649827	-14.156689147330638	-47.197331062542524	71.79796400746301	101.71915420882972	766.5615322882006	121.11909526842273	73.76170044548203	1360.157999925482	353.60426336686294	14.156689147330638	77.36966840737085	634.0989403989827	229.5250268472388	16.22885761689615	18.572227917433977	0.6826138224244257	99.40078612336595	-8.926380594718092	-8.926380594718092	-386.5730140127318	-327.9303092279994	-212.48139203833665	66.1671979470614	-6.118104254483063	190.39036251275346
0.7498942093324559	76.79400064027604	0.760505692944768	803.3045994359007	849.3360778928877	915.5727436537519	-654.8526861986352	-770.4679348741313	-903.9418555641603	497.11875502487095	-190.66126137949823	772.3226476041947	-173.17247699502678	283.323589918009	-82.01286650070273	242.84110057416876	-69.61616375351588	11.591723433028159	320.86681296254477	-13.238063971151073	-45.642077376365705	70.03668269870487	97.61967075919215	764.4099591467933	116.88338654567941	69.61616375351588	1373.1551011228473	340.23155914442464	13.238063971151073	74.29445799086533	645.447362962946	221.7259423925066	16.22885761689615	18.572227917433977	0.6826138224244257	95.22212252221865	-8.218414590380528	-8.218414590380528	-394.2316189109468	-329.2826691277728	-213.6043703013719	63.89664334899381	-5.464130143639491	178.1165810160372
0.7943282347242814	67.9467913975241	0.7606116982683423	796.1312482593115	843.640179922993	910.7144797959917	-652.6701848703616	-765.4249544491014	-895.4258786033271	476.7287291051101	-179.71925411106423	745.1753634697158	-163.06149454595317	276.22535683664313	-77.54484906927749	232.13174552611005	-65.59441777690807	10.92269220056211	307.9424885862437	-12.359008159651559	-44.037478250953995	68.10867096565674	93.27324121268745	761.4800761872942	112.38444968112883	65.59441777690807	1384.0111649156156	326.33556209671445	12.359008159651559	71.1960289908927	655.7413970535301	213.49367780052617	16.22885761689615	18.572227917433977	0.6826138224244257	90.97716593286287	-7.618483184255466	-7.618483184255466	-401.58478575330986	-330.53317551483116	-214.67257541425437	61.48766328739676	-4.938946229374809	166.38568029185257
0.8413951416451948	60.06803895755148	0.7607101397752701	786.9700592206224	835.7115872816946	903.3745332017496	-649.8241333847367	-759.7623984417656	-886.350608515202	453.8158827475136	-169.10582138118454	711.9814734483208	-153.2663152424341	265.58032875267236	-73.19008611988663	220.7149949814446	-61.70611898292683	10.275091593518658	293.31702482563816	-11.520213389417613	-42.395455846312665	66.10051908667596	88.03229884399026	757.7730458116572	107.10856833098707	61.70611898292683	1392.797750335714	310.745395583359	11.520213389417613	68.09254082168754	664.9682003104932	204.2559200474228	16.22885761689615	18.572227917433977	0.6826138224244257	86.4501658749511	-7.2225271057986635	-7.2225271057986635	-408.6284161884661	-331.67411073313843	-215.66743749708397	58.70319781930313	-4.640943480370923	155.19733241792693
0.8912509381337459	53.06231430877421	0.7608014311566256	777.9793805649953	827.9397871504169	896.1991009403148	-646.3797752193647	-753.554741606339	-876.8013261527557	432.74831156607894	-158.84926438782534	682.3997738031684	-143.81683054507948	256.7287463996666	-68.95789742062466	209.91205819327786	-57.954613126459854	9.64267503251224	279.89227804716734	-10.721748655008268	-40.72944587586855	64.02051579040122	83.4950259298989	753.3412734310698	102.34383721200524	57.954613126459854	1399.5877432270552	296.3329465344491	10.721748655008268	64.99908450021096	673.1408874206771	195.6094619875699	16.22885761689615	18.572227917433977	0.6826138224244257	82.17865256574962	-6.691641776523762	-6.691641776523762	-415.3637104035743	-332.71335012511946	-216.59678063753256	56.13682509976981	-4.194658916107126	144.55982933927115
0.9440608762859236	46.838944082532684	0.7608861314065453	769.079904551308	820.2036500394607	889.0201852650059	-642.3652885607527	-746.8322801244988	-866.8108637383333	413.38278951937554	-149.01093353505152	655.9707823081314	-134.77476575215388	249.34264253568813	-64.87075945498943	199.7233362020009	-54.34644802991945	9.03179560745404	267.5422857291797	-9.9636160775845	-39.04817455767575	61.840479914337244	79.58902047570085	748.2403852416413	98.0408415241444	54.34644802991945	1404.367514923392	283.03860335198704	9.9636160775845	61.92967242894599	680.2415099131905	187.48563421852793	16.22885761689615	18.572227917433977	0.6826138224244257	78.16027628099641	-6.08117013792847	-6.08117013792847	-421.7894466994375	-333.66779726931406	-217.4751762901552	53.77490774127131	-3.6636584316638308	134.46797331743664
1.	41.31532206023421	0.760964856676093	758.6268254567658	810.667072014965	879.7908490432957	-637.8026514405261	-739.6175470877914	-856.4024240021449	392.26023344578476	-139.59677841426904	624.9746207422772	-126.1415021934206	239.11941461325338	-60.93582856395722	189.14678640638357	-50.88614819381663	8.445545111630848	254.0076480990919	-9.245471182649814	-37.35943829894904	59.57599003054085	75.04299002204459	742.5045443570684	93.18240463134998	50.88614819381663	1407.1755361328553	268.61376296192225	9.245471182649814	58.89640597119303	686.2695867002741	178.6433622632142	16.22885761689615	18.572227917433977	0.6826138224244257	73.98612458668585	-5.672587648483711	-5.672587648483711	-427.90867647358766	-334.5448281020397	-218.3042789767837	51.15890645031766	-3.359210000957945	124.91242257211309