#, 1.k[h/Mpc], 2.PSL,  3.f(k),  4.P22dd, 5.P22dt, 6.P22tt, 7.P13dd, 8.P13dt, 9.P13tt, 10.I1udd1A, 11.I2uud1A, 12.I2uud2A  13.I3uuu2A, 14.I3uuu3A,  15.I2uudd1B,   16.I2uudd2B, 17.I3uuud1B, 18.I3uuud2B, 19.I3uuud3B, 20.I4uuuu1B,  21.I4uuuu2B,  22.I4uuuu3B, 23.I4uuuu4B, 24.I2uudd1C ,   25.I2uudd2C , 26.I3uuud1C , 27.I3uuud2C , 28.I3uuud3C , 29.I4uuuu1C ,  30.I4uuuu2C ,  31.I4uuuu3C , 32.I4uuuu4C, 33.sigma2, 34.sigma2v, 35.f0, 36.Pb2b1,  37.Pbs2b1,  38.Pb22,  39.Pb2s2,  40.Pbs22,  41.Pb2theta,  42.Pbs2theta,  43.sigma32*pk 
0.001	1620.178541767921	0.6826157387508921	0.00010553953737508782	0.00007335655871295022	0.00012491015608903847	-0.013413461916663113	-0.028211576748432797	-0.043009704411446574	0.0030894737233622704	-0.033674426547063	-0.02840995546275476	-0.033525554457073094	-0.031350564156774605	-0.06828160488124689	0.0001760379676053584	-0.08198540139151311	0.00002550086720572472	0.000010441810828313124	-0.029276277691808152	-8.29399408471062e-6	8.56499108420764e-8	2.3391126623436275e-6	0.06842356963070748	-0.00006151539394536988	0.08198540139151311	0.000050539812596586047	0.000010674280753464827	0.029276277691808152	0.00010756622320031295	1.657783278845806e-7	3.5206175720284938e-6	14.560617898540665	14.842218593504862	0.6826154428075512	-0.004618590188744396	-0.0031362764226369024	-0.0031362764226369024	-0.010716182469767391	-0.07524954285636697	-0.09530534308114559	-0.04295452804311426	-0.028544707794501602	0.07064560313755015
0.0010592537251772887	1708.340293401017	0.6826157748649626	0.0001327429917717342	0.00009221694221601444	0.00015622830965852165	-0.015868218088305845	-0.033371258421651936	-0.050874315783657635	0.0036690810302314933	-0.03983400595006148	-0.03359371639440386	-0.0396481537638793	-0.037076954150178386	-0.07660119498487059	0.00022071906428630252	-0.09196697511647166	0.000032050698964626785	0.000013758113788901925	-0.03283517930617805	-0.000010422252370480118	1.1501574980145845e-7	3.089553087478132e-6	0.0767790688046117	-0.00007669959622421111	0.09196697511647166	0.00006354711744986599	0.00001408034024791477	0.03283517930617805	0.0001343547913989642	2.2313304886639525e-7	4.654395319714021e-6	14.560617898540665	14.842218593504862	0.6826154428075512	-0.00516971103737484	-0.0035185230050893347	-0.0035185230050893347	-0.01202301739770506	-0.08441885991569038	-0.10688454685677513	-0.0481765770234378	-0.03200392835945695	0.08355805677669813
0.001122018454301963	1801.0116836170382	0.682615815385558	0.00016697219189737629	0.00011594487625414281	0.00019536510802854027	-0.018769134671757563	-0.03946773995464352	-0.060166367832515485	0.004357471217150362	-0.04711197957790626	-0.03971562466061525	-0.04688006422553188	-0.04384119177489199	-0.08593287733074173	0.00027668881660511933	-0.10316091432833954	0.00004027589449216879	0.000018148138023337615	-0.03682502296266346	-0.00001309502822090788	1.5481344132908994e-7	4.093449135851752e-6	0.08615568313451026	-0.00009556544960817363	0.10316091432833954	0.00007989444909721778	0.000018593550398725413	0.03682502296266346	0.00016774525786690658	3.0038383542081394e-7	6.1655609257005915e-6	14.560617898540665	14.842218593504862	0.6826154428075512	-0.005784949394385784	-0.003947351533107481	-0.003947351533107481	-0.013489127689626693	-0.09470383018902828	-0.11986435239985975	-0.05403096678986803	-0.035879463510293544	0.0988124530558206
0.001188502227437019	1898.2725944907024	0.6826158608503323	0.00021005006834811394	0.00014580611122174097	0.00024426610328438444	-0.022195163081819486	-0.04666649113388845	-0.07113784915908306	0.005174772892624436	-0.05570586493721308	-0.046940572625623234	-0.055416604400338035	-0.0518260991819642	-0.0963993766423025	0.0003467859314836843	-0.11571376101087855	0.000050602654462336255	0.00002396663472183327	-0.041297580257808775	-0.00001645100834015238	2.076355684940504e-7	5.441019639677221e-6	0.09667838519173612	-0.00011898114841238537	0.11571376101087855	0.00010043492760441865	0.000024583110445014176	0.041297580257808775	0.00020934285895990437	4.0400615623135753e-7	8.18377796940868e-6	14.560617898540665	14.842218593504862	0.6826154428075512	-0.006471344939728704	-0.004428445709440266	-0.004428445709440266	-0.01513390080651855	-0.10623978345705676	-0.1344126735740243	-0.0605936381175532	-0.040220732012811254	0.11682169108376694
0.0012589254117941675	2000.2886498189496	0.6826159118625532	0.00026411894115965204	0.00018324387606150343	0.0003052062757785083	-0.026239918388074164	-0.055163628461066753	-0.0840873782835459	0.006144858641703694	-0.06584973949938804	-0.055464149219154206	-0.06548913045953848	-0.061248416751982525	-0.10813819933448127	0.0004344786422162927	-0.12978959528087722	0.00006356441436464194	0.00003153048083239096	-0.04631074398954156	-0.000020663994859662447	2.779481292849732e-7	7.176826982522004e-6	0.10848748265875556	-0.00014809004503916814	0.12978959528087722	0.00012624021381494777	0.00003238358528625138	0.04631074398954156	0.0002611363538038132	5.432023830719719e-7	0.000010805869636108875	14.560617898540665	14.842218593504862	0.6826154428075512	-0.007236641402196129	-0.00496821089970047	-0.00496821089970047	-0.01697908026127269	-0.11917836288066029	-0.15071719960964183	-0.06794953449248899	-0.04508288433839589	0.13807493752128627
0.001333521432163324	2107.223754865255	0.6826159690990856	0.00033209686908204015	0.0002302999268344093	0.00038124389572231833	-0.03101333205294005	-0.06518933114089467	-0.09936538292772375	0.007296226439527212	-0.07781830573958555	-0.0655152336274356	-0.0773689801614755	-0.0723621571302217	-0.1213033890551102	0.0005442045530131103	-0.14557209201394677	0.00007982878037604487	0.000041488899763905296	-0.05192922867455402	-0.000025951823673558127	3.7425031660018345e-7	9.476144497211987e-6	0.1217405085499829	-0.00018418756286880115	0.14557209201394677	0.00015865760895797601	0.000042665177820535124	0.05192922867455402	0.00032558770297985256	7.309312429942117e-7	0.000014277765939933434	14.560617898540665	14.842218593504862	0.6826154428075512	-0.008089237625120376	-0.0055738042697914885	-0.0055738042697914885	-0.019049048752545865	-0.13368946454390832	-0.16898764006926822	-0.07619353871374895	-0.05052736873991255	0.16314602467367473
0.001412537544622754	2219.2381423616594	0.6826160333193776	0.00041761085087161	0.0002894984845527857	0.00047613856677754875	-0.036644389162336526	-0.0770135203934119	-0.1173827214689079	0.008662587312690548	-0.09193365695464283	-0.07736199610979982	-0.09137409049458614	-0.0854650455599857	-0.13606748698003615	0.0006814824959507366	-0.16326680846673142	0.00010023072513005428	0.000054651978048004546	-0.05822534584050063	-0.00003258735122578444	5.041400807789982e-7	0.000012550840701863666	0.13661434771323003	-0.00022888089789595658	0.16326680846673142	0.0001993716743387564	0.000056271866386971304	0.05822534584050063	0.0004057419047247938	9.833420486817402e-7	0.00001890195871211729	14.560617898540665	14.842218593504862	0.6826154428075512	-0.009038266734955933	-0.0062532751483975165	-0.0062532751483975165	-0.02137114740633688	-0.1499634052443118	-0.1894582098846402	-0.08543165253637958	-0.05662265705827797	0.19270747845672906
0.0014962356560944327	2336.48709768468	0.6826161053755346	0.0005251653671271786	0.0003639589633339303	0.0005945100985437592	-0.0432843132662859	-0.0909524554884839	-0.13862069024703252	0.010283801419262906	-0.10857312267537363	-0.09131835300012206	-0.10787666188143019	-0.10090572974770995	-0.1526237144940209	0.0008531680014374015	-0.18310372647242834	0.00012581427064151847	0.00007202884579513605	-0.06527986080907543	-0.00004091204975052753	6.760234416407263e-7	0.000016654914051912115	0.15330762506444737	-0.00028416402898459006	0.18310372647242834	0.0002504909639171134	0.00007426137790362669	0.06527986080907543	0.0005053614813856163	1.3215099181008132e-6	0.000025050540120922935	14.560617898540665	14.842218593504862	0.6826154428075512	-0.010093618827423908	-0.007015679380736551	-0.007015679380736551	-0.02397603195602527	-0.16821333664521	-0.21239036771547526	-0.09578224466154389	-0.06344499469497059	0.22754678468053374
0.001584893192461114	2459.1189235143897	0.6826161862236318	0.0006599995095416557	0.000457188456363464	0.0007416907854257126	-0.05111024222393716	-0.10737633422180413	-0.1636425487750493	0.012206566890924564	-0.12817830539026587	-0.10775218394821216	-0.12731197375086112	-0.11909246483906476	-0.17118840215397196	0.0010675846765591955	-0.20534007469735943	0.00015788347002114903	0.00009452258243209184	-0.07318293806824824	-0.000051353150784212876	9.076243728321826e-7	0.000021912544310373642	0.17204338869375366	-0.00035268772588361555	0.20534007469735943	0.0003146664908052615	0.00009759409117629023	0.07318293806824824	0.0006290911683432275	1.7765806923241245e-6	0.00003300712114168157	14.560617898540665	14.842218593504862	0.6826154428075512	-0.011266042660279129	-0.007871262051166748	-0.007871262051166748	-0.02689807208295134	-0.18867793375748076	-0.2380758298632215	-0.10737751594986662	-0.07107927113858843	0.2685850960250881
0.0016788040181225606	2587.274251263274	0.6826162769363775	0.0008295166683170472	0.0005744196629703662	0.0009251228088401094	-0.06032950783814003	-0.12671812376224792	-0.1931069019347435	0.014486939698933372	-0.15126556958730136	-0.12709149934433353	-0.1501886048092973	-0.14050153193749296	-0.19200369711945384	0.0013355051249060784	-0.23026345791451738	0.0001980663727807959	0.00012416437491988153	-0.08203518263561238	-0.00006444535610848886	1.2238612990588368e-6	0.000028913695452472543	0.1930721307498641	-0.0004372834875689996	0.23026345791451738	0.00039521939623304517	0.0001283774502317237	0.08203518263561238	0.0007826589491669072	2.3896063148866197e-6	0.00004357212489713184	14.560617898540665	14.842218593504862	0.6826154428075512	-0.012566841779109557	-0.008831418041105954	-0.008831418041105954	-0.030175802296568	-0.21162439543231615	-0.2668398926033804	-0.12036471541346526	-0.07961972491658889	0.3168989265131577
0.0017782794100389228	2721.08443751049	0.6826163787173706	0.001042681671721052	0.0007218917688870586	0.0011537072529694728	-0.07118456797448643	-0.14948371621621276	-0.22778307916417462	0.01719089268234761	-0.17843810456799908	-0.1498362464954963	-0.17710016816618146	-0.16568927566114988	-0.2153405747787766	0.0016701788920762673	-0.2581953224213856	0.0002483942843434226	0.00016326901301760732	-0.0919487846117705	-0.00008085696162571757	1.6489633227856925e-6	0.000038267225184276626	0.216675185369911	-0.0005415563278699731	0.2581953224213856	0.0004962958035872665	0.00016904214534112994	0.0919487846117705	0.0009731208249480448	3.21297940297896e-6	0.00005762481624105883	14.560617898540665	14.842218593504862	0.6826154428075512	-0.014008068061630225	-0.009909027751953143	-0.009909027751953143	-0.03385241201331853	-0.23735177426788312	-0.29904507152536236	-0.1349080242990614	-0.08917107854681265	0.3737450412011681
0.0018836490894898002	2860.66083827613	0.6826164929170346	0.0013103421835761115	0.0009070370209450477	0.0014380797879276913	-0.08395843203985306	-0.17626305903359812	-0.2685679700229588	0.02039588155708173	-0.21039913364939963	-0.1765693745595059	-0.20873812260192887	-0.19530433720744603	-0.24150218042362773	0.0020878831732440424	-0.289494788729981	0.0003113995098631981	0.0002144580757573959	-0.10304877470694734	-0.00010142284585688588	2.2110350045573396e-6	0.0000505755819627479	0.2431685459276969	-0.0006700872289043326	0.289494788729981	0.000623077578580953	0.00022237260351887114	0.10304877470694734	0.0012091593327314305	4.31579018924251e-6	0.00007611952877708505	14.560617898540665	14.842218593504862	0.6826154428075512	-0.015602476633727384	-0.01111866674912216	-0.01111866674912216	-0.03797632363914981	-0.26619469420965297	-0.3350950937436039	-0.15119038681294797	-0.09984960064036294	0.44058763996083544
0.001995262314968879	3006.0989522791565	0.6826166210505522	0.0016457817156508199	0.0011388864743352481	0.0017911398748407389	-0.0989812498496495	-0.20774366003730366	-0.3165064456880361	0.024192911046972194	-0.247967862267033	-0.20796983129670255	-0.245907239609121	-0.23010223617983164	-0.27082752703347807	0.002608646914287636	-0.3245628827103557	0.000390236440635071	0.000280843125581044	-0.11547439815388293	-0.00012718564168729432	2.9760570317203535e-6	0.00006646929854010434	0.2729071474737408	-0.0008286133009818572	0.3245628827103557	0.000782081588587289	0.0002916624744156021	0.11547439815388293	0.0015014457365906996	5.799492739614748e-6	0.00010016689318015849	14.560617898540665	14.842218593504862	0.6826154428075512	-0.017363418634346237	-0.012476796096772146	-0.012476796096772146	-0.04260179930930738	-0.2985274422150415	-0.37543922825841036	-0.16941547858314585	-0.11178419877412518	0.5191312756427118
0.0021134890398366475	3157.478929384579	0.6826167648179535	0.0020672506455264436	0.0014303637570369848	0.0022304341623612988	-0.11663784013601297	-0.24472594124386374	-0.37281453848362744	0.028691035856846098	-0.2920976988961249	-0.24482331022465642	-0.2895432434805373	-0.2709600379812598	-0.30369561518250365	0.0032581408587984625	-0.36384719843683366	0.0004888297462905633	0.00036811751651071625	-0.1293806140521183	-0.00015944708367694664	4.0170744852313795e-6	0.00008760494336155257	0.30628970426870394	-0.0010232891131860893	0.36384719843683366	0.0009814367442802514	0.0003828699393717367	0.1293806140521183	0.0018630790004820436	7.79469542176573e-6	0.00013204186629896063	14.560617898540665	14.842218593504862	0.6826154428075512	-0.019304180031419607	-0.014001743384076459	-0.014001743384076459	-0.04778964803470384	-0.33476854769381736	-0.420577044574919	-0.18980935794927853	-0.12511736106616195	0.6113582128167325
0.00223872113856834	3314.8584168109237	0.6826169261266655	0.0025969301287632764	0.001796981603684154	0.00277698136561269	-0.13737605966756594	-0.2881402753890713	-0.4389051463293351	0.03401822002673686	-0.3438963465608309	-0.28804239668438436	-0.3407321997042901	-0.31889665619249286	-0.34052998364573095	0.004067885977886918	-0.4078470292463852	0.0006120600376901608	0.0004829750199781966	-0.14493972673787986	-0.0001998303279780564	5.4116541500768955e-6	0.00011580147492699764	0.34376414008983064	-0.001261864044667841	0.4078470292463852	0.0012312702945714736	0.0005030734231545155	0.14493972673787986	0.0023101173704628466	0.000010468745026529916	0.00017435984024827885	14.560617898540665	14.842218593504862	0.6826154428075512	-0.0214381909674029	-0.01571431766012224	-0.01571431766012224	-0.05360800550130898	-0.375385839639145	-0.47106355841989284	-0.21262322959594085	-0.14000677049870316	0.7195695718692402
0.0023713737056616554	3478.267890690486	0.6826171071167895	0.0032603902304833908	0.002255988739260289	0.003454583955492663	-0.16171637011393872	-0.33906635455879264	-0.5164172038094244	0.040322807073699944	-0.40464867101224533	-0.3386885407579386	-0.40073253734523784	-0.3750954498968138	-0.38180372880247987	0.005075836632966114	-0.45711899964231406	0.0007659905717118562	0.0006318960912743529	-0.16234315486825687	-0.0002503565832280492	7.261869733350129e-6	0.0001523342573313257	0.3858336842066098	-0.0015547658596390943	0.45711899964231406	0.0015442242736069716	0.0006592740353903252	0.16234315486825687	0.002862219540982783	0.000014048605244499652	0.00022943620921412968	14.560617898540665	14.842218593504862	0.6826154428075512	-0.023779079973804206	-0.01763839894647807	-0.01763839894647807	-0.06013321119678822	-0.4209020358276721	-0.5275147897722234	-0.23813631599027063	-0.15662692630764333	0.8464320527102541
0.0025118864315095794	3647.709742528629	0.6826173101895154	0.00409159145809917	0.002831030072235291	0.00429471615979004	-0.190262891963467	-0.398755486763134	-0.6072492222777655	0.04778119259781289	-0.47584280310051646	-0.39798522283674237	-0.47100014029053955	-0.44092405091773057	-0.42804501962427977	0.00632985561387012	-0.512283231685373	0.0009581443269813262	0.0008253274059228506	-0.18180334342959506	-0.00031354362674552213	9.78744747467537e-6	0.00019987194798411255	0.4330637018127039	-0.0019136152317863796	0.512283231685373	0.0019361782750407432	0.0008625054312328321	0.18180334342959506	0.003543418118635449	0.00001886199012656661	0.00030135322025083545	14.560617898540665	14.842218593504862	0.6826154428075512	-0.026339316450255657	-0.01980064012387753	-0.01980064012387753	-0.06745078035344533	-0.47190088900147054	-0.5906137272207076	-0.2666575952954694	-0.17516989773352876	0.9950314106292089
0.0026607250597988083	3823.1595094255317	0.6826175380389258	0.005135038194766664	0.0035537089323741176	0.0053381773219900175	-0.2237161283105187	-0.46865615723139864	-0.7135976897962981	0.05660322704823095	-0.5592003066141954	-0.46734053581221197	-0.5532173029866413	-0.5179611367678747	-0.4798432404555512	0.007890216318611776	-0.5740300776134016	0.0011978416557163326	0.0010788730245201907	-0.20355581986216364	-0.00039252575318575775	0.000013207171882915149	0.00026296059333163677	0.4860894409950925	-0.0023512824440651892	0.5740300776134016	0.002426841280352783	0.0011292539618454511	0.20355581986216364	0.0043830487558204415	0.000025320590305351554	0.0003964507809737748	14.560617898540665	14.842218593504862	0.6826154428075512	-0.029129382668513303	-0.02223096604012861	-0.02223096604012861	-0.07565649541121582	-0.529034038503489	-0.6611168221615605	-0.2985284207472082	-0.1958469084367231	1.1689334926876587
0.002818382931264455	4004.558699077435	0.682617793687731	0.0064452251724495	0.0044624337940854025	0.0066341564448868205	-0.26288697142019063	-0.5504419491643747	-0.8379989075441888	0.0670346407269125	-0.6567088398613806	-0.5483786310908783	-0.6493239397542543	-0.6080288496331969	-0.5378556931299219	0.009830874029636618	-0.6431274557229086	0.0014966211439504887	0.001411538544970958	-0.22786139624248028	-0.0004911976210235792	0.00001776232940284291	0.00034694866013319374	0.545624687702768	-0.0028836128044389692	0.6431274557229086	0.0030406990088402462	0.0014797678016612828	0.22786139624248028	0.005416863605336176	0.000033958245469826624	0.000522378307596954	14.560617898540665	14.842218593504862	0.6826154428075512	-0.03215759987489054	-0.02496352390457354	-0.02496352390457354	-0.08485763188578929	-0.5930285085797495	-0.7398608580886316	-0.3341261081949883	-0.21889034114705508	1.37225048113472
0.0029853826189179603	4191.8031572890995	0.6826180805273433	0.008080541533875964	0.005595654486764218	0.008233772667924057	-0.308712075775111	-0.6460419919616798	-0.9833745151218607	0.0793532628466146	-0.7706575239116936	-0.6429866471055459	-0.7615512263717014	-0.7132342175533842	-0.6028149106107268	0.01223818324601439	-0.7204288114923245	0.0018687574775570245	0.001838155120868726	-0.25500851526400314	-0.0006143893204478788	0.00002383885324893026	0.0004539197657920946	0.6124714519772501	-0.0035342639520434317	0.7204288114923245	0.003808304564737923	0.0019304551087700192	0.25500851526400314	0.0066883593303665055	0.000045513164806264037	0.0006842569026708116	14.560617898540665	14.842218593504862	0.6826154428075512	-0.03543127335200945	-0.028038634048790246	-0.028038634048790246	-0.09517429538801878	-0.6646948897661548	-0.827770192871158	-0.3738691853333425	-0.24455669643009878	1.6097123663049397
0.0031622776601683794	4384.74900214983	0.6826184023628185	0.010128675227222703	0.007016430959027151	0.010214954034636568	-0.36227224222749976	-0.7576771965023172	-1.1530855794147479	0.0939003288333348	-0.903679091631155	-0.7532990629103651	-0.892461714462921	-0.8359827809560048	-0.6755366450175208	0.0152257269833944	-0.8068817144592073	0.002331860278102982	0.0023930164717753154	-0.2853157328603316	-0.0007681004608105784	0.00003211531389019684	0.0005941531247388286	0.6875308325520562	-0.004324140904706916	0.8068817144592073	0.004767885331350454	0.0025174866435005903	0.2853157328603316	0.008250369984179932	0.00006101471999823714	0.0008964228412574688	14.560617898540665	14.842218593504862	0.6826154428075512	-0.0389498279333894	-0.03149969949610707	-0.03149969949610707	-0.10674093388823566	-0.7449363086612848	-0.9258644260133446	-0.4182150096052696	-0.27312445395996265	1.8867518344329195
0.003349654391578276	4583.212185427061	0.6826187634633025	0.012696462899131745	0.008800906033277933	0.01267089612223294	-0.42481284324355023	-0.8879001920483197	-1.3509920463188048	0.11107407298752763	-1.0587963478061515	-0.8817637998881783	-1.044993371126468	-0.979035866978941	-0.7569287340163192	0.01893233218852811	-0.9035371212516201	0.0029076373531371734	0.0031176651919897834	-0.31913432743024306	-0.0009597653082907947	0.00004325191195503168	0.0007797436863033536	0.7718153622150214	-0.005278855215786853	0.9035371212516201	0.00596663649007418	0.003285218898772365	0.31913432743024306	0.010166948838519521	0.00008174974533011937	0.0011760770058223057	14.560617898540665	14.842218593504862	0.6826154428075512	-0.04270641094053874	-0.03539672304684929	-0.03539672304684929	-0.11970807702575938	-0.8347584242474447	-1.035266646778321	-0.4676663462169122	-0.30489848333364533	2.2095968516792865
0.0035481338923357532	4786.9573526269905	0.68261916861859	0.015913801538183607	0.011040898475092521	0.015712946996054335	-0.4977657207354193	-1.039637612326832	-1.5815154191293197	0.13133812622003432	-1.2394707955610522	-1.0311810197221631	-1.2225053457481658	-1.145554926090639	-0.8480005957997301	0.023527203137165238	-1.0115593079481644	0.003622812005108573	0.004062222740685509	-0.3568510202616683	-0.0011985769314936609	0.00005798627564308811	0.0010247693617158322	0.866462701124915	-0.00642982428785241	1.0115593079481644	0.007462957921936837	0.004287687442815185	0.3568510202616683	0.012515602785407594	0.00010939574176345026	0.0015438167857607706	14.560617898540665	14.842218593504862	0.6826154428075512	-0.046685979474856615	-0.039787376627639516	-0.039787376627639516	-0.13424413468881635	-0.9352800887560071	-1.1572117601450336	-0.5227747830296144	-0.3402118023079882	2.585367336067328
0.003758374042884443	4995.684982995934	0.6826196232025938	0.01991562168386318	0.013824622059327496	0.01945195620416639	-0.5827729305664494	-1.21623535345612	-1.8497055350794689	0.15520432249748997	-1.4496539039308856	-1.2047960188268863	-1.4288258925097557	-1.339173888549894	-0.94987333860755	0.02920417282064186	-1.1322364471960218	0.004510224756723179	0.005264172803298616	-0.3988907842132228	-0.0014958893405215676	0.00007773473415273353	0.0013338954803713747	0.9727508000042188	-0.007827132301651756	1.1322364471960218	0.009329839584675103	0.005566981169749912	0.3988907842132228	0.015389929450175173	0.00014634254089687098	0.002013033271768673	14.560617898540665	14.842218593504862	0.6826154428075512	-0.05086887051551676	-0.04474161119821243	-0.04474161119821243	-0.1505374613691617	-1.047744796298155	-1.2930548802693034	-0.5841499714934	-0.37943061800234024	3.0221770567926742
0.003981071705534973	5209.040195422845	0.6826201332445394	0.024922847591297495	0.017315405822044168	0.024076938440635062	-0.6817151744116355	-1.4215125271343505	-2.1613200465238727	0.183328284505131	-1.6938488893297434	-1.4061802276666464	-1.6683102761099946	-1.5639718745044917	-1.0637909195447641	0.03622708655783911	-1.2669917797536892	0.005610139719057313	0.006825731463758132	-0.4457197080634849	-0.0018657328319585966	0.00010442458263726907	0.0017403618116941487	1.0921151253164614	-0.009503245158725868	1.2669917797536892	0.011657775534377383	0.007231293593407979	0.4457197080634849	0.018902722648650557	0.00019574020887684875	0.002628266537146296	14.560617898540665	14.842218593504862	0.6826154428075512	-0.05520887760284242	-0.05033102462769452	-0.05033102462769452	-0.16879881642926414	-1.1735334403130384	-1.4442803475059218	-0.6524439631847054	-0.4229439868064641	3.5292544811769186
0.004216965034285823	5426.61544321417	0.6826207055088047	0.031188899082497702	0.02169534295043815	0.029798442607847746	-0.7967430447553143	-1.6598199403314653	-2.522910143838882	0.21645650446184966	-1.977177020756243	-1.6394164014226773	-1.9459025098361524	-1.8246008993988097	-1.1911322385128313	0.044909087570622945	-1.4173953992191455	0.006971806000935817	0.008856036626507299	-0.4978478785353528	-0.0023254158975504952	0.00014002385871341553	0.00227634101578695	1.2261680133144088	-0.011504639784335198	1.4173953992191455	0.014558019945187036	0.00939833830554073	0.4978478785353528	0.023189627052398572	0.0002615609890596392	0.003435847783936261	14.560617898540665	14.842218593504862	0.6826154428075512	-0.059644440675535565	-0.056641393947878	-0.056641393947878	-0.18926380869614798	-1.314177990723276	-1.612510746768825	-0.7283691833862932	-0.4711762949539208	4.117071581219798
0.0044668359215096305	5647.936475721415	0.6826213475845049	0.03900352538002931	0.027166338073695263	0.03684979600878031	-0.9303090974515381	-1.9360986712897479	-2.9419056456699475	0.2554331326978822	-2.305443024424725	-1.909163347272563	-2.267195465641833	-2.1263520966628047	-1.3334237634340877	0.05562074643099948	-1.5851765333988141	0.008655443543903255	0.011469597208877752	-0.5558322288263943	-0.0028961968699274475	0.00018683146093976936	0.0029709748762454477	1.376719959044805	-0.013896061416426247	1.5851765333988141	0.018167605068600545	0.012194314358374803	0.5558322288263943	0.028413349665660063	0.0003490081194708049	0.004482944388244821	14.560617898540665	14.842218593504862	0.6826154428075512	-0.06409545028812147	-0.06377549973818422	-0.06377549973818422	-0.2121958850283491	-1.4713760595305887	-1.7995155720830234	-0.8127023152286966	-0.524589499283972	4.79746889287572
0.0047315125896148025	5872.444596534124	0.6826220679859388	0.048706160852893754	0.03396135070852823	0.04549964068112475	-1.0852011390903606	-2.2559392379608694	-3.426700062112333	0.30121466200784863	-2.685198110654947	-2.220701466631148	-2.638487859260638	-2.475209904203491	-1.492352313827197	0.06880217054126134	-1.772236175804682	0.010734480097027713	0.014793066296829513	-0.6202792882138766	-0.0036041798731514013	0.0002495831213483459	0.003851672543310877	1.54580270459272	-0.016761811035038914	1.772236175804682	0.0226578290520338	0.015758885154118683	0.6202792882138766	0.03476859640184968	0.00046552251996583705	0.0058212310566356056	14.560617898540665	14.842218593504862	0.6826154428075512	-0.0684580723215405	-0.07185343263944312	-0.07185343263944312	-0.23788946581204887	-1.6470057165614747	-2.007218826667076	-0.906286291129591	-0.5836821582958857	5.583777316852353
0.005011872336272725	6099.515180471535	0.6826228762652897	0.06081590746029597	0.042468505390540354	0.056174051255911475	-1.264583919061764	-2.6256559159128185	-3.9867575558670074	0.3550280646437818	-3.123823209413121	-2.5797226767086334	-3.0668606030718903	-2.8777932425105304	-1.669779887971472	0.08503911450422551	-1.9806599437159254	0.013298121141613611	0.019088312967553582	-0.6918477608328465	-0.004481452266970134	0.0003336044778864538	0.005004532146241412	1.7356962785112433	-0.02014821217386619	1.9806599437159254	0.02823868416765343	0.020371958599178595	0.6918477608328465	0.0424878141959193	0.0006204838378495502	0.0075672797442013166	14.560617898540665	14.842218593504862	0.6826154428075512	-0.07256771370577414	-0.08099834764862264	-0.08099834764862264	-0.2666735515648509	-1.8431426560283435	-2.2377080473223003	-1.0100015715936717	-0.6489738310460189	6.490971816109136
0.005308844442309885	6328.464031279929	0.6826237831389761	0.07593092505202223	0.05312512894622986	0.06934972436931637	-1.4720435735760176	-3.052363828965348	-4.632722701470137	0.4182617659310859	-3.6296119999225795	-2.992653815575892	-3.560251845720377	-3.341561906106346	-1.8677585961624554	0.10502339250744785	-2.2127310748663325	0.01645459302298643	0.02464301011270671	-0.7712508344453791	-0.0055672845226781	0.00044458400232841625	0.006517716965456824	1.9489583464481488	-0.02412358941503972	2.2127310748663325	0.035166822649945854	0.026346329145380234	0.7712508344453791	0.0518477379968775	0.0008257919072378126	0.009847324609861452	14.560617898540665	14.842218593504862	0.6826154428075512	-0.07621984341072692	-0.09135986286273487	-0.09135986286273487	-0.2989155775967631	-2.062077626940934	-2.49324159465661	-1.1247953355713884	-0.721026046680761	7.5358244663868295
0.005623413251903491	6558.525012601037	0.682624800629391	0.09465800009555025	0.06634215157342285	0.08547830265227364	-1.7116286023059915	-3.544045682657215	-5.376513003075425	0.4923790165562223	-4.211839326632791	-3.466920130510388	-4.127516362296756	-3.8749844019094177	-2.0885455363605927	0.1295283452377385	-2.4709432070713087	0.02033503905624179	0.03168947941024438	-0.8592581059048843	-0.006909529068685353	0.0005899095087287353	0.008438012350227671	2.1884560414411607	-0.028825433305300126	2.4709432070713087	0.04375721978995709	0.033947071351131654	0.8592581059048843	0.06317683235792901	0.0010971608244236845	0.01275668190079133	14.560617898540665	14.842218593504862	0.6826154428075512	-0.07918328215376351	-0.10313210811504249	-0.10313210811504249	-0.33502617564018883	-2.306334402189347	-2.7762544084964	-1.2517031042664162	-0.8004568597088031	8.737024743349863
0.005956621435290103	6788.816654883853	0.6826259422238269	0.11786160588117359	0.08274957903319494	0.10523384253700714	-1.987887071658127	-4.109606615708568	-6.231391428297639	0.5791972687104643	-4.880809161786192	-4.01045229535488	-4.778463620433324	-4.48731445057446	-2.3346166717561694	0.159541687210813	-2.7580125576172523	0.025097606202126723	0.04064094038167235	-0.9566970153736291	-0.008566596568780453	0.0007839936271347479	0.010884084345804991	2.4573996940075764	-0.034351031284593145	2.7580125576172523	0.05440235514341177	0.0436232692281309	0.9566970153736291	0.0768638971489349	0.0014566253641360722	0.016478879656104558	14.560617898540665	14.842218593504862	0.6826154428075512	-0.08113473230925616	-0.1165164666493257	-0.1165164666493257	-0.37546365888279215	-2.578686555591915	-3.0893607385155115	-1.3917910378191445	-0.8878988435265489	10.115260103395372
0.00630957344480193	7018.387399428064	0.6826272230526909	0.14672265431986858	0.10324109265702369	0.12954953974257696	-2.3059243387002755	-4.758967077079254	-7.212094481607246	0.680979265787402	-5.64795492861688	-4.631652982173481	-5.5239469817226645	-5.188637531760146	-2.6086849072582132	0.19631885979168404	-3.076889232106936	0.03093248086025608	0.05213761379136459	-1.0644536078623423	-0.010609649012751845	0.0010412361602029159	0.014068215981506265	2.759384043912727	-0.04074009774076674	3.076889232106936	0.06757698087581343	0.056066870135927656	1.0644536078623423	0.09336771525773177	0.001931213258139529	0.021305606375747792	14.560617898540665	14.842218593504862	0.6826154428075512	-0.08163334630363951	-0.13172978930164564	-0.13172978930164564	-0.4207396668603291	-2.8821792008858265	-3.4353607823283205	-1.546140629477442	-0.9840028957774187	11.693379606588863
0.006683439175686149	7246.2315492069465	0.6826286600893183	0.1826190904336932	0.1288455977693774	0.15948733619196132	-2.6714599168546496	-5.503148425452312	-8.334946591349546	0.800287518541667	-6.525921132072283	-5.339804227204728	-6.375932749093693	-5.990120149991543	-2.9137153173190975	0.2413399052133661	-3.430767482894221	0.03806778440183684	0.06691024106370398	-1.183472491836426	-0.013124970309922717	0.0013772660859523067	0.018223544696557036	3.0984303008180833	-0.04805226611130671	3.430767482894221	0.08385701535364684	0.0720790231608265	1.183472491836426	0.1132278620578119	0.0025552804437915487	0.02756838335989831	14.560617898540665	14.842218593504862	0.6826154428075512	-0.08014333563318353	-0.14903555655500283	-0.14903555655500283	-0.4714252313119707	-3.2201481510998944	-3.817241081403587	-1.7158798307071528	-1.0894624474547674	13.496526181291848
0.00707945784384138	7471.262680979993	0.6826302723740183	0.226694763254682	0.16028941451693912	0.1958011387221266	-3.090871822952752	-6.354326468553125	-9.617922907370158	0.9394365805471566	-7.528597785563755	-6.14622581040293	-7.347520948362389	-6.904606853176205	-3.2529378673914433	0.2961070567948007	-3.823094035064635	0.04677677569440003	0.08532819616360678	-1.314755786020597	-0.0162166745842383	0.0018158922664374233	0.02337077645436814	3.4790298041434258	-0.056605306621419556	3.823094035064635	0.10394847173535098	0.09211492540299025	1.314755786020597	0.13707657189537853	0.003374852308477329	0.03541458822691166	14.560617898540665	14.842218593504862	0.6826154428075512	-0.07613604794883709	-0.16882380243275588	-0.16882380243275588	-0.5281571927258906	-3.5962367926257524	-4.238169806856104	-1.9022922327238059	-1.2050844200041417	15.552174867130546
0.007498942093324558	7692.270993385802	0.6826320812652014	0.281178607788604	0.19930673577055158	0.24024645320068663	-3.5712262575091756	-7.325848021564083	-11.0806528180766	1.1020584909370066	-8.671109536062465	-7.061162862060428	-8.452920478771764	-7.94505931833662	-3.629858726034916	0.3628193730120915	-4.257573450084215	0.05738441896295821	0.10869635914470807	-1.4593608444736785	-0.02001081673875696	0.002396662616577207	0.029957762085906198	3.906190812212584	-0.06634019007132931	4.257573450084215	0.12872205559575103	0.11757626779497349	1.4593608444736785	0.16565224000538356	0.0044520060737853855	0.04545701117289854	14.560617898540665	14.842218593504862	0.6826154428075512	-0.06875342907050866	-0.19140232463749132	-0.19140232463749132	-0.5916460188330682	-4.0144124708421645	-4.701490162326483	-2.106486825859846	-1.331570588495334	17.890064027684396
0.007943282347242814	7907.997374455341	0.6826341107209222	0.3486375283401436	0.24786310199550635	0.29478332015195424	-4.120350740338647	-8.43232910538801	-12.744543312118534	1.2922399699020446	-9.969913090432474	-8.095701655837809	-9.707530858416888	-9.125593673677288	-4.048278840118406	0.44404453355488394	-4.7381708873177395	0.07027611441726644	0.1384860690583563	-1.6183965652777546	-0.024659388243163913	0.003157081202707343	0.038473842909165876	4.385497488130087	-0.0772117457038389	4.7381708873177395	0.15921700101304828	0.15007424302239483	1.6183965652777546	0.19981396660351455	0.005861831929879403	0.05838287024098221	14.560617898540665	14.842218593504862	0.6826154428075512	-0.05697340300695823	-0.21715922511575697	-0.21715922511575697	-0.6626840027108574	-4.478990376161593	-5.210720549379276	-2.3295737594083405	-1.4696712723444147	20.5423073838641
0.008413951416451947	8117.162557257889	0.682636387614388	0.4320091337295068	0.30817453842109666	0.3615913988056622	-4.746899486771427	-9.689727933643834	-14.6328596993551	1.514532337379472	-11.4428399059182	-9.261839958811471	-11.127968052712054	-10.461543922734727	-4.512302489035745	0.5427566626382446	-5.269111049109251	0.08590786896393263	0.1763367336004762	-1.7930179892684854	-0.030344398943168052	0.004137829661587293	0.04944119492685399	4.923164164255723	-0.089202058961369	5.269111049109251	0.196680930740677	0.19143532818833134	1.7930179892684854	0.24055699512449202	0.007699090791768111	0.07495677784700056	14.560617898540665	14.842218593504862	0.6826154428075512	-0.039591547336754386	-0.2465749003737316	-0.2465749003737316	-0.7421539131277859	-4.994647694041451	-5.769539414469616	-2.572650752178384	-1.6201835112871217	23.5434218290801
0.008912509381337459	8318.419029822766	0.6826389420875497	0.5334492906694892	0.3815577773979971	0.4419323667588143	-5.460375115971224	-11.115318646697064	-16.770651517846293	1.7724000372750897	-13.10899574842519	-10.575487799317681	-12.731947256345137	-11.970894481270218	-5.026334233233869	0.6617563842578156	-5.854871998570221	0.10481727806381315	0.22286449100110056	-1.9844190356562221	-0.037283017819020416	0.005413917129825691	0.06279936537648773	5.526083576042182	-0.1029398899925067	5.854871998570221	0.24264909931648476	0.24248144287021325	1.9844190356562221	0.28902917544221907	0.010093537104597415	0.09543569458266661	14.560617898540665	14.842218593504862	0.6826154428075512	-0.015510845176030633	-0.2804104385303451	-0.2804104385303451	-0.8310399116319331	-5.566427642056122	-6.381755717608649	-2.8370910492504864	-1.7841213588322526	26.930089505138376
0.009440608762859235	8510.273551118013	0.6826418079473098	0.6583509171308932	0.47241496537577565	0.5401091337629301	-6.271100554441153	-12.727554304028107	-19.184506788632728	2.0732526217674305	-14.988563979051213	-12.046298612360573	-14.538071048691986	-13.669128203062893	-5.595086248475057	0.8057269519296852	-6.500171995530039	0.12763200301281544	0.2816499637324083	-2.1938230640428715	-0.045735711684295494	0.007082608487501005	0.0798912225678054	6.20189123800748	-0.11771680499992002	6.500171995530039	0.298973657118512	0.30704580743081294	2.1938230640428715	0.3465493549559843	0.013209505734377626	0.1215568258790853	14.560617898540665	14.842218593504862	0.6826154428075512	0.017285859631007396	-0.3190834555743709	-0.3190834555743709	-0.9304382428982607	-6.199753721695783	-7.051296001444559	-3.123519874341841	-1.9620790999648037	30.74062840494426
0.01	8691.229494089825	0.6826450231093528	0.8120765539825864	0.5849217058255175	0.6601192766129355	-7.190315685362632	-14.546173667832933	-21.902669150943037	2.4244121935234877	-17.102893467545858	-13.685951242596875	-16.565899852480545	-15.57345840517246	-6.223585980082184	0.9796623917666859	-7.209951112617451	0.15508402941074909	0.3559322792379107	-2.422471017000041	-0.05601182433363366	0.009237007159295358	0.10180728992311362	6.959035983270722	-0.1331453185473462	7.209951112617451	0.3678381992779006	0.3887217870849137	2.422471017000041	0.41462480072902813	0.01724612206322433	0.15487797033772777	14.560617898540665	14.842218593504862	0.6826154428075512	0.06094940961951433	-0.36327148989964836	-0.36327148989964836	-1.0415702630876291	-6.900445826661468	-7.782188686322377	-3.4326050944711644	-2.1548198060752726	35.0150293415467
0.010592537251772886	8859.839011302016	0.6826486300952848	0.9998467537385978	0.72289973241312	0.8055214729893033	-8.230242694291174	-16.592231409987885	-24.955033189873912	2.832847814745343	-19.47444847165317	-15.508681895245365	-18.835885183142384	-17.703078640204442	-6.917164509941877	1.1888282885472954	-7.989345256490974	0.18802373541290562	0.44844640218961634	-2.6716070154981555	-0.06847636486234739	0.011981406869345977	0.12928636123016543	7.806836955854333	-0.1492581727994143	7.989345256490974	0.4518358710595062	0.4907033247573029	2.6716070154981555	0.4949693218577519	0.022453024572744635	0.1967044666267942	14.560617898540665	14.842218593504862	0.6826154428075512	0.11774552910611462	-0.4139525445477341	-0.4139525445477341	-1.1657955401473772	-7.6747170885263625	-8.57852404365608	-3.7650693559186617	-2.363294571059867	39.79477535489532
0.011220184543019636	9014.644917632202	0.682652676589374	1.2270111880405161	0.8901292076302451	0.9797958477301911	-9.40405319512036	-18.887917547558033	-28.372816481297075	3.3052037165298285	-22.126448391744525	-17.530739659821812	-21.36899746766399	-20.07863454075854	-7.681409313446702	1.4388255875140823	-8.843648970213119	0.22743154300801235	0.5616280420083091	-2.942461132892536	-0.08355981551289307	0.015528952423504352	0.16276942825018986	8.755510165555567	-0.16645088030673205	8.843648970213119	0.554166084217621	0.6158831122008057	2.942461132892536	0.5895213216336104	0.02917273433332188	0.2482252939675091	14.560617898540665	14.842218593504862	0.6826154428075512	0.19008998757507578	-0.4723085279787536	-0.4723085279787536	-1.3046285116760985	-8.529137460980227	-9.444376521111346	-4.121628208158965	-2.5885159411004657	45.122125047872636
0.011885022274370183	9154.085968927044	0.6826572160618073	1.504652995880806	1.0958410709431536	1.1917285268870927	-10.725733311815748	-21.456163339801645	-32.18790664388521	3.8553239284170484	-25.08241018974667	-19.755174576195106	-24.186261246521777	-22.714529365767074	-8.52217492456991	1.7385384553078531	-9.7782669669223	0.27442652290665814	0.7031879834442013	-3.236229325402409	-0.10177113421012285	0.0201007989604269	0.205201596487105	9.816257185677376	-0.1826711041180831	9.7782669669223	0.6785745643588409	0.7725877264091181	3.236229325402409	0.7004619470844432	0.03781549942509888	0.3132672420229244	14.560617898540665	14.842218593504862	0.6826154428075512	0.2820217343415768	-0.5389429650686673	-0.5389429650686673	-1.4597536291069584	-9.470654172840796	-10.383811873712716	-4.501522724117085	-2.8307719524406716	51.03886492240772
0.012589254117941675	9276.68826780017	0.6826623084663257	1.8437633715324857	1.3488508421971075	1.4495104759124533	-12.210209139969425	-24.320763075412852	-36.43297987814253	4.496691786905937	-28.366219562917376	-22.187123313724243	-27.30881634111395	-25.6266392613717	-9.445555035333468	2.097261915087676	-10.798657666034412	0.3302841696882105	0.8802219050960418	-3.554050009909764	-0.12370381560389332	0.02591123511812371	0.2590771450095387	11.001318717124612	-0.1963646193252085	10.798657666034412	0.8294156585334523	0.9687478990327589	3.554050009909764	0.8302282379391237	0.048877457931341364	0.395355295792101	14.560617898540665	14.842218593504862	0.6826154428075512	0.39776864218539604	-0.6149095035848845	-0.6149095035848845	-1.6330465361656463	-10.506577614191272	-11.400840404444782	-4.903937928740477	-3.090633702247983	57.586276272115555
0.01333521432163324	9381.1298371297	0.6826680210207957	2.251552424869579	1.65388062870939	1.7570731480080526	-13.873401414929344	-27.506339621267095	-41.14137788979162	5.237161338148021	-32.00192331354245	-24.8441081408096	-30.757706178548002	-28.837339682996856	-10.457821777556568	2.5228150826714333	-11.910266307747921	0.3964487206205078	1.095445201415148	-3.896978408669443	-0.15004596863083305	0.0332278450333719	0.3245191903046965	12.323997189901927	-0.2083810061519554	11.910266307747921	1.0118221736483926	1.2080937783889936	3.896978408669443	0.981526387339255	0.06298136691229156	0.49585862682784926	14.560617898540665	14.842218593504862	0.6826154428075512	0.5408083196453828	-0.7023179995090447	-0.7023179995090447	-1.826591244389082	-11.644531702063261	-12.499335100016294	-5.328907687701684	-3.3695340861606886	64.80469625392286
0.01412537544622754	9466.131656800135	0.6826744290803399	2.7417762297845876	2.02200457949163	2.1246451372996047	-15.73202936514284	-31.037804404247346	-46.346224535950036	6.0922154719353125	-36.01282152808531	-27.72824638328955	-34.552983207895565	-32.36098632516543	-11.56529613171956	3.0264916616439024	-13.1184361519058	0.4745335558650401	1.3574260549140011	-4.265957608721489	-0.18159837754654815	0.04258404390824763	0.40430187584898647	13.79860895717047	-0.21692359192939065	13.1184361519058	1.2320905307617	1.5001448225267497	4.265957608721489	1.1573415126308297	0.08096223076060856	0.6191824464588046	14.560617898540665	14.842218593504862	0.6826154428075512	0.716352213508269	-0.8024694423414933	-0.8024694423414933	-2.042706182750343	-12.892341267233984	-13.682892516166161	-5.774757312467277	-3.667866628333495	72.73186643417812
0.014962356560944336	9530.282118842824	0.6826816171135724	3.335389700261447	2.471012031676595	2.5688162753184414	-17.80313603382774	-34.93927523970915	-52.078736711523476	7.086781972027279	-40.4204441916763	-30.822307796809916	-38.71270241773177	-36.20180560656968	-12.77438973947344	3.623762291596009	-14.428309056745029	0.5663228498862475	1.6812384712824582	-4.661787015277547	-0.21928924078453446	0.0544396829774337	0.5042693600073599	15.440603307332355	-0.21709734606295758	14.428309056745029	1.497334098893363	1.8613659125420128	4.661787015277547	1.3609417189038786	0.10377725475736722	0.7729929267802631	14.560617898540665	14.842218593504862	0.6826154428075512	0.9316937576343376	-0.9161399117734292	-0.9161399117734292	-2.2839681920619785	-14.258089432524548	-14.954927671140142	-6.237778568513038	-3.985301332247973	81.40003247060119
0.015848931924611134	9572.331199598853	0.6826896797936788	4.053498626206445	3.018381395411742	3.105525393811337	-20.104288591096665	-39.234340367425986	-58.36855283553807	8.24557747010194	-45.24468830275679	-34.109083897031326	-43.25307313397024	-40.363622807914396	-14.091504349508408	4.330668813914331	-15.844721254933855	0.6737760905421037	2.08132434041005	-5.085088767155271	-0.2641810326499985	0.06923760390657396	0.6297355754130688	17.266533576474462	-0.20447467237607028	15.844721254933855	1.8156751881395046	2.308014579925992	5.085088767155271	1.5958759255849315	0.13256798867965566	0.9646890959583373	14.560617898540665	14.842218593504862	0.6826154428075512	1.1944124125652535	-1.0447389797752573	-1.0447389797752573	-2.5532388332100373	-15.750034141527518	-16.31857582648918	-6.71396883335818	-4.321919266320045	90.83623354363154
0.016788040181225608	9591.25650083362	0.6826987232172642	4.8995938105932275	3.663685956334889	3.7326205426528962	-22.653538462010392	-43.94584581296875	-65.2433482324373	9.567380230214983	-50.50322673656624	-37.62175241881896	-48.187899121546735	-44.87453073617404	-15.522847399914749	5.154626487736713	-17.37208397123596	0.7990301136117445	2.553602457963828	-5.536273467176815	-0.3174769268499907	0.08765909981587193	0.7764405010916016	19.293932242132275	-0.1840912929091668	17.37208397123596	2.1967010866290795	2.837981826272383	5.536273467176815	1.8659602822605144	0.16878994666631075	1.1925699256108087	14.560617898540665	14.842218593504862	0.6826154428075512	1.5077876501311123	-1.1930590729358344	-1.1930590729358344	-2.853694549632354	-17.3764433672855	-17.77651348323401	-7.203513528580961	-4.6809234262071975	101.06147525348294
0.01778279410038923	9586.19528268481	0.6827088662651548	5.909841851914839	4.439017536347302	4.48037467845978	-25.469081699729955	-49.095113945519806	-72.72761268081221	11.094722038562663	-56.21032732023592	-41.302866647640926	-53.52747081065474	-49.71564430455285	-17.074233794223026	6.119287687592515	-19.014230379434945	0.9443490661081159	3.1257037420730946	-6.015504367427843	-0.380558260662638	0.11084978136155156	0.9555635631572678	21.541155415872495	-0.14535824263720806	19.014230379434945	2.651899101417328	3.4807617065177867	6.015504367427843	2.175267742185038	0.2142969384741463	1.4710259717459706	14.560617898540665	14.842218593504862	0.6826154428075512	1.883243802735473	-1.3607528903962829	-1.3607528903962829	-3.1888587564332678	-19.14541777149632	-19.330836237730615	-7.698228058447851	-5.060113151328005	112.08862023952057
0.018836490894898	9556.332417582835	0.682720242120759	7.1192180422351745	5.374557231207356	5.376463147609781	-28.568614105243583	-54.700612758427496	-80.84063462794514	12.86879014768082	-62.37599809862495	-45.09506202313358	-59.277766075689435	-54.86676494352215	-18.75120599344332	7.248337257280435	-20.774274800964353	1.1120969852471898	3.823181340783678	-6.522662247480053	-0.45499277169157787	0.13966778812957842	1.1770754565879167	24.027518647221466	-0.07863743192553391	20.774274800964353	3.1937751159724757	4.26473815254189	6.522662247480053	2.528100248942679	0.2711440116241972	1.813428402921133	14.560617898540665	14.842218593504862	0.6826154428075512	2.332239459484965	-1.5487363826351426	-1.5487363826351426	-3.562634067088485	-21.06503172471652	-20.983329593862692	-8.189736111043246	-5.458387186479109	123.91913475997791
0.0199526231496888	9501.01612794269	0.6827329999630741	8.560481441463336	6.497743533765935	6.445292982978979	-31.969116879518854	-60.777513309432	-89.59583131250797	14.927209782391019	-69.00522740723432	-48.944183430201186	-65.43974737881618	-60.30734779464699	-20.55882028990919	8.564611894658158	-22.654473889309195	1.3047185918866662	4.668368624384976	-7.057312161721373	-0.5425268080131156	0.17489766279123586	1.4491072709914465	26.77307316556303	0.024203659513958437	22.654473889309195	3.8362518479392085	5.215854165633427	7.057312161721373	2.9289439791536505	0.341737771517883	2.2316851545475247	14.560617898540665	14.842218593504862	0.6826154428075512	2.865841733269678	-1.7591307645480458	-1.7591307645480458	-3.9793401001773625	-23.143144217858076	-22.73529971084617	-8.669774617658906	-5.875661545658846	136.54201365962692
0.021134890398366465	9419.734847956659	0.6827473068528974	10.224141295292538	7.794013989353615	7.6694659778606225	-35.68623009068107	-67.3365149850329	-98.99902661738903	17.243266213206347	-76.09572454345472	-52.916465547756765	-72.00719859838507	-66.07300053142345	-22.50114931042772	10.068823422400932	-24.6560681002499	1.5246666524180092	5.640136129957626	-7.618673344843396	-0.6450990688485498	0.2182512963812994	1.7575013721785298	29.798061122444036	0.1494440999536531	24.6560681002499	4.596133595789771	6.31608666722672	7.618673344843396	3.382419928091535	0.42923247508752993	2.7164830689968364	14.560617898540665	14.842218593504862	0.6826154428075512	3.484122951099115	-2.0009421841091584	-2.0009421841091584	-4.443748478885856	-25.386924143682013	-24.58709449858497	-9.14051852234719	-6.318459028817888	149.93119477550437
0.0223872113856834	9312.266777292267	0.6827633498324717	12.19157623038542	9.33946598413192	9.121889337729879	-39.734169722575466	-74.38377539847588	-109.048394749918	19.921220179710282	-83.63850941125456	-56.809513384675256	-78.96747789611697	-72.0619430199465	-24.58130863217525	11.80666007054965	-26.779090184171377	1.7742476330965724	6.807239297703416	-8.205593896677332	-0.7649062205442017	0.27174350840637235	2.1326732049417174	33.122860502826505	0.3285015120170094	26.779090184171377	5.492404933161977	7.637603493957578	8.205593896677332	3.893241971874436	0.5373084596224761	3.3037296357039403	14.560617898540665	14.842218593504862	0.6826154428075512	4.209706517558772	-2.2685549513869914	-2.2685549513869914	-4.961124556108134	-27.80290413037259	-26.53844494543835	-9.581043561427775	-6.778570781842331	164.04564641407822
0.023713737056616554	9178.866107005522	0.6827813382603378	14.514241781734247	11.179480439949302	10.843770944460742	-44.12613239772693	-81.92179767060783	-119.73583123428472	23.02343794180996	-91.61972108749572	-60.50132052857911	-86.30340564269927	-78.21123563373597	-26.801592872585356	13.809107829580864	-29.022241967360664	2.0555522712001104	8.20763893191745	-8.816530318807636	-0.9043726487677085	0.3367634128315142	2.589639383876818	36.76798068516747	0.5780599089015849	29.022241967360664	6.54508860117318	9.223399916484796	8.816530318807636	4.466135301877834	0.6699951230209662	4.013980932293613	14.560617898540665	14.842218593504862	0.6826154428075512	5.057919608959782	-2.5626399286460977	-2.5626399286460977	-5.537261535215164	-30.39713874663298	-28.588799154020148	-9.977253512661479	-7.254096511012816	178.8316816158195
0.025118864315095794	9019.692928877972	0.682801506404737	17.212771232803853	13.32834774364163	12.844720347771565	-48.87124243910441	-89.94395696876992	-131.03905862081956	26.566490727667485	-100.01443380851197	-63.95036354174092	-93.98716804007184	-84.49306122186071	-29.163143797147985	16.091121730611373	-31.382793867304336	2.3703627910882608	9.847485901479947	-9.449537781566463	-1.0661254964626066	0.4145925080296006	3.1274015375623883	40.75353400371777	0.8995813235361164	31.382793867304336	7.7759707415645325	11.085701443986864	9.449537781566463	5.105753461141085	0.8319427572755024	4.85220396383993	14.560617898540665	14.842218593504862	0.6826154428075512	6.0361516441245255	-2.889647091710648	-2.889647091710648	-6.1785146599033975	-33.17489480443341	-30.737050410188424	-10.322334909654716	-7.748900901622617	194.2115477981894
0.0266072505979881	8834.600804476508	0.6828241163206661	20.28747201313292	15.781821129033789	15.117255814150766	-53.97151466118244	-98.42940582646438	-142.91447323860055	30.531763104868443	-108.77914946687699	-67.16146377983429	-101.97299198971271	-90.89137767204606	-31.66489063902473	18.65369753208263	-33.856442037840374	2.7199202185571663	11.711295180638201	-10.102269561447166	-1.25303579235225	0.5089949161363261	3.733212059558353	45.097938388381515	1.2837023192866082	33.856442037840374	9.212201142839422	13.212564939648313	10.102269561447166	5.816597397513635	1.029355960945965	5.813695581411107	14.560617898540665	14.842218593504862	0.6826154428075512	7.144963427311997	-3.2574119404829154	-3.2574119404829154	-6.891836684289246	-36.13961488316326	-32.98046655779443	-10.615051496339614	-8.26800626697247	210.0737741354676
0.028183829312644536	8624.07907902562	0.6828494610367356	23.86524411543522	18.661639127480818	17.77881117502458	-59.42529042479447	-107.35005048266157	-155.3076632508787	35.09607918000769	-117.86300120365709	-69.7417293440303	-110.20856054333211	-97.18869915486516	-34.30449832661401	21.560743989557476	-36.43717761146776	3.1046311790740524	13.909847725830044	-10.771985137648473	-1.4683195530014133	0.6229160893303625	4.457628786996878	49.81866667949429	1.7853211821611434	36.43717761146776	10.88206061669682	15.719788939862692	10.771985137648473	6.602977680141854	1.268874690942558	6.956740902272884	14.560617898540665	14.842218593504862	0.6826154428075512	8.416451705035284	-3.653920564363634	-3.653920564363634	-7.68481777560319	-39.29389150840018	-35.31634314449228	-10.821900769748556	-8.796915991865596	226.29003044162482
0.029853826189179603	8390.431176394968	0.6828778680794417	28.019030146647182	22.035063193362202	20.89135111210313	-65.23657836679287	-116.68781232592669	-168.1785965573017	40.35613703702898	-127.22550907532815	-71.46977837559855	-118.65279096108335	-103.25977730513185	-37.07833038921144	24.848611284115353	-39.11730861217228	3.524020746447565	16.49964707256885	-11.45556800869857	-1.71541544500172	0.758224465900435	5.324492260893318	54.931965804867424	2.4334886285968773	39.11730861217228	12.81476171382213	18.67051102477835	11.45556800869857	7.468882635731568	1.5578229335148555	8.312260724043362	14.560617898540665	14.842218593504862	0.6826154428075512	9.869019810458653	-4.0772396439162435	-4.0772396439162435	-8.565694596411683	-42.63943555175887	-37.74198440973217	-10.922331498300975	-9.331553095170129	242.75257184209173
0.03162277660168379	8135.351129337368	0.6829097033631857	32.68876356533412	25.837204373353178	24.385057761241512	-71.40034276827305	-126.40832227842077	-181.46371398893558	46.202619449731216	-136.8083295102872	-72.51520770561278	-127.24760801744691	-109.1652047073504	-39.980876179116706	28.484433044871345	-41.88753095683311	3.9766848959372747	19.403464128028748	-12.149563978642698	-1.9979001481960308	0.9172850442486461	6.290789335132019	60.45188286260121	3.191524241856305	41.88753095683311	15.042242520308019	21.994103261161264	12.149563978642698	8.417873104769535	1.9047683363077204	9.844908620267953	14.560617898540665	14.842218593504862	0.6826154428075512	11.48659211633388	-4.5468610179875935	-4.5468610179875935	-9.543369075361413	-46.176515585135725	-40.25400420760517	-10.929215806200576	-9.889428234694899	259.3195413032232
0.03349654391578276	7859.484462722657	0.6829453754747318	37.938753059528494	30.131868736606695	28.322485367242695	-77.89400945502014	-136.44713665183863	-195.05684732861295	52.71798054284585	-146.5184205920022	-72.61716100785483	-135.90137203467214	-114.72803145274688	-43.00316749413899	32.489723766392416	-44.736862035784114	4.459827796872082	22.667494626934158	-12.850227666414941	-2.319646877380188	1.107375681681956	7.373775861987305	66.38836040543939	4.08417887833697	44.736862035784114	17.60525962157705	25.736846327156417	12.850227666414941	9.453059581146645	2.3209367526259426	11.582838776880545	14.560617898540665	14.842218593504862	0.6826154428075512	13.280512680953935	-5.056445554284115	-5.056445554284115	-10.627408449191963	-49.902374550381936	-42.84670025192748	-10.826038189987248	-10.462046863409874	275.79021953905635
0.03548133892335755	7564.353874060871	0.6829853403804779	43.932528468873834	35.08022006012321	32.860990018572124	-84.69065960245563	-146.73456406761144	-208.84568471479844	60.155323929085164	-156.2629533926908	-71.17720762216643	-144.523877945068	-119.60561308666293	-46.13561142762416	36.93695186643641	-47.65272649433174	4.9689982398719375	26.43838359209209	-13.553572571772403	-2.684879084809982	1.332247574579909	8.642362094835315	72.75011237942479	5.18839585819082	47.65272649433174	20.542786552648533	30.048630113104775	13.553572571772403	10.577104671748389	2.8177077217406934	13.602658463221124	14.560617898540665	14.842218593504862	0.6826154428075512	15.287631242249818	-5.586131847448756	-5.586131847448756	-11.82803139530968	-53.81405257313994	-45.515962430423066	-10.570395426849844	-11.028358349047268	291.96009055310077
0.037583740428844416	7254.5692218066815	0.6830301065838357	50.756600667227936	40.76629725223601	38.08013637462859	-91.7897177289804	-157.24900466870875	-222.78778595568	68.63964451382103	-165.99814486348802	-67.9032235172388	-153.0749808400274	-123.63452762518736	-49.36745582073866	41.859190574040056	-50.62126003661622	5.498571778028012	30.786433728088486	-14.255427964258516	-3.097832165793136	1.5941139116696827	10.128241393343007	79.54436351132328	6.5435823621311675	50.62126003661622	23.8950787246226	35.0025455026778	14.255427964258516	11.79204283755647	3.4080037031199963	15.94133460826759	14.560617898540665	14.842218593504862	0.6826154428075512	17.525172130733697	-6.129392561268566	-6.129392561268566	-13.156085440299405	-57.90783720481933	-48.25813040207754	-10.138842238955757	-11.58118695930647	307.7274220785296
0.039810717055349734	6934.001217770379	0.6830802407563916	58.1102541816418	46.890607827070866	43.67915944961018	-99.18501307652053	-167.9605821355948	-236.82976480541097	77.66093698708528	-175.66816891636884	-63.75157839877674	-161.50336633923922	-127.26572903108067	-52.6852256335459	47.089263380861254	-53.62758661839577	6.042277351952385	35.393730488901475	-14.951516115338142	-3.562510217810166	1.8989102784361864	11.668214010033898	86.7749657757854	7.994457347401701	53.62758661839577	27.709520907642947	40.277634305972214	14.951516115338142	13.099114910334578	4.107775736425736	18.442829557423995	14.560617898540665	14.842218593504862	0.6826154428075512	19.910439290871913	-6.739443551262725	-6.739443551262725	-14.62299032170478	-62.17766246819449	-51.067678819894034	-9.606359882023552	-12.172972267986111	322.97811084724583
0.042169650342858224	6605.640793534398	0.683136373865186	66.27924192413721	53.74595445128012	49.95471170512809	-106.85931876193236	-178.8227739605431	-250.89600328929296	87.65438821740455	-185.19604389486062	-57.75209240759858	-169.7378084692993	-129.97006530024348	-56.071943158679616	52.744212094364016	-56.65578640496379	6.5927060676557065	40.52856639369558	-15.637527461252745	-4.083143654706859	2.259184993697087	13.390155383593724	94.44156840076734	9.677133707573224	56.65578640496379	32.044207542433895	46.12903885363811	15.637527461252745	14.498972642299082	4.936084135451344	21.245903809731658	14.560617898540665	14.842218593504862	0.6826154428075512	22.503041672133634	-7.364968205030553	-7.364968205030553	-16.24062082537282	-66.61425168080073	-53.93680274292436	-8.903554162632012	-12.751487421814922	337.5721246766354
0.0446683592150963	6272.425812105907	0.6831992078089794	75.41070637506071	61.48182080481659	57.05481930626007	-114.79344026308816	-189.78873522528127	-264.91221648859505	98.85387560067446	-194.51484840810227	-49.357809664640655	-177.71818853502756	-131.441360551586	-59.511857022465996	58.87783505385699	-59.68907851657181	7.14142311626939	46.32278378181775	-16.309145930209453	-4.663739316118833	2.6792707640782005	15.357097152402735	102.54428637348998	11.662203065468868	59.68907851657181	36.949377467642286	52.68338486104922	16.309145930209453	15.991371642457839	5.911625540540189	24.417276693584565	14.560617898540665	14.842218593504862	0.6826154428075512	25.330869405254116	-7.984252855222166	-7.984252855222166	-18.02129472066901	-71.20983747907708	-56.86133695397419	-7.993420840670312	-13.295601527569644	351.37761793234165
0.04731512589614805	5938.094040752749	0.6832695225701088	85.525011928332	70.12031234426364	64.99933882156222	-122.98537689290463	-200.8429429797481	-278.8496018512162	111.27965099263793	-203.59025817484928	-38.48414502091886	-185.4173332228691	-131.6225482607565	-62.989281796632575	65.48166829269955	-62.71057911890331	7.68067567849841	52.78163972321836	-16.96214242859742	-5.30745596910496	3.1609805562685165	17.570248157545734	111.08347621105892	13.956710343462793	62.71057911890331	42.47419560478191	59.9414125057801	16.96214242859742	17.57502969629142	7.054911765220217	27.958627735294478	14.560617898540665	14.842218593504862	0.6826154428075512	28.390666611969724	-8.597471244718731	-8.597471244718731	-19.97751900412235	-75.9568326775217	-59.83781170498388	-6.870125971767309	-13.806409361615101	364.3293574095769
0.05011872336272722	5607.157419821377	0.6833481838758239	95.99497826245292	79.04593582899474	73.18026069308232	-131.46364184018725	-212.02103983232413	-292.75123207716575	123.81296718380705	-212.4187413297616	-27.33359332877952	-192.83929674325785	-131.6050874973779	-66.48365342202744	72.20845761493916	-65.70334551841857	8.203721882577733	59.259936670573886	-17.592411125270974	-6.016591093651306	3.718804185578255	19.7017553132708	120.05501012290482	16.23695354837538	65.70334551841857	48.686703123491945	67.23388404431853	17.592411125270974	19.24756650916854	8.39310619700417	31.54955893337666	14.560617898540665	14.842218593504862	0.6826154428075512	31.51017893775471	-9.298846165977542	-9.298846165977542	-22.121881670373334	-80.84281705306313	-62.85694330160465	-5.694226330988583	-14.377693321272348	376.4588384719819
0.053088444423098846	5281.816450109145	0.6834361513474777	107.49089997641705	88.9419720232804	82.28901978810897	-140.22461845544117	-223.3070220786563	-306.58900294970033	137.5346579261679	-220.95191287623155	-13.659621041733745	-199.94435967342528	-130.232082197126	-69.97368270717716	79.35946161050676	-68.64994092494656	8.704284557048073	66.41094079850974	-18.196003098347568	-6.792895970327099	4.366281108637283	22.07374981570779	129.45288454199886	18.829190540646053	68.64994092494656	55.65340912476135	75.19179598101253	18.196003098347568	21.005341732306693	9.95391993594766	35.519188728861664	14.560617898540665	14.842218593504862	0.6826154428075512	34.8413068548391	-9.966477929391212	-9.966477929391212	-24.46693209275214	-85.85461135594917	-65.91039078039054	-4.301396162751569	-14.887733593861931	387.70615761284125
0.05623413251903491	4964.24408016373	0.6835344870954698	120.08895881934717	99.88922809507653	92.40619911415092	-149.27353770386023	-234.70093513092294	-320.3580935742726	152.55111242066334	-229.16960496283266	2.7871734854432835	-206.7210414295197	-127.36937116453889	-73.44187370122076	86.95137630004704	-71.53331792289336	9.177765714683924	74.2950994194285	-18.769142836396416	-7.637080200625547	5.105130481224821	24.716253758051128	139.2748465598954	21.766480132398094	71.53331792289336	63.424782018196545	83.86882176773626	18.769142836396416	22.84371154990905	11.762574634496513	39.89638523344853	14.560617898540665	14.842218593504862	0.6826154428075512	38.39342690595532	-10.58784213170761	-10.58784213170761	-27.024816144645094	-90.98255115944129	-68.99461344645722	-2.672033978596402	-15.325650424640422	398.04515013607806
0.059566214352901034	4655.94634422034	0.683644364692525	133.44942414085173	111.55224240870918	103.19585525576561	-158.60820411197787	-246.19271210522805	-334.0408960052755	168.26172976359257	-237.0454131202656	20.84732649040865	-213.15142528852502	-123.58449126735246	-76.87089090118907	94.79389716707655	-74.33673742930445	9.62152681546127	82.55607343512683	-19.30819949822188	-8.547653806285812	5.932887788369013	27.45391199657328	149.51752429666226	24.87427354101934	74.33673742930445	72.04669353573387	92.90570570924763	19.30819949822188	24.755997497422182	13.847213036984742	44.50043522091105	14.560617898540665	14.842218593504862	0.6826154428075512	42.072435553391344	-11.219397906957038	-11.219397906957038	-29.80740022557578	-96.21694058630393	-72.10574909135248	-0.8902014392369956	-15.749468978380882	407.4371215021558
0.06309573444801933	4358.4358641914405	0.6837670784212261	147.09526056273046	123.47669626945759	114.22171031720595	-168.23785627471884	-257.79178266804536	-347.6474017817394	183.7685163643369	-244.54243543388284	38.81826491184779	-219.20702988382297	-119.69063045044128	-80.2353528115367	102.60263063214965	-77.04402921216216	10.035916224787629	90.69541594060017	-19.809775613239577	-9.52185119300805	6.871910269199975	30.032024936976903	160.17054409488324	27.895904067896286	77.04402921216216	81.59744343700292	101.76575264357437	19.809775613239577	26.73431683781826	16.245571974190245	49.086696761449005	14.560617898540665	14.842218593504862	0.6826154428075512	45.73777391020038	-11.915378545584076	-11.915378545584076	-32.82568875587254	-101.53946661192037	-75.22867490288334	0.9180244709666238	-16.21191951703871	415.8808662356959
0.06683439175686146	4073.314403196405	0.6839040526590823	161.83977963430326	136.4878109728354	126.31565045953735	-178.1934514403594	-269.5414476399419	-361.2336938687852	200.409835238639	-251.6706250138948	59.398491727259355	-224.90726381775272	-114.33732706612594	-83.51487502959446	110.75926525521486	-79.63859752037963	10.423427203118099	99.51176537134512	-20.27062212469967	-10.556007131204781	7.927355289868488	32.85031503659375	171.2292448595878	31.22474323189159	79.63859752037963	92.13276187141548	111.22642390823732	20.27062212469967	28.7692838098998	18.991024166232894	54.0506004925138	14.560617898540665	14.842218593504862	0.6826154428075512	49.581316821212724	-12.531386845397762	-12.531386845397762	-36.08996844348319	-106.9363342169704	-78.35624953296258	2.9567195823459524	-16.56959368008313	423.43123642170787
0.0707945784384138	3802.178399690569	0.6840568512084007	177.7498491787717	150.6546045572471	139.5437501035814	-188.53427282874614	-281.5265787288847	-374.9107684459291	218.2336113170491	-258.4837201207068	82.63770019585816	-230.31509618224084	-107.53231246677383	-86.69309540471885	119.28873203803545	-82.10417837164037	10.79176400605857	109.05896244375319	-20.687607519175106	-11.644065514298937	9.09146325478192	35.9406092361945	182.69314131020406	34.88288767174201	82.10417837164037	103.68705947296075	121.33683388119167	20.687607519175106	30.8493850120065	22.11374617933544	59.41059427207253	14.560617898540665	14.842218593504862	0.6826154428075512	53.61632932840852	-13.058359862268102	-13.058359862268102	-39.609548327813805	-112.39712083797478	-81.48558877610895	5.248932824407049	-16.815707051375014	430.2036365764622
0.07498942093324558	3546.166022345274	0.6842271863210506	193.81562829591806	164.97098100072026	152.89889524701763	-199.33438871571386	-293.8509757122253	-388.8127832515363	235.3679603279112	-265.0392297986594	104.74417468415096	-235.49674495595622	-101.20443385192029	-89.75212713728193	127.6756311929402	-84.42505308228462	11.155428334152793	118.31023512607231	-21.057758300492953	-12.776725146855856	10.35995593724632	38.7935289921448	194.5567019424955	38.351965062145865	84.42505308228462	116.28689923464442	131.06962929362248	21.057758300492953	32.96030083506574	25.643175905461508	64.65046466872543	14.560617898540665	14.842218593504862	0.6826154428075512	57.586232534769785	-13.660756385331663	-13.660756385331663	-43.39253568495727	-117.90908902992895	-84.61010932339006	7.5482094498297885	-17.1161529431109	436.33118493195605
0.07943282347242814	3305.215254789136	0.6844169271011734	210.24677547536828	179.67624279091504	166.64444708563673	-210.63374061954445	-306.56492403853025	-403.00098268708564	252.0486412231928	-271.3137541050696	126.28375245954643	-240.43905494957798	-95.03415071064006	-92.66213143779413	135.98123605315251	-86.58445534070586	11.531414218978718	127.4551523699591	-21.378256681359733	-13.94304286428328	11.758385791858435	41.49868736313725	206.79095179696043	41.72007263360342	86.58445534070586	129.97723173490328	140.59208235716056	21.378256681359733	35.085003909102504	29.610587490658073	69.88176676277625	14.560617898540665	14.842218593504862	0.6826154428075512	61.52336364604315	-14.26852854048235	-14.26852854048235	-47.44578542565528	-123.44674737342874	-87.70962638476186	9.904244111294188	-17.39903513084988	441.8558881765373
0.08413951416451952	3077.763960207341	0.6846281068881708	227.81878565845187	195.55013585349025	181.55777450462034	-222.38064835115213	-319.5859275218589	-417.36248512972304	269.67418972264807	-277.23362577955504	150.1473725172058	-245.0801273229649	-87.54118248471391	-95.40445138941132	144.58959135769035	-88.56462372965575	11.934387532569165	137.2613178894896	-21.646441728844767	-15.130885764806386	13.269309272488366	44.4516795147749	219.3577691025987	45.394194381728155	88.56462372965575	144.71771547602714	150.73078133684234	21.646441728844767	37.20419778649675	34.022196217285924	75.5046385422593	14.560617898540665	14.842218593504862	0.6826154428075512	65.62039314657876	-14.753516500245695	-14.753516500245695	-51.7747733879725	-128.99488158275653	-90.78113838280133	12.521293238415083	-17.53993661511148	446.62936989661057
0.08912509381337455	2861.281036843855	0.6848629291331462	246.58059824943118	212.64053438885014	197.67893117279306	-234.40853872630552	-332.67402745577476	-431.58404616272026	288.5246838376479	-282.6358886816941	177.07138903995363	-249.2685646950104	-78.28119382956233	-97.9632762811801	153.52751334134192	-90.34816226755349	12.371960304071887	147.77823362534355	-21.85988911352011	-16.3263468416184	14.85522967051755	47.70123767193172	232.19723313006705	49.44517127530047	90.34816226755349	160.41824545484474	161.63555320141245	21.85988911352011	39.29674217340515	38.872027168706104	81.56448906892761	14.560617898540665	14.842218593504862	0.6826154428075512	69.89126775081314	-15.114520057870967	-15.114520057870967	-56.38345725347706	-134.54013769448449	-93.82496506691997	15.423029894957818	-17.542805734280055	450.3086942651737
0.09440608762859236	2653.6925917880467	0.6851237711855328	264.52931551738385	228.95820219923317	213.02566076357166	-246.50304238281433	-345.53562886012656	-445.29269419963464	305.27138372730394	-287.3108625306193	200.65539679075474	-252.80589340429043	-70.33740988740973	-100.31533694935517	161.76528955227712	-91.91885187390882	12.840255269805473	157.01040010006855	-22.016577343721334	-17.515672288200296	16.493004034129047	50.273458557730436	245.224536455619	52.92052859200313	91.91885187390882	177.00328446558305	171.37560157562203	22.016577343721334	41.341651453822806	44.16027998251106	87.08359579821553	14.560617898540665	14.842218593504862	0.6826154428075512	73.82297371608962	-15.664003315709863	-15.664003315709863	-61.27438356650723	-140.06081347722952	-96.83088639143098	18.108651516327562	-17.723512751897545	452.52719115751876
0.1	2454.634964052877	0.6854131852986162	283.1514268379753	246.03314237053178	229.1637931925175	-258.53250436490464	-358.00748427565935	-458.2935302721387	322.65714670479764	-291.1249701019712	226.6303269775645	-255.57185734619435	-60.7353576787096	-102.42975876584035	169.99513489037454	-93.26081816099287	13.321894638992656	166.47907490192287	-22.11500231939029	-18.689416929540155	18.181261812609844	52.94834007983781	258.3450513132025	56.60151732977929	93.26081816099287	194.44289787782958	181.45662203754068	22.11500231939029	43.32082404774285	49.89879739384542	92.82654809341896	14.560617898540665	14.842218593504862	0.6826154428075512	77.7627868802153	-16.106961758883326	-16.106961758883326	-66.44836621283187	-145.52651490622478	-99.78159998497286	20.94448124097104	-17.78788522218061	453.13910016418333
0.10592537251772886	2265.057009716184	0.6857338960603189	302.7975427535744	264.22352899867246	246.4514309294444	-270.4907687858764	-370.10728555773983	-470.6283312453798	341.3401145754417	-294.1218614983928	256.29315670134105	-257.6234811527863	-48.84996132799724	-104.2931606424618	178.39658058880266	-94.36054105243252	13.795503323228386	176.59323945378347	-22.154238394665956	-19.840811898957384	19.876336243788735	55.962432524193964	271.48760755156627	60.708402072100455	94.36054105243252	212.66271882121316	192.28746626671568	22.154238394665956	45.21912180910051	56.08747333971528	98.96616636788892	14.560617898540665	14.842218593504862	0.6826154428075512	81.80061371140704	-16.380133649103364	-16.380133649103364	-71.90448323432265	-150.9232124680055	-102.6815612762036	24.02912522073277	-17.680122476001767	452.2523411067609
0.1122018454301963	2085.5675344547267	0.6860887933719837	323.15218252841424	283.21834158128496	264.57564991738735	-282.372401504314	-381.8541232578712	-482.3409193968625	360.79105325965656	-296.348009017438	288.55283678564496	-259.01830357443316	-35.25451551680543	-105.89631621858169	186.82128837707882	-95.20841368158196	14.242482343382159	187.09575729427655	-22.134060570342104	-20.963764382692563	21.538258621972215	59.215826126661746	284.58236618063444	65.12900304774531	95.20841368158196	231.5758587699966	203.61706236022886	22.134060570342104	47.02360478182907	62.71659211084848	105.34750846852268	14.560617898540665	14.842218593504862	0.6826154428075512	85.86235678404589	-16.531652454057678	-16.531652454057678	-77.63968361727638	-156.2396623712933	-105.53575965582397	27.294302763197663	-17.45546141479525	449.97674717306217
0.1188502227437019	1915.3418381670006	0.6864809199815988	341.6842448922309	300.51897677432294	281.0651029126731	-293.99505541241734	-393.030797908472	-493.17874126685035	376.65652196571534	-297.6536387479246	314.9348436287024	-259.61514526482154	-24.078934812367766	-107.21575128487375	193.94995905429855	-95.79817876796915	14.640823137679726	195.49218081534755	-22.054986212333148	-22.05340835854128	23.17952446883994	61.47118324120578	297.5288878841957	68.63819404565838	95.79817876796915	251.13577906337323	212.9265326960292	22.054986212333148	48.723449986594865	69.77797676793492	110.73283871994472	14.560617898540665	14.842218593504862	0.6826154428075512	89.29096212855875	-16.927693035442445	-16.927693035442445	-83.64867164639618	-161.44898707808457	-108.32687522492004	30.093612417868915	-17.482231475444635	446.1534086847866
0.12589254117941676	1753.5545406486995	0.6869134525505544	360.9380381036708	318.7153392713509	298.54996760233513	-305.12065926141605	-403.3570797615362	-502.8184725961419	393.8003687962622	-297.89079889097604	345.4325763645895	-259.2745945464895	-10.20230271068384	-108.23587149590185	201.01973734610513	-96.12597481787974	14.957279212574225	204.39142032235915	-21.91829391662648	-23.109572643634355	24.79752203573781	64.05133327245088	310.23633742811717	72.56030095560946	96.12597481787974	271.2912406252518	222.79967178851686	21.91829391662648	50.31219358249242	77.26072495254977	116.42409905787618	14.560617898540665	14.842218593504862	0.6826154428075512	92.7041685325993	-17.10476896197566	-17.10476896197566	-89.92332150028443	-166.53037625396564	-111.047710200705	33.05700268007552	-17.29847909208359	440.59398242124536
0.1333521432163324	1601.111018688767	0.6873896752066077	380.79660668928994	337.6954006705817	316.91965115673054	-315.78201811311675	-412.91963501452767	-511.40057165704735	412.027941011169	-297.17336477558416	379.55152838724854	-258.11653587917755	6.069269689136407	-108.95912184268082	207.98721124792743	-96.19282287222129	15.161029411543469	213.75058791389617	-21.725882730459865	-24.133518242913865	26.35684499872577	66.96023996462195	322.6739307415462	76.85515679383779	96.19282287222129	292.01672482709483	233.11896829984371	21.725882730459865	51.787233811149655	85.17445731836364	122.33642116447085	14.560617898540665	14.842218593504862	0.6826154428075512	96.07940584728955	-17.079044587082	-17.079044587082	-96.45316607034142	-171.47953265608533	-113.70755064939335	36.161241021392044	-16.926994137285472	433.54379966130847
0.1412537544622754	1459.6453852302209	0.6879129445833271	400.0053817180447	356.2012562143264	334.9119917198994	-326.26795787304223	-422.1326799557124	-519.4656864585104	428.7126660263812	-295.7741354342521	411.7344276899105	-256.4164428703784	21.802018298138726	-109.39166024834516	214.24968059175188	-96.00494012936377	15.244657246425463	222.3708712020139	-21.480281180548012	-25.124872901372324	27.845634668254746	69.60569215341748	334.8598215967387	80.85921942629699	96.00494012936377	313.3494974041539	242.54709235440248	21.480281180548012	53.14734652729857	93.54822238586122	127.79101402473648	14.560617898540665	14.842218593504862	0.6826154428075512	99.1151382887399	-17.053286692300716	-17.053286692300716	-103.22485614604143	-176.2940167465102	-116.3113296465514	39.099997134972206	-16.575342190516402	425.56311170569916
0.1496235656094433	1329.299208692871	0.6884866454703372	417.36968842504575	373.0770668679377	351.4105583896207	-336.7063618018313	-431.1871477592227	-527.2682909116749	441.4366457326804	-293.75420169288816	437.15200933646037	-254.23555496235264	34.58431390092117	-109.51970806822787	219.1662786991971	-95.57068568824505	15.224871621501698	229.0664359062813	-21.184532433911713	-26.080722642168887	29.33508651527211	71.36472888776593	346.78501520476664	83.92186198399322	95.57068568824505	335.3677861205578	249.76003597298805	21.184532433911713	54.3895904397278	102.40105332618387	132.19236887313303	14.560617898540665	14.842218593504862	0.6826154428075512	101.49270243744498	-17.161738855666993	-17.161738855666993	-110.2225804877327	-180.94999635757196	-118.83421693571646	41.559914267024034	-16.37384619774369	416.9264991386311
0.15848931924611143	1208.8946242165441	0.689114136401574	435.08399152499777	390.5364012091249	368.64777931168834	-346.9383234191162	-439.90282983747653	-534.6059884148237	454.43707359686283	-291.0619002095468	464.3791747231159	-251.52228001658395	48.75375229925015	-109.34898746276889	223.8564577982868	-94.89793107798828	15.121145454942361	236.05608433056534	-20.84190465033361	-26.996456481732903	30.83353811804263	73.34203305148156	358.42503750534235	87.15931067782435	94.89793107798828	357.99637844066933	257.01951315205696	20.84190465033361	55.50852931742244	111.69853169328218	136.6796311051838	14.560617898540665	14.842218593504862	0.6826154428075512	103.76888071602187	-17.03639613596354	-17.03639613596354	-117.42818446924352	-185.44162979825845	-121.27832729033551	44.09868074379468	-15.954995385824398	407.53304559209573
0.16788040181225605	1098.1563522095487	0.6897986849225006	453.0888801772427	408.50541645372715	386.5362084722057	-357.01862897542344	-448.3748914785496	-541.6143244335541	467.60797539257203	-287.81276610384293	493.0464839065217	-248.39100056869077	64.04776455305787	-108.89573475858597	228.34789231620468	-93.99616939275651	14.95259580827301	243.3169772524969	-20.455717022105972	-27.864037608336847	32.31273529414622	75.53632497952226	369.76988180278835	90.55629735410896	93.99616939275651	381.1321001744491	264.33782773905426	20.455717022105972	56.4968600513797	121.41156307578409	141.23161002635442	14.560617898540665	14.842218593504862	0.6826154428075512	105.95546426833968	-16.70644332012146	-16.70644332012146	-124.8219604744641	-189.77261420477797	-123.65484069713261	46.71952830876192	-15.352572368217345	397.554178222323
0.1778279410038923	996.6800567127591	0.6905433925647393	469.1197306046816	424.69383014616506	402.76181604839917	-367.0011298893258	-456.69349998648	-548.4197550277288	476.7778179908623	-284.09268006291717	514.6513491479061	-244.92439938623806	76.13817785020136	-108.17077866221506	231.54856283915626	-92.87546278106157	14.7477883591892	248.59962464470865	-20.029306105760405	-28.668466258891662	33.751975909055105	76.83077076708936	380.7856137112528	92.99603456804242	92.87546278106157	404.64546759182497	269.51816192479606	20.029306105760405	57.34145593036635	131.50599108034206	144.72926701616976	14.560617898540665	14.842218593504862	0.6826154428075512	107.50783893640566	-16.549771760724564	-16.549771760724564	-132.38372285990226	-193.9410643429917	-125.96444464289043	48.8662594283805	-14.949033584319308	387.1404958157815
0.18836490894898	903.3492292975446	0.6913511067914158	483.8256882643467	439.79605465032597	418.06778061544304	-376.6771959927369	-464.6215326193039	-554.7550877602641	483.3987957587787	-279.77196526576	532.3305478436841	-240.9866620213868	86.71617746954092	-107.16692067269572	233.7619112695072	-91.54823792894388	14.529892603666656	252.58175530061018	-19.56661457332218	-29.39846094375984	35.19693359043882	77.55191266619644	391.3784017565845	94.83843216714348	91.54823792894388	428.40955223367644	273.2778209894255	19.56661457332218	58.03301492563647	141.9207445892186	147.57983087519992	14.560617898540665	14.842218593504862	0.6826154428075512	108.57757057358907	-16.39863759132441	-16.39863759132441	-140.08892533857474	-197.92438261408918	-128.1816788271712	50.69474655082218	-14.569301985341252	376.1621407802392
0.1995262314968879	817.3427232382071	0.6922244022434028	498.7002119974894	455.31185890394175	433.9603633096041	-385.8624952366653	-471.95919895417495	-560.4033544533896	490.5596842863603	-274.83508632815193	552.304950378312	-236.5615336524813	98.91504019098181	-105.8966811278697	235.79002595644596	-90.02134164966361	14.293618190893113	256.8444503992757	-19.070936152253285	-30.04419977288542	36.5921598114065	78.52624375619341	401.4454299212953	96.92719831542105	90.02134164966361	452.17899834869695	277.31807865157117	19.070936152253285	58.56029878365969	152.57537279523046	150.59200854493676	14.560617898540665	14.842218593504862	0.6826154428075512	109.56220819375127	-16.013854360910887	-16.013854360910887	-147.91720533811895	-201.72254643621702	-130.31789647607798	52.59931305487346	-13.977457213997997	364.5517277778778
0.21134890398366477	738.1651753682206	0.6931652151494918	513.6206689643261	471.098120434211	450.2792648144015	-394.4623137220213	-478.6207314362272	-565.28625446553	498.2857460121792	-269.3392137426363	574.5240518933698	-231.69978148464637	112.66576615899167	-104.38475155927233	237.6468756527025	-88.30841845162034	14.029432550077257	261.35594831355843	-18.54609148770428	-30.59940993242108	37.87281409959943	79.77354600404973	410.91162729093156	99.28068599171452	88.30841845162034	475.7182359449694	281.69236242845767	18.54609148770428	58.91964947827803	163.3914747539266	153.73800382789665	14.560617898540665	14.842218593504862	0.6826154428075512	110.46633006173931	-15.436587138617455	-15.436587138617455	-155.8432466911914	-205.3443660586157	-132.38760986831736	54.570549482232465	-13.219199281243778	352.3516478410556
0.223872113856834	665.220562100583	0.6941751337202867	525.1394831180985	483.6712403928327	463.5093360835829	-402.2970236004381	-484.4192054822607	-569.2074005859793	500.52579052956787	-263.24667779274546	586.8386482024207	-226.35427214084973	121.88042468669953	-102.64060611659477	237.60554864312112	-86.42350953275748	13.715852366522563	262.69861063247185	-17.995690408446784	-31.057386733771096	39.008360205409744	79.60765140284289	419.6787133220199	100.24009480862	86.42350953275748	498.85247352305004	283.03647282922947	17.995690408446784	59.10779140333265	174.31415580949775	155.3116768047061	14.560617898540665	14.842218593504862	0.6826154428075512	110.43286479532969	-15.21546093952788	-15.21546093952788	-163.8430774927666	-208.78456307817422	-134.3835317053569	55.73215871287251	-12.848790336599667	339.5407152197022
0.23713737056616552	597.9115676948691	0.6952550429780626	536.0030120362925	495.8510695655547	476.5512104446452	-409.11941698216464	-489.09025483455844	-571.8823714010869	502.7236387429136	-256.4644015537256	600.4118915982472	-220.42000471642228	132.29244845233757	-100.66760870394332	237.0100752199791	-84.38452118542601	13.318664967560471	263.7006726762858	-17.423986513742438	-31.423554210277853	40.0206008417189	79.45364399075764	427.7143658165984	101.18828838561258	84.38452118542601	521.6063836163858	284.0593812881244	17.423986513742438	59.13397519860434	185.35165243683045	156.7030904086138	14.560617898540665	14.842218593504862	0.6826154428075512	110.12944359424934	-14.841193632825766	-14.841193632825766	-171.88953421516558	-212.0297624879482	-136.28785132089772	56.757011279148934	-12.34456020830739	326.06620313643214
0.25118864315095796	537.2056305222242	0.6964050947250391	546.7357912419345	508.1440514823119	489.8987691855998	-415.80157053270574	-493.7030738685605	-574.5823012411732	504.5156290234357	-249.45273368955324	613.9314674319148	-214.354867206846	142.95567344964218	-98.4946141644858	236.20302200646734	-82.20841416021727	12.835688606298326	264.9694386907062	-16.83460450009105	-31.70765558682032	40.89753746947497	79.61221006639848	435.197168148887	102.22383785562232	82.20841416021727	544.2330090192667	284.98187280576207	16.83460450009105	59.01194484457386	196.6206931690459	158.00293953414987	14.560617898540665	14.842218593504862	0.6826154428075512	109.7239218347055	-14.252242229049871	-14.252242229049871	-179.95771888105236	-215.0934395518506	-138.1168435870215	57.798097694786804	-11.64711363109288	312.7482518772591
0.26607250597988086	482.3890503785036	0.697624619777796	556.9423266705257	520.1084181778258	503.07039455624874	-422.2542265373647	-498.16200335186494	-577.2037189487354	505.4276435106544	-242.26425794591344	626.2934462086778	-208.19957895709982	153.2525877144845	-96.15230509630452	235.06431032219209	-79.91255518247614	12.320687239695541	266.08015050922234	-16.231103934334694	-31.905589997691568	41.63968122264605	79.84949834640267	442.1750888596647	103.13911002443382	79.91255518247614	566.6343463164662	285.4911750492188	16.231103934334694	58.74358350530913	208.0637373762047	159.04130697231037	14.560617898540665	14.842218593504862	0.6826154428075512	109.15461178095579	-13.561145127195632	-13.561145127195632	-188.02246759011427	-217.9907090594394	-139.88369490836715	58.774020738334286	-10.871846334201388	299.5600616986874
0.2818382931264455	432.7312406397725	0.6989120863950458	563.3926381756183	528.456295688137	512.7289677636838	-428.27519454054925	-502.2400271465135	-579.4924075344017	499.7879667891196	-234.82637909255058	626.0846681663255	-201.86402457920738	157.4598806465508	-93.65120097682215	231.973136025066	-77.51797812067873	11.81789707477405	263.73774303064334	-15.61758515943129	-32.012804956018606	42.30894571990659	78.46984103722706	448.58445682123767	102.33847714387677	77.51797812067873	588.6300938804186	282.4178802981416	15.61758515943129	58.33221649261336	219.5633703161137	158.27427036462606	14.560617898540665	14.842218593504862	0.6826154428075512	107.6215063923782	-13.275047533672312	-13.275047533672312	-196.05496516054964	-220.71428703316602	-141.56846058286348	58.85929057500725	-10.527932012834224	286.409432965684
0.298538261891796	387.8269956344764	0.7002650107090231	569.8180949280928	536.994928708059	522.7627760710483	-433.87728264060746	-505.9643725790873	-581.4891445152233	494.5184080146647	-227.1616757101617	627.3083239744393	-195.3664508146715	162.6658779184134	-90.9959524839353	228.8413786244645	-75.03306287211882	11.32592243286117	261.8101432424464	-14.99676245724564	-32.02904418970426	42.9119051994568	77.41971986277574	454.31868183900565	101.77450132405784	75.03306287211882	610.0041815606711	279.6871994360268	14.99676245724564	57.7775385483389	231.0082895633808	157.68539747940227	14.560617898540665	14.842218593504862	0.6826154428075512	106.07049329576178	-12.75262343029006	-12.75262343029006	-204.03527725629866	-223.2572268780626	-143.1678822518636	59.01334797556758	-9.96140397882209	273.36572022213795
0.31622776601683794	346.61798334449986	0.7016799864704866	576.0836712610751	545.5492607886918	532.962070886528	-438.2275321308107	-508.3784578248337	-582.1060058802325	490.91414327393335	-219.0979438290544	632.7432627832726	-188.51847904027392	170.37346659735132	-88.21696640950175	225.6672658239637	-72.47119225415966	10.825779873014453	260.2126658999438	-14.37178626868084	-31.94563306954639	43.3495750589215	76.71287738080538	459.1824430560174	101.6150554811299	72.47119225415966	630.2382244670827	277.6606868812036	14.37178626868084	57.07494969647498	242.1894844380696	157.37677093129716	14.560617898540665	14.842218593504862	0.6826154428075512	104.49905091604141	-12.058332010609293	-12.058332010609293	-211.94039990591858	-225.6358384324609	-144.70032677188104	59.214966406999785	-9.241137524769384	259.98743328436154
0.3349654391578276	309.29299465410924	0.7031526890108338	580.7561938765007	552.6228225464848	541.7765952025992	-441.8080158790144	-510.06026578136505	-582.0194924122798	485.5444748841959	-210.87368650389053	635.0764649955702	-181.5443644416172	176.71478708603414	-85.3513236210788	221.7812945543743	-69.85739245726354	10.278094909168878	257.5618296356583	-13.746495462907887	-31.77581844439866	43.58277124317598	75.67199694539194	463.32527949141866	101.01306723752711	69.85739245726354	649.5439254678861	274.60432828993555	13.746495462907887	56.247721624652435	253.21405278403938	156.4357082084886	14.560617898540665	14.842218593504862	0.6826154428075512	102.57648376324285	-11.44859980722699	-11.44859980722699	-219.74123624555295	-227.868581502239	-146.17482821554023	59.10186743218598	-8.627665356092406	246.67713048861205
0.3548133892335753	275.987839951971	0.7046778696375389	582.7757948108024	557.1497302211015	548.1396848442773	-445.3113200782616	-511.8153387078781	-582.1530578850493	475.14575120838253	-202.64759807565113	627.4983875884259	-174.60113337115175	178.1459413593368	-82.38673892864702	216.58825849942502	-67.19890053288245	9.701049169755233	252.732253900459	-13.122517849582051	-31.52349042292638	43.700328922438004	73.68389497917323	466.92562392503794	99.20699833989605	67.19890053288245	668.3572712746595	268.95383994201876	13.122517849582051	55.30088634727005	264.2598862241471	154.14545376787845	14.560617898540665	14.842218593504862	0.6826154428075512	100.01499172448769	-11.046896361927029	-11.046896361927029	-227.42622147253323	-229.93740719064047	-147.56630822998662	58.380389195723446	-8.241130435486179	233.86897248795464
0.3758374042884443	246.14369568709307	0.7062494458698244	584.7845205323587	561.7964602116399	554.7519162094846	-448.5062845833214	-513.3758820230679	-582.1997640719102	465.1785294682853	-194.42747762765862	621.0289904193955	-167.68041456838571	180.244814163244	-79.35662320121651	211.51174950014928	-64.51708237230416	9.15856391557784	248.39928002462315	-12.503508489317184	-31.19436805597307	43.74692534848843	72.04682989320267	469.9831908489551	97.57487929530143	64.51708237230416	686.4521212557156	263.61039226097876	12.503508489317184	54.24848329507862	275.1596845859416	151.99158306478097	14.560617898540665	14.842218593504862	0.6826154428075512	97.51275468935755	-10.457901725513441	-10.457901725513441	-234.9668248556855	-231.85738489948966	-148.88368296392918	57.74686409431417	-7.673998766079846	221.4448516810233
0.3981071705534973	219.15573682313192	0.7078606432071309	586.6244535195451	566.3627842482065	561.3729732807114	-450.85317810282874	-514.1252044879623	-581.4605631895973	456.39079404760616	-186.14232411963144	617.2315319724912	-160.70200754106799	183.83857269252488	-76.28140472359631	206.54636599711506	-61.8185860416082	8.650829382752379	244.46377443999904	-11.891163931524105	-30.782754014462625	43.66238178856262	70.74014692007859	472.27269239304366	96.27426128675147	61.8185860416082	703.2492012154972	258.9332208571112	11.891163931524105	53.086468092146994	285.6418647438469	150.10553207263044	14.560617898540665	14.842218593504862	0.6826154428075512	95.0664649931931	-9.739584512845916	-9.739584512845916	-242.3504643223357	-233.6415260648039	-150.14269610525344	57.18503298014548	-6.988873448932966	209.1694806214247
0.4216965034285822	194.67999066053792	0.7095040621119308	586.1605255106062	568.6264165842201	565.6981101885693	-452.06772504158806	-513.7438664759101	-579.5774896918283	445.29158790378773	-177.75780258081664	608.9848113217045	-153.6164513814892	185.3135084162763	-73.1821485475792	200.60594363494388	-59.11924339406912	8.121111747002182	238.76703261505432	-11.287872811470576	-30.29710362541269	43.39610482482463	68.70788964885708	473.7596842857133	94.27042667848916	59.11924339406912	718.6627472645192	252.76491825867475	11.287872811470576	51.829737250570865	295.67583564676585	147.35599152745172	14.560617898540665	14.842218593504862	0.6826154428075512	92.14719923378854	-9.2481907918499	-9.2481907918499	-249.55852462062333	-235.2990482192059	-151.34510662120064	56.13352816726627	-6.551561111638461	196.97622887070386
0.44668359215096304	172.9703701243813	0.7111717375447278	584.2725349283231	569.5036100295821	568.6881265231294	-453.2652506978268	-513.4994957666845	-577.9801386049699	431.49664166375237	-169.51106483628496	595.1894455032066	-146.6599103508318	183.9543949508548	-70.05793667635908	194.1011486543713	-56.430814310095776	7.584165162850305	232.17551770124183	-10.695395178462158	-29.745004080341808	43.02468255478494	66.34572320545888	474.7693157327181	91.66516429731024	56.430814310095776	733.3788590456169	245.2876096792841	10.695395178462158	50.49050932773676	305.565264744319	143.88988802809118	14.560617898540665	14.842218593504862	0.6826154428075512	88.959691362606	-8.804308041946245	-8.804308041946245	-256.57784484205393	-236.82137562011283	-152.47131563572924	54.80059364902627	-6.1692481791541285	185.39315039054267
0.4731512589614803	153.63035813642836	0.7128557782825944	582.4085745766195	570.4429839321404	571.796329679269	-454.2096295274268	-513.1161857388963	-576.3505345382588	418.27025838766116	-161.41802980757097	582.4290279969526	-139.83988720274078	183.0906740578056	-66.9347323436985	187.85291499370726	-53.765326968400835	7.098354998353431	226.1610073115846	-10.11567801193989	-29.13259688891468	42.583472206229885	64.35199635064247	475.2599089521832	89.27690238709128	53.765326968400835	747.0993684197023	238.2753846300954	10.11567801193989	49.07963983748412	315.1051193039749	140.62045410866162	14.560617898540665	14.842218593504862	0.6826154428075512	85.9028565891624	-8.217159500255688	-8.217159500255688	-263.39246220567696	-238.2238960438824	-153.53515706732105	53.58397572614826	-5.645567347477779	174.3070324453194
0.5011872336272725	136.08501731430425	0.7145476403655242	580.3672959201897	571.2082306941762	574.7528866457722	-453.82652355079193	-511.3756577721789	-573.3158905374028	407.2496605433665	-153.30350074051577	574.2860371740093	-132.96736629124757	184.68721803924817	-63.83050770861509	181.79600711086925	-51.12987225434779	6.633182172938945	220.5681770943582	-9.550194484683418	-28.457190789675064	41.99788483105038	62.6947506770632	474.9202614845677	87.33685926661589	51.12987225434779	759.1113953839069	232.1999094102943	9.550194484683418	47.597082871984064	323.9573009719613	137.73435652621524	14.560617898540665	14.842218593504862	0.6826154428075512	82.944543429355	-7.54239026199249	-7.54239026199249	-269.9946541189667	-239.5194853836751	-154.54881857451755	52.43978113370003	-5.039579030800283	163.32567196687185
0.5308844442309885	120.53686196781926	0.7162392362221531	575.6779710826838	569.2137988707885	574.8580748048431	-453.31823742451456	-509.62992523436236	-570.389258720686	391.51901710636355	-145.40708704243852	556.150433979228	-126.28293860733385	181.04047512420965	-60.75678337496301	174.64279722857458	-48.53691720084823	6.1598574791368	212.80482449809952	-9.00017312029241	-27.73614473118147	41.29287796485288	60.037685262793666	474.1146536779563	84.21258892525216	48.53691720084823	770.1679279663555	223.6720838181367	9.00017312029241	46.065999408728985	332.4739038270065	133.51237726411767	14.560617898540665	14.842218593504862	0.6826154428075512	79.46568442297333	-7.181204993253478	-7.181204993253478	-276.3733725396145	-240.7122471882887	-155.50697112934947	50.71380607446952	-4.765660252860309	152.92010169302895
0.5623413251903491	106.74414697217895	0.7179223035987783	570.6675547249502	566.8754159138308	574.6222134757965	-452.6229424482542	-507.79928083055506	-567.4724973337675	375.62515019926644	-137.70789319749514	537.4004531372493	-119.76163791285278	176.9898716744344	-57.71246876005412	167.5844648676232	-45.99083211891864	5.730466299679004	205.23697366431014	-8.466421713722951	-26.96769466439162	40.53475917172826	57.53788363670148	472.8432942992752	81.09886130414802	45.99083211891864	780.2046357724786	215.18435300484163	8.466421713722951	44.48660614917395	340.57654650417635	129.27367164773466	14.560617898540665	14.842218593504862	0.6826154428075512	76.0442449688519	-6.745259039070274	-6.745259039070274	-282.5230251077663	-241.79777096115936	-156.40015364251764	49.00792169415357	-4.4152643256731805	143.04986539179214
0.5956621435290104	94.29525510091317	0.7195893384444345	565.6677543290854	564.5059558893264	574.3412344923815	-450.71190731932205	-504.7221196950109	-563.2609411156918	362.1807742130709	-130.08234333698374	523.5824758420191	-113.26591887354213	175.48933863789043	-54.72200824468263	160.84933494996415	-43.5027666322197	5.327933932272278	198.26530572899875	-7.950763360627793	-26.155036650347366	39.67268374759266	55.4245000242169	470.8180943703978	78.48667718210143	43.5027666322197	788.5066660151318	207.76615816507373	7.950763360627793	42.867183787913326	347.8982818105017	125.50599128929792	14.560617898540665	14.842218593504862	0.6826154428075512	72.78852590321961	-6.210207168977315	-6.210207168977315	-288.4339404435343	-242.79291476495146	-157.24231586382712	47.42240784429725	-3.9638433776453805	133.39323894422267
0.630957344480193	83.32561665455867	0.7212326112783779	560.3480310660948	561.7397216737476	573.6134791748038	-448.8633519113852	-501.82327421480113	-559.3387756544508	348.20186125680897	-122.76529895925825	508.148677214866	-107.03985481244224	172.95760455876785	-51.79809408809255	154.26896006969537	-41.07834143789342	4.929843946146276	191.53127216858772	-7.453460330386529	-25.315464782086817	38.712931996277874	53.50388109547715	468.4572181112283	75.82264032865666	41.07834143789342	795.90715989746	200.248660679236	7.453460330386529	41.22754641131498	354.8403948841776	121.59925431922866	14.560617898540665	14.842218593504862	0.6826154428075512	69.61735505488433	-5.651929293502953	-5.651929293502953	-294.10439926943826	-243.70845010250792	-158.04205407906196	45.86568543204684	-3.4914312648240187	124.34511512578965
0.6683439175686149	73.53425765818349	0.72284565919368	552.7874401866727	556.550600709794	570.3023448291578	-446.3378987076704	-498.26630362974606	-554.7652496057243	331.36322563780016	-115.62580729483446	486.4402593534032	-100.9449649448204	167.06749324711055	-48.93448270482206	146.827928493535	-38.71792198474808	4.575053695180397	182.9162136676042	-6.974492501111982	-24.442674161859323	37.699326846298916	50.65668726110715	465.5186465489186	72.32259778812809	38.71792198474808	801.8672144587051	191.06574581364353	6.974492501111982	39.562619845192344	361.0945430481133	116.78835120268641	14.560617898540665	14.842218593504862	0.6826154428075512	66.05093907755709	-5.377105564857863	-5.377105564857863	-299.5361395393255	-244.5393764689459	-158.78870109017802	43.83542577636106	-3.3173177201835404	115.67922386516113
0.707945784384138	64.8350890107381	0.7244221430696447	545.4274066519162	551.495938789938	567.0913610134683	-443.34009052721075	-494.2718399107336	-549.7792670024259	315.9918511653698	-108.70393911399528	467.3737079717587	-95.01443646968833	162.4203594387257	-46.15031957696885	139.80882631244563	-36.436465995698256	4.231055494627609	175.06273871490055	-6.515756956504644	-23.550357958195367	36.62462887871654	48.24420138606905	462.1070156950214	69.183782570827	36.436465995698256	806.5660368719477	182.64104731274657	6.515756956504644	37.89354894752456	366.7336853204513	112.30772254678004	14.560617898540665	14.842218593504862	0.6826154428075512	62.699311078625605	-4.98704660376929	-4.98704660376929	-304.71738889434647	-245.2951785860648	-159.4832785324632	41.96372853895681	-3.018955966952989	107.44940507037083
0.7498942093324559	57.14099940228642	0.7259567718290556	538.1382730976782	546.4227866510096	563.7980750955999	-440.09295894224334	-490.080294116125	-544.6411491470192	301.4494867226816	-102.04907072800461	449.53777169306306	-89.30795186195739	158.2301667751072	-43.44302647913841	133.14566801054204	-34.22674996095188	3.914575355397311	167.7875351027064	-6.076220046720281	-22.640916234937723	35.499666279399634	46.15652546848195	458.3015947362075	66.28156254420455	34.22674996095188	810.1271048224014	174.74640808858598	6.076220046720281	36.21896205169358	371.8017694520723	108.04210532601475	14.560617898540665	14.842218593504862	0.6826154428075512	59.53052823008494	-4.527522749937866	-4.527522749937866	-309.6599517924215	-245.98086259980047	-160.13626821865873	40.219856733140745	-2.6482151941434093	99.69794868390203
0.7943282347242814	50.30043933508572	0.7274448190608103	530.1617428648152	540.506687992771	559.5305634256232	-436.2720766276772	-485.3222887328815	-538.9334317723718	286.9231257072858	-95.64890142164926	431.22278510153103	-83.80460109103558	153.6066406138025	-40.83337454015388	126.4715956125444	-32.10046723405013	3.6152221914496567	160.27729057206312	-5.657035467732522	-21.721542216153885	34.30610213343049	43.97704333910845	454.04016026203885	63.30926891496449	32.10046723405013	812.3277231833042	166.76168295238256	5.657035467732522	34.55324916624273	376.169084877259	103.65335658844086	14.560617898540665	14.842218593504862	0.6826154428075512	56.370154798835124	-4.14573873657417	-4.14573873657417	-314.3571251703926	-246.61037531890554	-160.75359709161881	38.4093416560765	-2.3590526229089717	92.33667628232541
0.8413951416451948	44.25223655490976	0.7288821626527673	521.0456873603225	533.279227453547	553.8019237761278	-432.14731073017657	-480.29080778813943	-532.9752443298995	270.9773177211394	-89.5001108537214	409.4305738691504	-78.50386102247539	146.97983842775278	-38.30964293206238	119.50490416617333	-30.055765393489903	3.3477269300561803	151.97926211076438	-5.257742516399828	-20.79305106751558	33.094400788150345	41.38966318810339	449.39412579270487	59.93379008577982	30.055765393489903	813.3550372707631	157.98629626164063	5.257742516399828	32.89708375184147	379.9041841993264	98.81847676287741	14.560617898540665	14.842218593504862	0.6826154428075512	53.089361785685455	-3.895536475878404	-3.895536475878404	-318.8161590310265	-247.1767247964706	-161.32407509117579	36.40217518434878	-2.205590111481798	85.41311742082382
0.8912509381337459	38.90365804809104	0.7302656265608392	512.1378932066685	526.1625970275138	548.1126035628624	-427.6834569512926	-474.93962328863097	-526.7092444130099	256.31119539724136	-83.6034812690433	389.8128718416307	-73.40631616209173	141.30776478775576	-35.87993951764872	112.96120311740862	-28.096381127120072	3.0890623117795264	144.38214690732707	-4.8785602151737795	-19.866586102119502	31.859675766484866	39.16632171509271	444.3872982876535	56.87154990155679	28.096381127120072	813.2420722275201	149.8849352568685	4.8785602151737795	31.263725898849668	383.00643808447995	94.29036267655152	14.560617898540665	14.842218593504862	0.6826154428075512	50.021873241968294	-3.5652575671698816	-3.5652575671698816	-323.0380407564424	-247.68709068742555	-161.85337835138208	34.549653100741025	-1.963696300544173	78.90283707892895
0.9440608762859236	34.16205883760694	0.7315928415757836	503.34863366189427	519.0459808729529	542.3265318490431	-422.7061178514753	-469.06884969581097	-519.9085038670111	243.12640154542916	-77.96627519283572	372.7826240849676	-68.52215383559808	136.7983378273617	-33.54926725595552	106.81256600588277	-26.220862790533342	2.8542260545151197	137.36559933774055	-4.519129423668676	-18.940610780154028	30.5927463527659	37.242006259081954	438.9761099586652	54.14320086363678	26.220862790533342	811.8295741807665	142.5419786850232	4.519129423668676	29.651926327174877	385.38653390232906	90.10409445789078	14.560617898540665	14.842218593504862	0.6826154428075512	47.15235484718304	-3.1937474283432294	-3.1937474283432294	-327.0301235899617	-248.14989869167465	-162.3502321144029	32.83501564758539	-1.6762185015621542	72.75921328395206
1.	30.00003016106312	0.7328616303377504	493.7312666642196	510.9135955563521	535.3544804395293	-417.7421824791275	-463.2571235419244	-513.2092174664758	228.55794959045627	-72.64206649783978	352.19262926905145	-63.9063972824105	130.15532951698125	-31.32539804436272	100.54567701154481	-24.434138158191555	2.638756863538634	129.8395016470479	-4.179427011189151	-18.025459700710407	29.311283418416032	35.03104935623871	433.3596781203749	51.06439778604044	24.434138158191555	809.509670205529	134.52207014589868	4.179427011189151	28.075884120035997	387.22463916383435	85.51714369544274	14.560617898540665	14.842218593504862	0.6826154428075512	44.242554913575255	-2.9486014795366158	-2.9486014795366158	-330.79407676748906	-248.5721634706411	-162.81620200265922	31.00158752447804	-1.5204048960049408	67.05624701614258