#, 1.k[h/Mpc], 2.PSL,  3.f(k),  4.P22dd, 5.P22dt, 6.P22tt, 7.P13dd, 8.P13dt, 9.P13tt, 10.I1udd1A, 11.I2uud1A, 12.I2uud2A  13.I3uuu2A, 14.I3uuu3A,  15.I2uudd1B,   16.I2uudd2B, 17.I3uuud1B, 18.I3uuud2B, 19.I3uuud3B, 20.I4uuuu1B,  21.I4uuuu2B,  22.I4uuuu3B, 23.I4uuuu4B, 24.I2uudd1C ,   25.I2uudd2C , 26.I3uuud1C , 27.I3uuud2C , 28.I3uuud3C , 29.I4uuuu1C ,  30.I4uuuu2C ,  31.I4uuuu3C , 32.I4uuuu4C, 33.sigma2, 34.sigma2v, 35.f0, 36.Pb2b1,  37.Pbs2b1,  38.Pb22,  39.Pb2s2,  40.Pbs22,  41.Pb2theta,  42.Pbs2theta,  43.sigma32*pk 
0.001	1620.2532334458106	0.6826727980710453	0.00010593719626353559	0.00007339758247597737	0.0001268003734636035	-0.013990830279630814	-0.034992430357428515	-0.05599765927267491	0.00492690910886957	-0.04346723680339564	-0.03438612279689885	-0.043316218656216265	-0.03916332985166289	-0.08100743879587248	0.00018078756841116898	-0.10173715754927731	0.000024243782945461588	0.00001045971357440912	-0.0380354035841591	-9.19307560307217e-6	8.698158625070083e-8	2.339550661659123e-6	0.08115193569149932	-0.0000621304990160531	0.10173715754927731	0.00005192394563748803	0.000010684713541717592	0.0380354035841591	0.00011374786925775701	1.6757484467018094e-7	3.5213530943143028e-6	16.078554210246516	18.423057296820616	0.6826138224244257	-0.0043516428955609095	-0.0029591742151735202	-0.0029591742151735202	-0.01129312344409901	-0.08156163017611665	-0.10346169779350878	-0.04780174983388886	-0.03177416559025099	0.07808062075459819
0.0010592537251772887	1708.4284701825352	0.6826799861233528	0.00013324455353519245	0.00009227038675808435	0.0001586087660319431	-0.016551456685335753	-0.041393335895858294	-0.06624003064773154	0.005842987520275999	-0.05141976040217506	-0.04066417997085782	-0.051231464430669754	-0.04632053183811753	-0.09087949034706452	0.00022669897231196597	-0.11412789031189684	0.000030469817227359565	0.00001378323472930056	-0.04266237763499704	-0.000011553831728209259	1.1685670605353376e-7	3.090188249483536e-6	0.09106055196816452	-0.00007747334837125656	0.11412789031189684	0.000065290418899164	0.000014095132381841657	0.04266237763499704	0.00014213417407924167	2.2570143678458863e-7	4.655495705942521e-6	16.078554210246516	18.423057296820616	0.6826138224244257	-0.00487012085224708	-0.0033198825212159364	-0.0033198825212159364	-0.012670356873367308	-0.09150101829769416	-0.11603551048870477	-0.0536150895078642	-0.03562705837699949	0.0923546427366297
0.001122018454301963	1801.1157857169267	0.6826880489718943	0.00016760494397570028	0.00011601470090045557	0.00019836309109421484	-0.019577551729244264	-0.04895670540861208	-0.078342248159122	0.006929049957434764	-0.06081676773826232	-0.04807946486165887	-0.060582117126670346	-0.054775959018311456	-0.10195297885951268	0.00028421779216955404	-0.12802471245527058	0.00003828804682120504	0.000018183415894764562	-0.047850436723703114	-0.000014519185882955503	1.5736078011847587e-7	4.094391211275437e-6	0.10217979789019192	-0.00009653867279240565	0.12802471245527058	0.00008209024031865017	0.000018614490189105552	0.047850436723703114	0.00017753492314040613	3.0405068869490533e-7	6.167188652236722e-6	16.078554210246516	18.423057296820616	0.6826138224244257	-0.005448714955762211	-0.0037245632225849173	-0.0037245632225849173	-0.01421545628533915	-0.10264999169054508	-0.13013112644164823	-0.06013287633142496	-0.039944202555673755	0.10921834808255795
0.001188502227437019	1898.3954930800382	0.6826970927693857	0.00021084852116756722	0.000145897608659524	0.0002480420136473099	-0.02315150507756889	-0.057887956580751264	-0.09263288256428712	0.008216064059830355	-0.07191353800565058	-0.056832156049847184	-0.07162128481960538	-0.06475861022817943	-0.11437371078049567	0.00035626533593630723	-0.14360994414642553	0.000048103368817974794	0.00002401621472185191	-0.05366718542740314	-0.00001824334258116097	2.1113618999976473e-7	5.442463913896359e-6	0.11465777171114741	-0.00012020511902382701	0.14360994414642553	0.00010320085970866914	0.00002461270991803956	0.05366718542740314	0.00022166171924565298	4.092615072685436e-7	8.18614368287826e-6	16.078554210246516	18.423057296820616	0.6826138224244257	-0.006093971877949729	-0.004178586419536063	-0.004178586419536063	-0.015948857498135273	-0.11515533356546767	-0.1459312072615366	-0.0674398381617285	-0.044780840605890215	0.1291285560912508
0.0012589254117941675	2000.43372696659	0.6827072364693538	0.00026512675129679135	0.0001833641149775342	0.0003099622203096892	-0.027371014322994058	-0.06843057432325603	-0.10950137161320696	0.009740756749115958	-0.08501265217408376	-0.06715969677342612	-0.0846488707755279	-0.07654000793095123	-0.1283050849998105	0.0004464138810857909	-0.16108779340121201	0.00006042256724837315	0.00003160020306101118	-0.06018826937553408	-0.000022919618541192202	2.828204628688898e-7	7.179018856771594e-6	0.12866072892814057	-0.00014962919658876274	0.16108779340121201	0.00012972455680167313	0.00003242533562578026	0.06018826937553408	0.0002766370424349968	5.506647607681141e-7	0.000010809306206572428	16.078554210246516	18.423057296820616	0.6826138224244257	-0.006813080923457613	-0.004688006850895627	-0.004688006850895627	-0.017893480250866668	-0.1291815359129422	-0.16363997881657727	-0.07563077478944405	-0.05019865078914153	0.15262653327237477
0.001333521432163324	2107.394992391666	0.6827186133490036	0.00033336931069235815	0.00023045842555042333	0.0003872346394529387	-0.032350814202366025	-0.08087036520392646	-0.12940481232458215	0.011546721198274133	-0.10046927393397335	-0.07934013885578514	-0.1000167397249845	-0.09043853609805397	-0.14393018987039236	0.0005592320388127047	-0.18068693931465807	0.00007587983275188809	0.00004158694586433035	-0.06749830690597251	-0.000028790375405109692	3.8108417568586976e-7	9.479431161378415e-6	0.14437531692852745	-0.0001861227967981958	0.18068693931465807	0.00016304726357454594	0.000042724043543281786	0.06749830690597251	0.0003450909252737578	7.414700218002106e-7	0.000014282795822302565	16.078554210246516	18.423057296820616	0.6826138224244257	-0.007613817275533176	-0.005259589840038365	-0.005259589840038365	-0.020075027079748453	-0.14491290885164995	-0.183485691812827	-0.08481162429927211	-0.056266397528451695	0.18034732255177363
0.001412537544622754	2219.4402255348327	0.6827313727079045	0.000419217948065129	0.00028970809194701805	0.0004836852959603638	-0.03822553683689887	-0.09554252053487829	-0.15287924377097714	0.013685383423817095	-0.11869992647006876	-0.09369937577321769	-0.11813735552477302	-0.1068275028508753	-0.16145414629986818	0.0007004036306772187	-0.20266340954654413	0.00009526828383167137	0.0000547898279405431	-0.07569192293340386	-0.00003615929909950886	5.1374737739264e-7	0.000012555745559125907	0.16201108799643452	-0.00023131376933784433	0.20266340954654413	0.0002049022661970691	0.00005635487314163695	0.07569192293340386	0.00043027958688425847	9.981969422323726e-7	0.000018909356323913163	16.078554210246516	18.423057296820616	0.6826138224244257	-0.00850461234108526	-0.005900947064189659	-0.005900947064189659	-0.022522320602947874	-0.16255593906256666	-0.20572334823778718	-0.09510078801391078	-0.06306075133538779	0.21303530879942595
0.0014962356560944327	2336.7255361597745	0.6827456817614072	0.0005271958859427366	0.00036423706405967966	0.000604017794818761	-0.04515304208126054	-0.11283982602367552	-0.18055275816031763	0.01621736890149489	-0.14019267687087802	-0.11061903587890293	-0.1394937967622414	-0.12614423416599743	-0.18110671943713408	0.0008769919693288846	-0.22730378297560122	0.00011957953244393211	0.00007222260517612468	-0.08487489483630159	-0.00004540664040145881	6.895874394334117e-7	0.000016662170942548484	0.1818033212224157	-0.0002872219787702121	0.22730378297560122	0.00025745960407430276	0.0000743784423416287	0.08487489483630159	0.0005362309773189516	1.3423804264799399e-6	0.000025061493797367135	16.078554210246516	18.423057296820616	0.6826138224244257	-0.009494566290914193	-0.006620645771273927	-0.006620645771273927	-0.025267677611426526	-0.1823419161265025	-0.23063770869275368	-0.10663054105738005	-0.07066714374045507	0.2515622761669811
0.001584893192461114	2459.400192142469	0.6827617277493186	0.0006625660081351619	0.0004575585112521646	0.0007536699890514649	-0.053318260541742664	-0.13322211849200286	-0.21316060027004632	0.019213709562492742	-0.16551887730836068	-0.1305463510219878	-0.16465129366371928	-0.14890094858305644	-0.20314522837026316	0.0010975822571385456	-0.25492875132090936	0.00015005196546284544	0.00009479470696385498	-0.09516542096181937	-0.00005700838085434479	9.267237803703431e-7	0.000021923210582567558	0.20401619222069836	-0.0003565306005270763	0.25492875132090936	0.00032344797546716823	0.00009775914698726096	0.09516542096181937	0.0006679232885497639	1.8059396971870594e-6	0.000033023300670756175	16.078554210246516	18.423057296820616	0.6826138224244257	-0.010593538446191413	-0.007428386016555295	-0.007428386016555295	-0.028347332585009054	-0.20452986154295308	-0.2585466087785928	-0.11954867972107282	-0.07918075498612952	0.29694818590900535
0.0016788040181225606	2587.6059539893927	0.6827797202821315	0.000832762086413849	0.0005749137008837999	0.0009402177034405115	-0.06293767185990441	-0.15722728295518468	-0.25156272135483043	0.02275893847351392	-0.19534679795937648	-0.1540022737780691	-0.19427061514433233	-0.17569572752240173	-0.22785779224940608	0.0013732766503982093	-0.2858970760128906	0.00018823162667826266	0.00012454632797418515	-0.10669552303815777	-0.00007156045500399185	1.250697154244105e-6	0.00002892932686150958	0.22894634010226464	-0.0004421116645007207	0.2858970760128906	0.0004062864798887324	0.0001286103169080398	0.10669552303815777	0.000831503286436237	2.430944874103106e-6	0.00004359610890047538	16.078554210246516	18.423057296820616	0.6826138224244257	-0.011811830293982804	-0.008334955071740369	-0.008334955071740369	-0.03180191268889038	-0.229409796852717	-0.2898046181475413	-0.13401994193435143	-0.08870734999323976	0.3503852855146196
0.0017782794100389228	2721.475497820271	0.6827998939487865	0.0010467876547334907	0.0007225535125417793	0.001172730709258852	-0.07426446505486771	-0.18548389853640426	-0.2967639604010059	0.026952332878899553	-0.23045731901501978	-0.18159550341628952	-0.22912346404614156	-0.2072274929249885	-0.25556694534453855	0.0017177396823062356	-0.3206099794386044	0.0002360471496019569	0.00016380491059630366	-0.11961259380884909	-0.0000898081883040637	1.686562380547572e-6	0.000038290172715284926	0.256926878145211	-0.000547620832998736	0.3206099794386044	0.000510245131090339	0.00016937078602754122	0.11961259380884909	0.001034552911683988	3.2712598690536696e-6	0.00005766039021107251	16.078554210246516	18.423057296820616	0.6826138224244257	-0.013160364342932726	-0.009352556627699423	-0.009352556627699423	-0.03567695454958892	-0.2573063732354432	-0.32480705578385594	-0.15022811957352944	-0.09936455887695017	0.41326578679217035
0.0018836490894898002	2861.1217187371035	0.6828225112116538	0.001315539721341764	0.0009079261286545227	0.001462057572717713	-0.08759422118916255	-0.21872511161210856	-0.34993617255408027	0.031910214192170626	-0.2717611402235646	-0.21403604184898867	-0.27010933008367427	-0.2443115134403854	-0.28663365450357375	0.0021477712164396797	-0.3595160130693609	0.000295902735436953	0.0002152095731494763	-0.1340811023644979	-0.00011268314293937407	2.263451503675889e-6	0.00005060935133049028	0.2883318985447943	-0.0006777024528453705	0.3595160130693609	0.0006406621881697998	0.00022283639006061854	0.1340811023644979	0.0012864148344527294	4.398162713645117e-6	0.0000761721300423012	16.078554210246516	18.423057296820616	0.6826138224244257	-0.014650622035245137	-0.010495013233655648	-0.010495013233655648	-0.04002351640231488	-0.28858292761286775	-0.3639944036555891	-0.16837814459996453	-0.11128310115596048	0.48721212643013995
0.001995262314968879	3006.641909360432	0.6828478656159729	0.00165236477836518	0.0011400843717220025	0.0018213665609523835	-0.10327181379178711	-0.2578054642421463	-0.412445070370669	0.037768926242100334	-0.32031956997563527	-0.2521511632551482	-0.3182758534834835	-0.2878979355258512	-0.3214617738051256	0.0026840584660552664	-0.4031164464077324	0.0003707928813289737	0.0002818964020771429	-0.15028446973874776	-0.00014134949957661134	3.0490410743075476e-6	0.00006651889858272684	0.32358152646314586	-0.000838172825647684	0.4031164464077324	0.0008042522178049829	0.0002923165137446033	0.15028446973874776	0.0015985888516483256	5.915928477547612e-6	0.00010024439328128598	16.078554210246516	18.423057296820616	0.6826138224244257	-0.016294517248694566	-0.011777949002900422	-0.011777949002900422	-0.04489881644789515	-0.3236459492264979	-0.4078571044349767	-0.18869834278886166	-0.12460805867089611	0.5741136254620228
0.0021134890398366475	3158.1183084214604	0.6828762853424478	0.0020755940800227975	0.0014319826953585078	0.00226854550700159	-0.12169930004832874	-0.3037200389838878	-0.4858807327577399	0.044690365118524866	-0.3773682956720109	-0.29689959482900924	-0.37484208880339626	-0.33909099851295094	-0.3605030116534257	0.0033531014299623472	-0.45197122352985925	0.0004644429254590368	0.0003695933933533033	-0.16842712725501105	-0.0001772615956060411	4.11854064084763e-6	0.00008767797805889935	0.3631476233069481	-0.0010352850383372424	0.45197122352985925	0.0010093940711627548	0.0003837921995726355	0.16842712725501105	0.0019852132983501415	7.95931677032079e-6	0.00013215603322938458	16.078554210246516	18.423057296820616	0.6826138224244257	-0.01810371296475466	-0.013218762469981412	-0.013218762469981412	-0.050366981595582706	-0.3629500830374191	-0.4569408437987544	-0.21144240534647962	-0.13950001823067848	0.676168133406331
0.00223872113856834	3315.6109913292207	0.6829081371324772	0.002607512365127233	0.001799176227155584	0.0028250446081519495	-0.14334470064895044	-0.3576257163339355	-0.5720914835066483	0.05286398684445782	-0.44434364041519625	-0.34939546941205074	-0.4412241570232102	-0.3991744042334622	-0.4042624296065972	0.004187465557563427	-0.5067055392321959	0.0005814851905947939	0.00048504268483972603	-0.18873677032870056	-0.00022223432808689272	5.552848453716692e-6	0.00011590910820104105	0.4075601885991309	-0.0012769112500902475	0.5067055392321959	0.0012665311475209221	0.0005043737265321756	0.18873677032870056	0.002463649995391447	0.000010701158324245298	0.00017452819849380036	16.078554210246516	18.423057296820616	0.6826138224244257	-0.0200898050672391	-0.014837232828845697	-0.014837232828845697	-0.05649986848175099	-0.40700365806754596	-0.5118522772108776	-0.23689250889483032	-0.1561369081089994	0.7959279521650751
0.0023713737056616554	3479.153252274783	0.6829438306170599	0.0032738221335609965	0.0022589709433063925	0.0035152104983184355	-0.16875204042075756	-0.42086535385268187	-0.6732223951280035	0.06250955164001759	-0.522912498430656	-0.4109347420542468	-0.5190644656910225	-0.4696397801910297	-0.453304522501776	0.005226420383425123	-0.568017083894982	0.0007276740234126233	0.0006347910848819268	-0.2114668198552279	-0.0002785294322821419	7.458046534683055e-6	0.00015249262553119447	0.45741454604189247	-0.0015736322710565775	0.568017083894982	0.0015887055510177953	0.0006611060694838711	0.2114668198552279	0.003055191585527389	0.000014376722337154291	0.0002296836772294864	16.078554210246516	18.423057296820616	0.6826138224244257	-0.022264347463225892	-0.016656100575052006	-0.016656100575052006	-0.06337799497618202	-0.45637480951132964	-0.5732652382336118	-0.2653625849824191	-0.17471586585961704	0.9363520483399298
0.0025118864315095794	3648.750748669851	0.6829838230792966	0.004108654513642028	0.002835092134958879	0.004371208619135716	-0.19855296223862007	-0.49499562302406463	-0.7917595901317362	0.07388632021306905	-0.6150065526149965	-0.4830133906727264	-0.6102650878422509	-0.5522132602957218	-0.508259920135986	0.0065194859049043895	-0.6366840099772765	0.0009101490288158305	0.0008293791382927465	-0.23689910378612297	-0.0003489664531156554	0.000010060009673815489	0.00020010489956442847	0.5133793975831901	-0.0019372590818976197	0.6366840099772765	0.0019923029443855655	0.0008650844945660198	0.23689910378612297	0.0037859179417185666	0.000019324828032098183	0.00030171603478296253	16.078554210246516	18.423057296820616	0.6826138224244257	-0.02463746047411125	-0.018700759961963277	-0.018700759961963277	-0.07109156252722697	-0.5116982145313325	-0.6419274215695377	-0.2972005015329474	-0.19545426446389025	1.1008658819301935
0.0026607250597988083	3824.3827977096394	0.683028624680549	0.005156734288383298	0.0035592563722438644	0.005434717784403556	-0.23348010444089648	-0.5818189442442085	-0.9305810462381918	0.08730019772155698	-0.7228618565506909	-0.5673558498839354	-0.7170263595423385	-0.6488901064636449	-0.56983285612518	0.008129023197829014	-0.7135736704423414	0.001137755045061581	0.0010845421120224768	-0.26534676694332754	-0.0004370581349162889	0.000013585800572773557	0.0002633036743217263	0.5762059429370302	-0.002380897276102296	0.7135736704423414	0.0024976730905577208	0.0011328840457232568	0.26534676694332754	0.004687728558948855	0.000025972893102215326	0.0003969829621565468	16.078554210246516	18.423057296820616	0.6826138224244257	-0.02721696367031409	-0.020999748857482334	-0.020999748857482334	-0.079741615348715	-0.5736826108379712	-0.718667680207476	-0.33279117762076954	-0.21859159871104553	1.2934297846638145
0.002818382931264455	4005.9952736876044	0.6830788041780386	0.0064728404438910234	0.004470028874544055	0.0067560430725123015	-0.2743818520333305	-0.6834184329306314	-1.0930121402358481	0.10310799383929398	-0.8490618083203473	-0.6659529885299623	-0.8418886993085052	-0.7619758278168555	-0.6388093525187707	0.01013161728798107	-0.7996521901473307	0.0014214414319899706	0.0014194684007848945	-0.2971574199481816	-0.0005471740115908315	0.000018288621576740845	0.0003474542194079674	0.6467380754447295	-0.002920683603273809	0.7996521901473307	0.003130113758419865	0.0014848766594714733	0.2971574199481816	0.005799585056421296	0.000034876230259772115	0.0005231597372116545	16.078554210246516	18.423057296820616	0.6826138224244257	-0.030008156487650352	-0.02358569011358955	-0.02358569011358955	-0.08944133445220175	-0.643119036086166	-0.8044037824948089	-0.3725607246986273	-0.24439182437406445	1.5186133318298787
0.0029853826189179603	4193.489053896594	0.6831349951584975	0.008115725781133471	0.005606066957181712	0.008387705740595131	-0.3222385427804771	-0.8021959365641428	-1.2828860333416956	0.12171575239832615	-0.9965838452684185	-0.7811161360595803	-0.987777964452211	-0.8941372435959084	-0.7160661888298351	0.012616933109315547	-0.8959949145628637	0.001774755185554965	0.0018492369881479473	-0.3327165328673116	-0.0006847389851298898	0.000024571040482432347	0.00045466056923863297	0.7259237971643472	-0.0035806391044556026	0.8959949145628637	0.003921206591584686	0.0019376358389220894	0.3327165328673116	0.007168998572208002	0.00004680291307866392	0.0006854001457266626	16.078554210246516	18.423057296820616	0.6826138224244257	-0.03301491067333996	-0.02649723416231463	-0.02649723416231463	-0.10031744773445331	-0.7208898356225034	-0.9001506365537401	-0.4169823080843315	-0.2731466830902949	1.7816757889688501
0.0031622776601683794	4386.726045883592	0.6831979028071652	0.010173554399261205	0.007030733527764715	0.010409440267034487	-0.37818187832682115	-0.9409174621721044	-1.5046157816152472	0.1436125172689642	-1.1688551664477127	-0.9154699793873673	-1.1580596469439404	-1.0484276767089702	-0.8025807375492975	0.015702725926933888	-1.003797771847136	0.0022144068428433007	0.0024084945871354646	-0.3724510750756649	-0.000856498242400525	0.000033134095831623566	0.0005952377517471929	0.8148280232558244	-0.004382112204491774	1.003797771847136	0.004910484684847139	0.002527575767383252	0.3724510750756649	0.008853822160125317	0.00006282470481489948	0.0008980953223510295	16.078554210246516	18.423057296820616	0.6826138224244257	-0.036232742694970066	-0.02977596053739986	-0.02977596053739986	-0.11251183494297798	-0.8079785627977295	-1.0070290486352487	-0.4665744430882092	-0.3051739648851741	2.0886617632891595
0.003349654391578276	4585.528850739448	0.6832683112242866	0.012753780547000519	0.008820591313312679	0.012916741952999765	-0.44351651729040853	-1.1027631717188224	-1.763273587234938	0.1693665758772896	-1.3698142178513586	-1.0720283644971116	-1.3565985978616169	-1.2283573111748687	-0.8994418914920776	0.0195330783824441	-1.1243896075119368	0.002760999548869786	0.0031392715969643338	-0.4168334011215252	-0.0010708180467427432	0.0000446678657218715	0.0007813321668487233	0.9146471042372474	-0.00535125987462614	1.1243896075119368	0.006146797252960853	0.0032993952598529756	0.4168334011215252	0.01092437742517102	0.00008428832051988782	0.0011785259215876835	16.078554210246516	18.423057296820616	0.6826138224244257	-0.039650344015633866	-0.03346988978540129	-0.03346988978540129	-0.1261833755194937	-0.9054810178754804	-1.1262751784668479	-0.5219083264069567	-0.34082236072730343	2.4465058223850487
0.0035481338923357532	4789.669730017404	0.6833470912885998	0.015987103113712788	0.011068039277945082	0.016023887160912166	-0.5197432944140885	-1.291380434519558	-2.0646747716352523	0.199636800792349	-1.6039754399628323	-1.2542432833891652	-1.587821765868235	-1.4379516036209732	-1.0078618566437894	0.024283814676859753	-1.2592455240985552	0.0034398978272701026	0.004092368378323605	-0.4663853759153328	-0.0013380596415233429	0.000059953469705757924	0.0010270962809285436	1.0267249628592907	-0.0065201692384434075	1.2592455240985552	0.007690645589212542	0.004307602493172398	0.4663853759153328	0.01346599759142316	0.00011295192611646349	0.0015474027697356828	16.078554210246516	18.423057296820616	0.6826138224244257	-0.04324758210942325	-0.03763454990399973	-0.03763454990399973	-0.14150984733413174	-1.0146170590893846	-1.259250187271812	-0.5836120855448865	-0.3804737044319579	2.863142191060334
0.003758374042884443	4998.857858904138	0.6834352090573758	0.02000947995914127	0.01386205158579372	0.01984539243068898	-0.6085844640455322	-1.5109406610676879	-2.4154675805109425	0.23515864350271007	-1.8764979660979098	-1.4661088820076096	-1.8567846423309688	-1.681839147653347	-1.129188820287521	0.0301570899695057	-1.4100012318410617	0.004282273293907842	0.00530617385919814	-0.5216827255867541	-0.0016710394221407104	0.00008046491528499587	0.0013372834507658607	1.1525709987949997	-0.0079397526525342	1.4100012318410617	0.009617693423792383	0.005594914824734874	0.5216827255867541	0.016582042622675465	0.00015132020271877705	0.0020182602028304235	16.078554210246516	18.423057296820616	0.6826138224244257	-0.046998972823339674	-0.04233758989296763	-0.04233758989296763	-0.15869010580921272	-1.1367433359444008	-1.4074500862820256	-0.6523809539984499	-0.42454854946364295	3.347620911395485
0.003981071705534973	5212.74826583524	0.6835337346691932	0.02504320703317804	0.017367099253528286	0.024575095201615545	-0.712013963500381	-1.7662070561982903	-2.823240184534165	0.27684319597647655	-2.1932683397613815	-1.7120561958013618	-2.1692515111929085	-1.9652431502251295	-1.2649209539795763	0.0374272548141937	-1.5784683902353411	0.005326361568658426	0.006884214942284391	-0.5833595892871187	-0.0020856102176127727	0.00010820954488113616	0.0017452981446953193	1.293880387543326	-0.009643465895175481	1.5784683902353411	0.01202182254621477	0.007270467089926992	0.5833595892871187	0.020397465291570344	0.00020270184465636052	0.0026358872243484838	16.078554210246516	18.423057296820616	0.6826138224244257	-0.050851626426415414	-0.04764814802495022	-0.04764814802495022	-0.17794670810841776	-1.2733675014772456	-1.5725163649544118	-0.7289625805252173	-0.47349637612179873	3.9102458165457143
0.004216965034285823	5430.944669931035	0.6836438516936487	0.03134348797187695	0.021766832233267308	0.03042968069674242	-0.832290791434654	-2.0626081481275134	-3.296636581413035	0.3257287231974979	-2.560989609883076	-1.997152677608065	-2.5317817764683754	-2.2941299110758178	-1.4167216742050917	0.046420672578183886	-1.7666510011499545	0.006618932711251848	0.008937426807290863	-0.6521132447178478	-0.0026013618529370634	0.00014526500402804287	0.0022835418251752927	1.452556888674299	-0.011678988116304405	1.7666510011499545	0.015018602583606475	0.00945326224660173	0.6521132447178478	0.025063050545717225	0.00027128783391539723	0.0034469592204987524	16.078554210246516	18.423057296820616	0.6826138224244257	-0.054736298439775566	-0.05364940247914738	-0.05364940247914738	-0.19952849589709523	-1.4261634819302265	-1.7562467556449108	-0.814176139488809	-0.5278087127393774	4.562722347014475
0.0044668359215096305	5652.985581684407	0.6837668668413545	0.03920238836187995	0.02726525937578857	0.03765026124926816	-0.9719934249696132	-2.4063115656264835	-3.845472520492891	0.3829907707939717	-2.987270285824949	-2.32718356959889	-2.9518159019902	-2.675297520211457	-1.5864357777630929	0.05752454338312729	-1.9767627613779764	0.008217201128945695	0.011582754812065367	-0.7287089600642642	-0.003242398745314903	0.00019407970583070757	0.002981459229535794	1.630738006025761	-0.014112525465472469	1.9767627613779764	0.018750551685785793	0.012271263562756396	0.7287089600642642	0.030760329897038988	0.00036258252583002814	0.004499119861219966	16.078554210246516	18.423057296820616	0.6826138224244257	-0.05856402410797976	-0.06044142257630898	-0.06044142257630898	-0.22371378217719348	-1.59698784227347	-1.9606058210942419	-0.9089174399856981	-0.5880220572743848	5.318302457687058
0.0047315125896148025	5878.326696723542	0.6839042199091716	0.04896235395742673	0.03409818793195018	0.04651537255921889	-1.1340557991521065	-2.8042987730432456	-4.4808524722349965	0.4499614753560152	-3.480711414009299	-2.7087129074458636	-3.43775931215777	-3.116453288240961	-1.7761061140106567	0.07119988579527915	-2.2112452636673368	0.010190968078659301	0.014950155540888577	-0.8139849120339172	-0.0040383706688306145	0.0002595951041846337	0.003866865053176173	1.8308224161935802	-0.01703015275135266	2.2112452636673368	0.023395947657839672	0.015866530684421364	0.8139849120339172	0.03770738443733819	0.0004844455640773112	0.00584469589509661	16.078554210246516	18.423057296820616	0.6826138224244257	-0.06222073656019648	-0.06814151276032225	-0.06814151276032225	-0.2508136581863369	-1.7878965688013002	-2.1877346228156243	-1.014162214237328	-0.6547176124135355	6.191927398994089
0.005011872336272725	6106.359581271802	0.6840574937887972	0.0611465398353228	0.04265794648558249	0.057464231763137835	-1.3218123392375802	-3.264458815398056	-5.2153164501622165	0.5282926297340089	-4.051020141398363	-3.1488937993838255	-3.9990927135592527	-3.6261842219285465	-1.9879927215130797	0.08805883816964716	-2.4727869642772964	0.012625070118663527	0.01930624140997497	-0.9088571047432328	-0.00502578640262514	0.00034741719449771187	0.005026568674800355	2.0555018829258076	-0.02048023614921011	2.4727869642772964	0.029173674240549584	0.020522482856823784	0.9088571047432328	0.046165657318435416	0.0006468309629077681	0.007601311398841657	16.078554210246516	18.423057296820616	0.6826138224244257	-0.0655299563736383	-0.07687000822360592	-0.07687000822360592	-0.2811758440947615	-2.001164456821923	-2.439962012273077	-1.1309387571123686	-0.7285064246631076	7.20040765287692
0.005308844442309885	6336.418196280634	0.6842284243115009	0.0763584105937218	0.053387587938536145	0.0709903554334336	-1.5390462900792434	-3.7956855365839917	-6.062991532033989	0.6198520828616848	-4.709124714101469	-3.655813386794727	-4.64648366017424	-4.214195417771934	-2.2245925186516513	0.10882639664245353	-2.7643428527010703	0.015622512943840424	0.02494514819339638	-1.0143241874744153	-0.00624941861533968	0.0004636241257854628	0.006549712012696044	2.3077960718696926	-0.02453352665833224	2.7643428527010703	0.03635169514011757	0.02655672829708939	1.0143241874744153	0.05644779598423747	0.0008624137578738003	0.009896677202056687	16.078554210246516	18.423057296820616	0.6826138224244257	-0.0682733233507117	-0.0867737642553791	-0.0867737642553791	-0.31518878020300745	-2.2393049788587285	-2.7198143490230566	-1.260358663577538	-0.8100511997280904	8.362604342025698
0.005623413251903491	6567.756657584395	0.6844189096308252	0.0952115648193078	0.06670547310067014	0.08756635108337066	-1.7900349036639904	-4.407962629813219	-7.039723406154491	0.7266414114819503	-5.467272296061072	-4.2387781984758295	-5.391880967927773	-4.891510264534709	-2.4886594134084876	0.13431751048967813	-3.0891544817376313	0.01930824340276055	0.032107707284709436	-1.1314720476348175	-0.00776395141142078	0.0006161247295563779	0.008484268607731079	2.5910904975727673	-0.02933047130398942	3.0891544817376313	0.045259377752964514	0.03424068018693811	1.1314720476348175	0.06892666702661114	0.001147975587327752	0.012828009909838834	16.078554210246516	18.423057296820616	0.6826138224244257	-0.07020354217113395	-0.09804433164327418	-0.09804433164327418	-0.3532867152636601	-2.505090990207962	-3.0300238842616354	-1.4036401676706707	-0.9000818000768926	9.699576876873367
0.005956621435290103	6799.515925689845	0.6846310187721613	0.11857958079506264	0.08325220126656063	0.10789394238816234	-2.079591277324136	-5.112433687406832	-8.163182680039334	0.8510796117519596	-6.339102801741285	-4.90783886912565	-6.248585507739517	-5.6702765280008816	-2.7832239505829848	0.16557226032328634	-3.4507700322924446	0.023833071569992526	0.0412190145167673	-1.2614780763633688	-0.009636290348901856	0.0008200629597369018	0.010950747017026927	2.9091771236048922	-0.03497169490864137	3.4507700322924446	0.05630756850545483	0.044032398358923315	1.2614780763633688	0.08404589944043608	0.001527005388332675	0.016581712737135445	16.078554210246516	18.423057296820616	0.6826138224244257	-0.07097841025956672	-0.110880806047495	-0.110880806047495	-0.3959544462003005	-2.801574463886122	-3.3735342574347813	-1.5620519706674172	-0.9993540347536917	11.234689505403429
0.00630957344480193	7030.769214323291	0.684866998892987	0.14765560034788533	0.1039365827355288	0.13294304192744696	-2.413128354840161	-5.921520111416076	-9.453046624155803	0.9961010750366187	-7.339789908031919	-5.673784200981616	-7.231388670834469	-6.563856769268746	-3.111617700322345	0.20391206021663472	-3.8530641027752632	0.02937861613767383	0.05293593366274903	-1.4056148882128439	-0.011948116834436626	0.001090821925139127	0.014164327689346048	3.2663032578818227	-0.041500559140650484	3.8530641027752632	0.0699943706202936	0.056636647675736	1.4056148882128439	0.10233182835675593	0.0020284992069380652	0.02145383006718309	16.078554210246516	18.423057296820616	0.6826138224244257	-0.07013480376089125	-0.12549823021324932	-0.12549823021324932	-0.44373334297425787	-3.1321115507771915	-3.7535101025692343	-1.7368995414127755	-1.108654377323436	12.993813552190936
0.006683439175686149	7260.538063848237	0.6851292806858154	0.18383366545780683	0.12980810920916347	0.16382296470682764	-2.7967228813350604	-6.849030136363358	-10.931165230300435	1.1650150876449683	-8.48616219170597	-6.548579375210254	-8.356691338420468	-7.587125021232985	-3.4774953896817813	0.25089977190192186	-4.30025707897473	0.03616304826369003	0.06801176986579668	-1.5652533525760366	-0.014798736169244514	0.001445320193707625	0.018362212843803724	3.667222222765789	-0.04898075697527369	4.30025707897473	0.08692543087665515	0.07287214541191528	1.5652533525760366	0.12440710701641261	0.0026895016546427163	0.02778197529188881	16.078554210246516	18.423057296820616	0.6826138224244257	-0.06711062821208293	-0.14215903076802366	-0.14215903076802366	-0.49722786907761457	-3.5003854141664346	-4.1733405817181355	-1.9295580877867524	-1.2288252503948272	15.00549907707633
0.00707945784384138	7487.765764343389	0.6854204812634201	0.2282777180217161	0.1616181878060156	0.20134417864780196	-3.237167440662296	-7.9102286161831135	-12.621662908794205	1.360961221849626	-9.796766487836335	-7.546551937690499	-9.64256597195822	-8.757108288300683	-3.884855149445702	0.3081407087543037	-4.796933203134216	0.04444821783293222	0.0868442825035491	-1.741864700684958	-0.01830837270841067	0.0019091807019352752	0.023569382708174418	4.117246653499428	-0.057735277343409296	4.796933203134216	0.10784460099889628	0.09321595743575704	1.741864700684958	0.1510059429213443	0.003559610667978295	0.035720788753215015	16.078554210246516	18.423057296820616	0.6826138224244257	-0.06134626459812056	-0.16125340546698616	-0.16125340546698616	-0.5571123161545575	-3.9104270169597495	-4.6366378681141756	-2.141584137575894	-1.3608374474383151	17.301046851619905
0.007498942093324558	7711.274585027397	0.6857434037502712	0.28324490529381646	0.2011398126396123	0.24734288375299243	-3.7420081902156785	-9.121860926120247	-14.550965055905017	1.588479115280933	-11.291875378518883	-8.681284729936127	-11.108764642702834	-10.091451480715998	-4.338057939235981	0.3779642528473792	-5.348056182883899	0.05454613843689731	0.1107800086488793	-1.9370214116308557	-0.022622953088483957	0.00252435928557157	0.030241818531279507	4.622306023883763	-0.06770951912349149	5.348056182883899	0.1336708212931819	0.11910298003888106	1.9370214116308557	0.18299157975363317	0.004705819345370299	0.045895360585214096	16.078554210246516	18.423057296820616	0.6826138224244257	-0.05194652953043998	-0.18309063291358804	-0.18309063291358804	-0.6241392957933342	-4.3666359836971305	-5.147233967796295	-2.374385373746324	-1.5055714914228344	19.914466527342995
0.007943282347242814	7929.839893964053	0.6861010326977314	0.351339292689273	0.2503909897372395	0.3038835145141193	-4.319629811338275	-10.502279277829619	-16.747985545507234	1.8526502724528982	-12.993632555889658	-9.967575616652304	-12.776866428611962	-11.60952319413004	-4.84185493388409	0.46310133706743206	-5.958982756336293	0.06682777730029692	0.1413464605280147	-2.1523966691297653	-0.027918953939802666	0.003331531842811621	0.03888021090976606	5.189017683321112	-0.07886260548956517	5.958982756336293	0.1655045925252676	0.15218971161616457	2.1523966691297653	0.22137561135936107	0.006209782598041572	0.059010069838350436	16.078554210246516	18.423057296820616	0.6826138224244257	-0.037844988762353024	-0.20806234267202578	-0.20806234267202578	-0.6991484524274942	-4.873809235077987	-5.709184300915802	-2.6293984873619163	-1.6639730082869855	22.882641863762455
0.008413951416451947	8142.219251229668	0.6864965243439292	0.4355472135673748	0.3116579974449461	0.373280048480342	-4.979333855741913	-12.07153794219897	-19.24426173036065	2.1591144664120048	-14.926136239757446	-11.421539166833616	-14.670364567985533	-13.332540160392838	-5.401405486333088	0.5667301406183908	-6.635472815763634	0.08173335138329618	0.18025805634743747	-2.389761978442737	-0.03440847866798315	0.004375475936696651	0.0500222595529782	5.824754521151009	-0.09118043214680528	6.635472815763634	0.20467133214961555	0.1943639967907992	2.389761978442737	0.2673390294409512	0.008175092695862994	0.07585319231482604	16.078554210246516	18.423057296820616	0.6826138224244257	-0.017784086540596288	-0.2366552209491527	-0.2366552209491527	-0.7830757236912557	-5.4371603025016	-6.326755973032955	-2.908076732334929	-1.8370520531688208	26.245409351474766
0.008912509381337459	8347.104014436109	0.6869331275951077	0.5380838893289265	0.38633987610808557	0.456948603861421	-5.731373637986325	-13.85136629413966	-22.073889557024017	2.5125085705188166	-17.115344671423223	-13.063644465015875	-16.814576474252913	-15.285051418658908	-6.022284070021649	0.6919025870659036	-7.383694714878624	0.0997836420240502	0.22822215981799196	-2.650982721303839	-0.04234564421950754	0.005736867729456093	0.06362312437770438	6.53770809785567	-0.10529791813921702	7.383694714878624	0.2528052009869856	0.24652138519340333	2.650982721303839	0.32225532476361984	0.010743264486170342	0.09670880609758742	16.078554210246516	18.423057296820616	0.6826138224244257	0.009396174605984856	-0.2696407697380782	-0.2696407697380782	-0.8769649690432391	-6.062328965527676	-7.004401626868628	-3.2121812139939614	-2.026056047785058	30.04534849617034
0.009440608762859235	8543.040841968394	0.6874144148779084	0.664429605054248	0.4789740878836918	0.5594316809664499	-6.586938735299312	-15.86500467715916	-25.27324384799501	2.9215183997131664	-19.588852073153024	-14.908460916107176	-19.23643539259123	-17.489755641293858	-6.7104981997040065	0.8436217658138127	-8.210223631499648	0.12158872148032389	0.2889595327767358	-2.9380111769105506	-0.05203632341626883	0.007520524531288454	0.0810588966738362	7.336969613442875	-0.12050483998012107	8.210223631499648	0.3118841249817614	0.3126127935302173	2.9380111769105506	0.3877167297240636	0.014094296949758655	0.12336321952625567	16.078554210246516	18.423057296820616	0.6826138224244257	0.04579056560827648	-0.3074506512254715	-0.3074506512254715	-0.9819794996005828	-6.7554015630242406	-7.74674980294311	-3.5427498110912587	-2.2318292077945636	34.32725267846937
0.01	8728.574295630717	0.6879438673501451	0.8200588279709276	0.593909617754723	0.685025127966956	-7.558273257071285	-18.13734471552057	-28.881164212216138	3.3948285854019944	-22.376028592509634	-16.97304155912854	-21.964633858774643	-19.971842531348877	-7.472507102572954	1.0272783173780258	-9.122034488591781	0.14786359154003353	0.3658904057209043	-3.2528766268334004	-0.06384513488762587	0.00982902908129006	0.1034625191693927	8.232618824261076	-0.13640949157152762	9.122034488591781	0.3842504023331258	0.39638554967840883	3.2528766268334004	0.46556024250635114	0.01844814654737032	0.15743857925786015	16.078554210246516	18.423057296820616	0.6826138224244257	0.09364341711154776	-0.35078266977244327	-0.35078266977244327	-1.0994160978310183	-7.522933617200512	-8.558592330655932	-3.900892113778935	-2.45540605669171	39.13824154807278
0.010592537251772886	8902.298272918666	0.6885250927173239	1.0103336998525887	0.7351859075978833	0.8376521069499562	-8.658764138894835	-20.69497724511938	-32.939002396300715	3.94086872632931	-25.5080029587061	-19.277482949417358	-25.029627448755583	-22.759325699968393	-8.315221592259736	1.2486271391888704	-10.12648700927393	0.17944292258850933	0.4619804281172228	-3.5976723117292697	-0.07820468921579468	0.012778969768026397	0.1316249754120821	9.235801432765205	-0.1530378431526188	10.12648700927393	0.47269791512103604	0.5012308608568703	3.5976723117292697	0.5578964380924765	0.024081757163842542	0.20032252530842518	16.078554210246516	18.423057296820616	0.6826138224244257	0.15533288043128177	-0.4006433077956298	-0.4006433077956298	-1.2307188695165359	-8.37195337840692	-9.444846932099622	-4.287801217059004	-2.6980328937771887	44.527637572013354
0.011220184543019636	9062.796889645053	0.6891617065021853	1.240782785668362	0.9068568839463459	1.0212400902840382	-9.902929292828953	-23.565978896621065	-37.49023933997402	4.567820589857477	-29.017259793282438	-21.84438590476265	-28.46324969999274	-25.8825339453883	-9.245968104252245	1.5138701983326854	-11.231298489887461	0.21729452491008305	0.5799573525339574	-3.9745386461183823	-0.09562781417294593	0.016600389530917616	0.1660505638104373	10.358777711080092	-0.1707757279356825	11.231298489887461	0.5806806059893364	0.6302917046848318	3.9745386461183823	0.6671391896085359	0.03137389563268153	0.25330914832088014	16.078554210246516	18.423057296820616	0.6826138224244257	0.23340996503869102	-0.4582530552356973	-0.4582530552356973	-1.3774975573076327	-9.30993284686572	-10.410481893963137	-4.704689718259216	-2.961041892229845	50.54625254733921
0.011885022274370183	9208.548060261855	0.6898572717568706	1.5227482192007598	1.118581381874531	1.2452574759023163	-11.306301646014386	-26.779436117124874	-42.579678962877786	5.291181451011729	-32.93705419717352	-24.683375258555838	-32.29814812619696	-29.36622426014209	-10.272511117307438	1.8326537172509103	-12.44450412720467	0.26253053386604436	0.7279672125545005	-4.385642581579206	-0.1167234687144316	0.02153616339918892	0.2098029178614763	11.615035961536979	-0.18753191539860747	12.44450412720467	0.7122644004416122	0.7922799185922081	4.385642581579206	0.7960370258802352	0.040781868590392636	0.3204007638007065	16.078554210246516	18.423057296820616	0.6826138224244257	0.33208280819745206	-0.5242631060085892	-0.5242631060085892	-1.5415434055612993	-10.344815455381616	-11.460524761935853	-5.151298770219828	-3.245055595095695	57.24508357688622
0.012589254117941675	9338.114447467035	0.6906152266787385	1.8675501054116357	1.3797155305575322	1.5187380508404746	-12.885590426359327	-30.36561567316483	-48.253662184434205	6.126173894161929	-37.301552057843715	-27.806571278024055	-36.56794853420829	-33.237496313916914	-11.403036428140082	2.215208072398362	-13.774407206727075	0.31642809633094393	0.9136610759604071	-4.8331521602481695	-0.14220625566896813	0.02782726889982973	0.26552768585760017	13.019372773201242	-0.20169764363595935	13.774407206727075	0.872205302485741	0.9956245572295999	4.8331521602481695	0.9477011123889121	0.05286320869244103	0.4053505719117201	16.078554210246516	18.423057296820616	0.6826138224244257	0.45578415343221745	-0.5997900961878558	-0.5997900961878558	-1.724852461825513	-11.485010091710834	-12.600016734022981	-5.62732399333011	-3.55100628742204	64.67537255952571
0.01333521432163324	9450.20709735132	0.6914388019857175	2.282784069732792	1.695584097605228	1.8465269555358916	-14.65877128364349	-34.355945059306784	-54.55996745576577	7.082437772306018	-42.14562402175706	-31.239055756128938	-41.30707455078876	-37.530986493641215	-12.64610098437817	2.6704728927539576	-15.229516761651784	0.3804455705723232	1.1403991610873092	-5.319207405984196	-0.17291086653622378	0.03577543452063207	0.3335020996605834	14.587944701675811	-0.2140708693198631	15.229516761651784	1.066139641136005	1.244634496713118	5.319207405984196	1.1256352154587936	0.06831987585156461	0.5097854895217238	16.078554210246516	18.423057296820616	0.6826138224244257	0.6082336207656092	-0.6870295923380794	-0.6870295923380794	-1.9296439036213782	-12.739349013954781	-13.833930606690954	-6.133328630133517	-3.8807276173972043	72.88821766232145
0.01412537544622754	9543.574203878654	0.6923309291662895	2.78273586230244	2.078129579857587	2.240159487072341	-16.644916608118308	-38.78236920268607	-61.54670857738902	8.177366263153226	-47.50375421821873	-34.99059067713295	-46.54968309434061	-42.27395806668156	-14.010511574677201	3.2111332695419756	-16.818459488608926	0.4562277598705701	1.4176467228887053	-5.845885882428056	-0.20981498374298954	0.04596121244594375	0.41674526045122734	16.338250564069046	-0.22275304906624283	16.818459488608926	1.3009980278560196	1.5496474651647343	5.845885882428056	1.3337633047272563	0.08809063071616587	0.6384968724162228	16.078554210246516	18.423057296820616	0.6826138224244257	0.7949419520028063	-0.7873860436770813	-0.7873860436770813	-2.1583885055897274	-14.116983006831513	-15.167030328515484	-6.6681381327785925	-4.235026618053326	81.93282271637334
0.014962356560944336	9616.821951085485	0.6932941417563504	3.389089098495303	2.546380314203128	2.718072419573905	-18.863730878058593	-43.67603360772152	-69.26015542935006	9.437924904220438	-53.408630477406874	-39.0512121709951	-52.32826568309727	-47.48374149877136	-15.505375210317643	3.854396270401643	-18.549877023770296	0.5456146033468233	1.7617334718825437	-6.41516356623758	-0.2540593362403282	0.058901167942053106	0.5214906871654157	18.289284593765014	-0.22266440175799826	18.549877023770296	1.584680714630925	1.9283014668707028	6.41516356623758	1.5764523892468731	0.11326475180717172	0.7997270793728497	16.078554210246516	18.423057296820616	0.6826138224244257	1.0235763150618025	-0.9017596120915714	-0.9017596120915714	-2.413834237207909	-15.627446299886026	-16.603963792961004	-7.2284814995242845	-4.613997144212506	91.8533255557718
0.015848931924611134	9668.708483853487	0.6943304721887313	4.123866370719551	3.119359872135693	3.2984695726676385	-21.33580188806544	-49.067656528079326	-77.74522602207949	10.890974953447003	-59.89137922649021	-43.41084798087111	-58.673900035234375	-53.17770660330408	-17.14000400050841	4.618407641659482	-20.432313525160147	0.6506516558265688	2.1886871213428574	-7.028871183873622	-0.3069621369778659	0.07510713599627297	0.6535511931584684	20.461542715469772	-0.20913023756105875	20.432313525160147	1.9262854468240145	2.3983550921043477	7.028871183873622	1.8585316872214501	0.14515080985353684	1.0016194148759483	16.078554210246516	18.423057296820616	0.6826138224244257	1.3021677653814616	-1.0317161619780153	-1.0317161619780153	-2.699035705628467	-17.280580743353102	-18.14916117698807	-7.810737619969141	-5.018174516903716	102.68919872370218
0.016788040181225608	9698.208600244903	0.6954413480130185	4.991493376232427	3.7980370434103388	3.9811364799560103	-24.082600707803156	-54.98731685994852	-87.04503766873331	12.537212078148473	-66.98088963639643	-48.11079714588627	-65.61558131306062	-59.39870153533534	-18.92373176185687	5.512951393213424	-22.474082091479435	0.7736009243088439	2.69598208447983	-7.688647267268998	-0.3700328518535435	0.09534943166736512	0.8090299231371045	22.876932804701877	-0.18702368481611478	22.474082091479435	2.3366107670755056	2.9591699832263396	7.688647267268998	2.185299761068075	0.18541791944020874	1.2431611549785615	16.078554210246516	18.423057296820616	0.6826138224244257	1.6344980900825368	-1.1822681303270206	-1.1822681303270206	-3.0173871698655765	-19.086377020688257	-19.80665001184898	-8.415513839516688	-5.45132139288023	114.47438282490407
0.01778279410038923	9704.443163055508	0.6966274921730726	6.029662185029947	4.617123743903102	4.800145814355701	-27.126160814205356	-61.463533379030004	-97.19932650237297	14.421697135405735	-74.70232063785677	-53.0993886295562	-73.17874223741454	-66.1412615624836	-20.865710850478454	6.564769755265768	-24.683088587376876	0.9169015703510538	3.3138976362242802	-8.39588620014208	-0.44501804687267965	0.12089479394414183	1.0000100259212608	25.558653266998796	-0.14526827203883255	24.683088587376876	2.8286493688800207	3.6428024109625587	8.39588620014208	2.5625340876340665	0.23619422466043413	1.5400780912084746	16.078554210246516	18.423057296820616	0.6826138224244257	2.0326593869114147	-1.3532897789084086	-1.3532897789084086	-3.372657836022634	-21.054801565617346	-21.579924898317483	-9.03476852553472	-5.911701214534397	127.23494348571793
0.018836490894898	9686.563313084118	0.6978887972465964	7.2752360065418396	5.609992950517406	5.787729119189689	-30.488431958215987	-68.52166652700794	-108.24178771340114	16.588330120282706	-83.0757315777535	-58.32371649296206	-81.38384228795604	-73.39780499730685	-22.9750302881273	7.80123952567759	-27.066661953160796	1.0831492257755697	4.071276805646365	-9.151684669191553	-0.5339222774349945	0.1527391708717306	1.2376074706543743	28.531370350444526	-0.07359102168977738	27.066661953160796	3.4167457637460057	4.480869179637571	9.151684669191553	2.996486254694119	0.2998747253543973	1.9074355903408038	16.078554210246516	18.423057296820616	0.6826138224244257	2.5089106015611686	-1.5459701757891173	-1.5459701757891173	-3.7690282481395103	-23.195943412683224	-23.472211947696522	-9.660115261717717	-6.398713425691399	140.98537832499184
0.0199526231496888	9643.865246433008	0.699224395636276	8.763265592701728	6.807874492581244	6.973617678058319	-34.19108351854206	-76.18344118254288	-120.19921860402675	19.07765408889895	-92.1151178487869	-63.73258064798324	-90.24536217486735	-81.15935098774898	-25.260488356634635	9.249552797219568	-29.631375963713907	1.2750909596880395	4.994439726677606	-9.956786274866086	-0.6390103031580314	0.1918270491835667	1.5313497199276596	31.82102921690895	0.03693133101769585	29.631375963713907	4.117059658258491	5.50329153956716	9.956786274866086	3.493854942072012	0.379287655837161	2.359237479633009	16.078554210246516	18.423057296820616	0.6826138224244257	3.0752672021527716	-1.762765549531071	-1.762765549531071	-4.211132512832647	-25.519826892856603	-25.48628845144013	-10.283106517268267	-6.91282001346546	155.72733270546107
0.021134890398366465	9575.764005874526	0.7006323627505212	10.486306096784954	8.198997451684528	8.34396232672227	-38.254855044765236	-84.46553347232737	-133.08914722082386	21.86474025599462	-101.82560621988085	-69.3975885120624	-99.76887676973271	-89.47438209712163	-27.73006740003129	10.91492442707747	-32.38284179708112	1.4955594845302518	6.065539350102024	-10.811526431990954	-0.7628360276471149	0.2400968839994194	1.8678133685505613	35.45433419732883	0.1729779290185902	32.38284179708112	4.949154591258029	6.695346347213165	10.811526431990954	4.0617553031456515	0.47812321281343106	2.887814765338634	16.078554210246516	18.423057296820616	0.6826138224244257	3.7327711525003835	-2.0131698909880598	-2.0131698909880598	-4.7040988868021545	-28.03593429500614	-27.623988274018576	-10.905924025989737	-7.461361041204906	171.44651672295223
0.0223872113856834	9481.945928526135	0.7021099981139963	12.52978243448182	9.866514919043327	9.981774244898634	-42.69949036874837	-93.37958125154398	-146.91979513065237	25.058497300817383	-112.20399183073506	-75.1105000245234	-109.95164120435646	-98.24553761342614	-30.390933387423825	12.849458724806707	-35.325454698776795	1.747326399844498	7.3604887067121325	-11.715778948131256	-0.9083248510844165	0.29985169803072187	2.2803210203727033	39.45872329000996	0.3676953320144128	35.325454698776795	5.93537568504836	8.136441957179345	11.715778948131256	4.707690481315675	0.6007292108080509	3.533135241461057	16.078554210246516	18.423057296820616	0.6826138224244257	4.505479352541343	-2.2919422969801055	-2.2919422969801055	-5.253597533193066	-30.753256931929656	-29.886530708775727	-11.506629644725415	-8.036457523069485	188.11263787747905
0.023713737056616554	9362.554501639646	0.7036535895527284	14.949556970676383	11.863013906970522	11.938248967676262	-47.54416187329935	-102.93332171847592	-161.69176271778562	28.726043353165828	-123.240757466052	-80.74234665743174	-120.7845378876978	-107.41307874447634	-33.24954429661664	15.091261180100437	-38.46220067844318	2.033038500510562	8.924929678879396	-12.668905211503418	-1.0787603087400794	0.3727912134763861	2.7868701675447003	43.86239522718475	0.6395663616095653	38.46220067844318	7.0997618131185645	9.877489024151572	12.668905211503418	5.4394797628952025	0.7519476925915075	4.320147808107535	16.078554210246516	18.423057296820616	0.6826138224244257	5.410314196163597	-2.6002572083327893	-2.6002572083327893	-5.865881258935663	-33.68045020786538	-32.27484317918082	-12.069986387438195	-8.636722280001399	205.6817304400533
0.025118864315095794	9217.613371143041	0.7052580923321425	17.770848387978145	14.209652204729231	14.232073759924797	-52.80419398158139	-113.12381218630357	-177.3872740571155	32.887993773654024	-134.91170001215806	-86.2434592272577	-132.24327566355598	-116.94976330993168	-36.31127043388997	17.66293852797759	-41.7944763384219	2.355125262196725	10.77274037274568	-13.66971223101164	-1.2777799916212422	0.46055222391312556	3.3891926924143854	48.693794035139696	0.9917352421148635	41.7944763384219	8.468897053571897	11.938851270104946	13.66971223101164	6.2651828111214725	0.9374179543845086	5.258279917528684	16.078554210246516	18.423057296820616	0.6826138224244257	6.4563850473143	-2.945237567148326	-2.945237567148326	-6.547828409744047	-36.82551410015613	-34.78927204242593	-12.58801931581512	-9.266793784321106	224.08275937384784
0.0266072505979881	9046.804022657436	0.7069180684169039	20.998724219845236	16.90874999287729	16.864132010329495	-58.48770629973067	-123.9310046018828	-193.9603336892562	37.5288278443864	-147.16830275511794	-91.60796651631223	-144.27849164358523	-126.83535563959393	-39.57924323436116	20.573475393552624	-45.32185348488412	2.7155563336850186	12.89596684847033	-14.71641860849017	-1.5094390436168041	0.5674724413176656	4.076799439547132	53.98028053575177	1.4162846746167401	45.32185348488412	10.075828101233489	14.3165677510594	14.71641860849017	7.193016380847186	1.1646116094686987	6.3472899196331225	16.078554210246516	18.423057296820616	0.6826138224244257	7.646064689077228	-3.335534869865861	-3.335534869865861	-7.306987192940918	-40.19473010411845	-37.42847903450958	-13.058364517133514	-9.932612824137593	243.20581974584218
0.028183829312644536	8850.428968125121	0.7086271131911908	24.768982992108008	20.09705759206373	19.973063153870264	-64.59923316904185	-135.3264908426579	-211.35053355773528	42.835548438966256	-159.9514805009737	-96.40593293748911	-156.82971422319216	-136.8276174151975	-43.055268019968636	23.898378692045043	-49.04184537035297	3.1155326630004057	15.421182988846144	-15.80662893711957	-1.7783414896984704	0.6971488217863608	4.907350800014439	59.74890726701464	1.9725507726953675	49.04184537035297	11.955810854372519	17.142920678570537	15.80662893711957	8.231310715264403	1.4416952718613694	7.655183351312156	16.078554210246516	18.423057296820616	0.6826138224244257	9.01416194798785	-3.759638892588036	-3.759638892588036	-8.151629088366814	-43.793630247761435	-40.19109520156691	-13.444365598047186	-10.619580139433344	262.92084900205185
0.029853826189179603	8630.629570944568	0.7103781411971644	29.16379040975597	23.856259377587982	23.640472732451848	-71.14982885475841	-147.2952380100472	-229.5171476768277	48.915889931335464	-173.21584472106431	-100.38199228324487	-169.85042893612493	-146.7800342490949	-46.7397201735615	27.68616551678734	-52.94982303591834	3.5554171127329646	18.420902720079553	-16.937318011774764	-2.0895378855156994	0.8521363366313561	5.911634695293366	66.02612794989096	2.694008228908881	52.94982303591834	14.146232768635523	20.49807542664212	16.937318011774764	9.38835953824423	1.777840717600107	9.222853393670594	16.078554210246516	18.423057296820616	0.6826138224244257	10.581946906163166	-4.216327697823613	-4.216327697823613	-9.090765596124111	-47.626943581420285	-43.0756859368254	-13.722316226748884	-11.323883162636484	283.1206169824994
0.03162277660168379	8388.910585348094	0.7121635969636654	34.12944513191146	28.128392014795452	27.803922646641674	-78.14106206101962	-159.8024225924184	-248.38745295913088	55.66480842500336	-186.89127040875096	-103.687834070797	-183.26815125203584	-156.7392766878771	-50.63087317673091	31.913889107579184	-57.03898335264643	4.034666239899624	21.826943539756726	-18.104839327048133	-2.4484599809393655	1.035636728312803	7.048916240601375	72.83677312655972	3.5456847998937397	57.03898335264643	16.68865907540117	24.321765005046856	18.104839327048133	10.67229038784661	2.1838707608531083	11.020797040394987	16.078554210246516	18.423057296820616	0.6826138224244257	12.335698793531316	-4.726418109542419	-4.726418109542419	-10.134185993770197	-51.698007458870855	-46.08002725215098	-13.903543859345016	-12.064623970899811	303.65680857465844
0.03349654391578276	8125.678376742939	0.7139752820719963	39.74121930631368	32.99341308726997	32.54769259205582	-85.55545322792828	-172.7757122401664	-267.829737416117	63.176014668503306	-200.8601968926989	-106.00735011884521	-196.9605680635304	-166.48023621638316	-54.72312592578204	36.61625104707334	-61.300166176741406	4.551314537947847	25.70319343966682	-19.30494481040597	-2.8611112400221717	1.25640604943385	8.343666548234996	80.20199888663781	4.55714882990121	61.300166176741406	19.63562907504967	28.679085588034535	19.30494481040597	12.091007945198834	2.6739056459441763	13.088822277818284	16.078554210246516	18.423057296820616	0.6826138224244257	14.289984868637802	-5.284402271799474	-5.284402271799474	-11.292468109974589	-56.0071150905023	-49.19941981309484	-13.968010299038134	-12.833398815744884	324.30963590001403
0.03548133892335755	7842.227764702457	0.7158048749710746	46.17929158178393	38.63917133388385	38.06635207732499	-93.37065490387127	-186.1363844705242	-287.70254652209354	71.72582784519308	-215.00248902891468	-106.64742486853987	-210.80206560104745	-175.58254488961794	-59.0098773130275	41.88363087059376	-65.72182861718161	5.101647409076776	30.22566593348185	-20.53281132999724	-3.334159292515362	1.5196736113834926	9.87908234535709	88.14225329168748	5.8145685132352725	65.72182861718161	23.039593102860387	33.75084036574332	20.53281132999724	13.652167329523285	3.262741524264195	15.522619425351634	16.078554210246516	18.423057296820616	0.6826138224244257	16.48608118543836	-5.8707892445693854	-5.8707892445693854	-12.576987431367167	-60.554358418911534	-52.4306546682665	-13.86723792456003	-13.608036012053752	344.85097029089644
0.037583740428844416	7543.05709741782	0.717644449589729	53.546719972539506	45.17411718998055	44.47218795129637	-101.59330648918622	-199.86699185893048	-307.959613900407	81.4642717272758	-229.2648437435218	-105.23994224742388	-224.73658301751	-183.82731873966875	-63.482885552913416	47.766797881098704	-70.29025663688849	5.680673858492844	35.49296524395725	-21.783078499002038	-3.87458322908496	1.8292095354978932	11.70027666388722	96.67695795111301	7.366174124597501	70.29025663688849	26.956301126618584	39.64021866985776	21.783078499002038	15.362927829997178	3.967458451978562	18.3776730693873	16.078554210246516	18.423057296820616	0.6826138224244257	18.945656837229908	-6.4796907550809015	-6.4796907550809015	-13.999911495407199	-65.33903856438174	-55.77084477780137	-13.572102157337797	-14.380838481954916	365.1702159468604
0.039810717055349734	7231.921116528955	0.7194852958241315	61.5433156363862	52.288645905020644	51.44363537197249	-110.22393842184405	-213.93967273913609	-328.5382513863183	91.87077130872258	-243.57717466677101	-102.77448408869523	-238.68999267421793	-191.681741290391	-68.13049676655426	54.10186295519704	-74.98976354642734	6.282684919477286	41.17798873143056	-23.049914972157946	-4.489391896748223	2.193200989793047	13.633659385387334	105.8224359759126	9.05128281415194	74.98976354642734	31.451374764181878	46.01862448995876	23.049914972157946	17.229696335109782	4.8091974544296425	21.49345167983743	16.078554210246516	18.423057296820616	0.6826138224244257	21.587092090466623	-7.167221817507307	-7.167221817507307	-15.574166451715923	-70.35798832555979	-59.215036125331864	-13.159852485155872	-15.208762811950628	385.1389141028136
0.042169650342858224	6911.688913096614	0.7213194993956137	70.4817020810283	60.319478719731244	59.34014459771514	-119.25084130403992	-228.30548465335542	-349.343987765519	103.42360126717034	-257.84030019716886	-98.13354886365724	-252.55784429157316	-198.50198214033378	-72.93664557544861	61.02971692523229	-79.80256474616662	6.900680613301622	47.59634128723313	-24.32709121857155	-5.186144493439821	2.6278960110349483	15.831393797292025	115.59088935227116	11.021762982061514	79.80256474616662	36.604820147032235	53.188987510680484	24.32709121857155	19.25829884847598	5.813471645952627	25.0401605472791	16.078554210246516	18.423057296820616	0.6826138224244257	24.476181490275565	-7.881316954108699	-7.881316954108699	-17.313339951154504	-75.6046266277735	-62.75573461254751	-12.551455613935742	-16.035448800544366	404.5941347340936
0.0446683592150963	6585.200713715683	0.7231394358210927	80.53402157933978	69.45307505086107	68.36000000919145	-128.65994450554075	-242.9148413944188	-370.2824993223148	116.39754650499385	-271.9645169165701	-90.6343324279727	-266.24550068572734	-203.87576388786073	-77.88583596171118	68.62634833168349	-84.70886915391203	7.52645986239847	54.92230575237262	-25.607997449206188	-5.972432203782016	3.1408550156542807	18.37789908825824	125.99532107068751	13.362351529320309	84.70886915391203	42.49074957011836	61.3215757116606	25.607997449206188	21.453534700994698	7.006422029479727	29.112781706872024	16.078554210246516	18.423057296820616	0.6826138224244257	27.64668973625096	-8.60011325684963	-8.60011325684963	-19.231694888319794	-81.0737682453662	-66.38899153606319	-11.70151070605562	-16.83728143912816	423.37823422655975
0.04731512589614805	6256.170787702221	0.7249378408766575	91.74193098966381	79.73867620087216	78.55704014410502	-138.45626551557564	-257.7577735464815	-391.3210789699203	130.84628646090871	-285.90398344847387	-80.0966709620347	-279.70417774975493	-207.67439063082986	-82.96188409960784	76.90170567616585	-89.68766585701184	8.152519409811442	63.19362846296584	-26.885751642564806	-6.855123785014835	3.7370872782999633	21.28955358486117	137.04926625101322	16.090587745363578	89.68766585701184	49.18463801604443	70.45106477634663	26.885751642564806	23.818922184686247	8.417315886212	33.735011921237614	16.078554210246516	18.423057296820616	0.6826138224244257	31.10044911170207	-9.324347343209359	-9.324347343209359	-21.3439292153594	-86.76024644007633	-70.11139629389145	-10.597858555943187	-17.614557731688873	441.40938384578453
0.05011872336272722	5929.182943022858	0.7267082119005615	103.45858372586538	90.50821074295196	89.23773012858422	-148.67939531754	-272.88994422810225	-412.52720595936023	145.58829472067566	-299.66069348984905	-68.9437234327931	-292.93627568335427	-211.14177415276745	-88.14235405498498	85.48831854972002	-94.71671227355137	8.772472460736374	71.70000361262612	-28.15324118766453	-7.8402641566202504	4.436916547733166	24.191753821698654	148.7614634890991	18.855893182207037	94.71671227355137	56.78622155366116	79.84186273747983	28.15324118766453	26.356494073214908	10.084460509931874	38.54820088938448	16.078554210246516	18.423057296820616	0.6826138224244257	34.66121054875267	-10.153974654352616	-10.153974654352616	-23.66509569978841	-92.65365448139053	-73.91328271094775	-9.413604590008719	-18.470943274672496	458.7202079688983
0.053088444423098846	5606.438833865833	0.7284444679083585	116.41437597389998	102.54750968792015	101.24286502775595	-159.33314665725905	-288.3007100963936	-433.8677831142244	161.81721558542648	-313.1704603560271	-54.57900265068023	-305.8750601489084	-212.86991179446545	-93.40292023213563	94.73454036030923	-99.77199274427896	9.380477255981123	81.20985148623923	-29.403175102040645	-8.933363436023573	5.260659876766115	27.47238917959772	161.13854773888718	22.025866130061413	99.77199274427896	65.39709187609223	90.23832621194839	29.403175102040645	29.06646304999265	12.048414038034961	43.95648115670586	16.078554210246516	18.423057296820616	0.6826138224244257	38.49319696473072	-10.961671922050563	-10.961671922050563	-26.210496171025547	-98.74247352621143	-77.78567001533365	-7.961792439755415	-19.270858691843856	475.2305206340481
0.05623413251903491	5290.14896648189	0.7301412368492536	130.71576132240375	115.97725849095151	114.70426945767208	-170.4314285203888	-303.9996791361986	-455.34127060534735	179.6879199761408	-326.40381456212566	-36.618245217575186	-318.4906316742696	-212.628044462993	-98.72242519595918	104.67877994345915	-104.82868950471905	9.97264961199482	91.82958901321707	-30.628117656628238	-10.138771546053206	6.215329549571259	31.18451593364306	174.19127919778262	25.649210348970453	104.82868950471905	75.1035461819598	101.74017707414467	30.628117656628238	31.94742748368921	14.348268183674067	50.02002251508814	16.078554210246516	18.423057296820616	0.6826138224244257	42.61211659255848	-11.734117683810819	-11.734117683810819	-28.99532634458398	-105.01853618194848	-81.72434765949728	-6.213673763282869	-20.00009852420387	490.89805911756474
0.059566214352901034	4981.856543907554	0.7317938053092684	146.02251741393007	130.4429481552711	129.24829328637733	-181.97991458691808	-319.98305019500833	-476.92688569319904	198.5762388390025	-339.3205977364731	-16.3019775195318	-330.7417159116024	-211.03194069842434	-104.07885686350973	115.12407188249873	-109.86105654492096	10.547543565841975	103.17443222801592	-31.820465427584285	-11.458091119186204	7.302863548266481	35.13006708413463	187.92908253326064	29.539124518677543	109.86105654492096	85.98895000956675	113.96071072288156	31.820465427584285	34.99489786383182	17.02821312141191	56.542671551514935	16.078554210246516	18.423057296820616	0.6826138224244257	46.923521992487	-12.531391318789138	-12.531391318789138	-32.03481603999634	-111.47331173299203	-85.7245648882777	-4.257427956961562	-20.722334640794593	505.6625375102157
0.06309573444801933	4683.147483318559	0.7333982754678434	161.83712555232543	145.4391675392444	144.35830417041873	-193.99752048219793	-336.27185894453936	-498.64201797986004	217.5038557966188	-351.8722139122787	4.424392987814056	-342.5785787675184	-209.04729779687884	-109.4398606329066	125.75523668027206	-114.84277079351267	11.107455643227462	114.66464800874273	-32.9725883617724	-12.891163067236867	8.556410519292122	38.99653526416305	202.35301049644107	33.40524223446507	114.84277079351267	98.17794566323312	126.2760715003339	32.9725883617724	38.202176505167515	20.146001811555834	63.23320077534824	16.078554210246516	18.423057296820616	0.6826138224244257	51.280894590324564	-13.412526487939699	-13.412526487939699	-35.34364100234391	-118.08876919616033	-89.76939827929492	-2.2323885068377622	-21.497321948402817	519.507337590992
0.06683439175686146	4395.743360485456	0.7349514951748343	179.06310064662725	161.9400927985035	161.07957442906746	-206.5286610417614	-352.93117520481064	-520.569654992921	237.98622562796677	-364.0709094899963	28.772175371205822	-354.01843497056507	-204.97733129305277	-114.77739508244217	137.02235216010885	-119.74571117451275	11.657556807880365	127.27565103362765	-34.07674757251056	-14.436394132540672	9.98909151193369	43.28840525521789	217.4699026916662	37.70559773071585	119.74571117451275	111.77169287201875	139.63690619485598	34.07674757251056	41.559774030444814	23.756063933678593	70.60030012915063	16.078554210246516	18.423057296820616	0.6826138224244257	55.89411631108013	-14.222870101866695	-14.222870101866695	-38.936074745478464	-124.85111731357176	-93.8499896319668	0.09940019883137081	-22.159856001951773	532.4844154803969
0.0707945784384138	4121.40219327161	0.7364506421645949	197.80455500102428	180.0608720051336	179.53431933596352	-219.65154730062542	-370.0809070804207	-542.8722930576236	260.1227100231478	-375.9890652027861	56.897214492773735	-365.1438684598677	-198.77393719557057	-120.06688696569458	148.97334139131462	-124.54085624442789	12.209541136142029	141.1133044317058	-35.12508681707178	-16.08880063920929	11.597592438046169	48.06560916254846	233.2907359781945	42.48044429315083	124.54085624442789	126.84740126379238	154.14455020631874	35.12508681707178	45.054476022531304	27.910413022823295	78.69638317189687	16.078554210246516	18.423057296820616	0.6826138224244257	60.783664638639124	-14.951305684011807	-14.951305684011807	-42.825695719204525	-131.74966738110385	-97.96179767331185	2.7728144665098005	-22.698508134494517	544.7222488549497
0.07498942093324558	3861.431382463397	0.7378939038648487	216.976048009865	198.6440643498827	198.48340806236376	-233.46340801009742	-387.8674220240535	-565.7485126475648	281.8144892503308	-387.7077162558727	84.28890625566952	-376.04805284665406	-192.86671004292901	-125.28090054612899	161.01277495682402	-129.1986243763757	12.783757811252348	154.9330957078908	-36.10972307593234	-17.838673602426866	13.382122553978357	52.678498537497035	249.82002367481925	47.127452313144815	129.1986243763757	143.4736505706574	168.55616431963696	36.10972307593234	48.66825716848564	32.66159435684313	86.87200423270976	16.078554210246516	18.423057296820616	0.6826138224244257	65.67527635149082	-15.776234691731835	-15.776234691731835	-47.025150395028085	-138.77079609566456	-102.09617530522645	5.5079091497424875	-23.30402628051836	556.3745717510124
0.07943282347242814	3615.862710237643	0.7392799553351155	236.8217628268642	217.97977739150522	218.26207269754354	-248.02324279939612	-406.3678866058428	-589.2928166427184	303.3203084025974	-399.197113229658	111.58917795340832	-386.7083720573377	-186.87449767344947	-130.3763956300176	173.2106559522996	-133.68696075435756	13.403952942404493	168.9601006346921	-37.02278839048554	-19.67350935550825	15.382271432110546	57.23233284167227	267.03386955641395	51.746645064472574	133.68696075435756	161.74480049453638	183.0709773702222	37.02278839048554	52.37823421310872	38.06663220663068	95.27051657736821	16.078554210246516	18.423057296820616	0.6826138224244257	70.60522924265858	-16.622511866793886	-16.622511866793886	-51.54607986770157	-145.88647014220354	-106.22946804145471	8.364497483248913	-23.892891159044414	567.4813085045762
0.08413951416451952	3383.094915357614	0.7406079895619498	258.22906237940356	239.0225799311029	239.8896507638029	-263.28286169378936	-425.4834669808821	-613.3444822398711	326.27009793307496	-410.33583200589015	142.40273996635563	-397.00539382648094	-178.81567769895034	-135.3221711080319	186.0350496358564	-137.97140156109043	14.091120899136989	184.18213691219762	-37.8564810736882	-21.57864789945759	17.58148798795617	62.25962205290121	284.89702713392853	56.83316797647331	137.97140156109043	181.65136538786297	198.7523747293846	37.8564810736882	56.15717634026052	44.151359749050705	104.44013741914442	16.078554210246516	18.423057296820616	0.6826138224244257	75.78861099751482	-17.348167017306057	-17.348167017306057	-56.398985273209114	-153.0790195925636	-110.35628096259381	11.589035603506114	-24.31561747380113	577.836519362985
0.08912509381337455	3160.435133464952	0.7418776248320422	281.2891735032858	261.86933345573357	263.4608369268349	-279.0558250825266	-444.9017623484728	-637.4414428524354	351.03816976033625	-420.8596940387806	177.82313258651413	-406.6650315403863	-167.95565243872696	-140.08948331763136	199.53444789744526	-142.01688393670062	14.857411444088452	200.70501020112437	-38.60323264416136	-23.536437390636934	19.93419294174099	67.84940971951497	303.3478904015542	62.4892449786702	142.01688393670062	203.12046443096654	215.83739595107934	38.60323264416136	59.97397838001565	50.926075875340416	114.4739416983564	16.078554210246516	18.423057296820616	0.6826138224244257	81.24682294756214	-17.948855264502797	-17.948855264502797	-61.59298192698526	-160.33223894144197	-114.47486559780035	15.219261878862884	-24.571834868592905	586.9730355898292
0.09440608762859236	2945.662376441703	0.7430887377937709	303.75847982540205	284.1177223957687	286.394985521368	-295.0945792369291	-464.2323375389955	-661.0228697276999	373.71711635437185	-430.4357295225486	209.91103848481694	-415.33805735596883	-158.320908253875	-144.63946633179611	212.43755726031205	-145.7889659281727	15.700233415829238	215.92406353840033	-39.256006835262646	-25.52867371308314	22.412479756123226	72.65465907240804	322.2931417419024	67.5408927137183	145.7889659281727	226.09629106988356	231.81131113778025	39.256006835262646	63.79626674867008	58.40988510444896	124.02760084953063	16.078554210246516	18.423057296820616	0.6826138224244257	86.40907347167419	-18.772775135444036	-18.772775135444036	-67.13593885339611	-167.6201982197295	-118.5719106028855	18.65807812766228	-25.039425385041593	594.378354591525
0.1	2738.4268393416833	0.7442422614618927	327.3276577480508	307.63240845422587	310.7376591985323	-311.2451872084839	-483.2522270039796	-683.7809306278318	397.53746497103737	-438.84775766642514	245.90042719330725	-422.8052305094322	-145.88002602226445	-148.92229880165715	225.5856162988019	-149.25285660485014	16.598656232021433	231.80469167565224	-39.80852692861133	-27.542432494689624	25.01919784271709	77.7397417544487	341.6233600403818	72.94804060353952	149.25285660485014	250.58143373073838	248.62770281739927	39.80852692861133	67.59423689908657	66.6385706826734	134.15302419624135	16.078554210246516	18.423057296820616	0.6826138224244257	91.66126601026656	-19.490505708624763	-19.490505708624763	-73.03405045658221	-174.9064679032738	-122.62589572057429	22.345720725836596	-25.364443218180227	599.8151418231988
0.10592537251772886	2539.8508707463798	0.7453385371398991	352.4287761436332	332.88648102691394	336.99664586849457	-327.501658108903	-501.97783929479095	-705.753620509493	423.3405920081812	-446.1341940320694	287.5938559543772	-429.12404409666806	-129.6808535707786	-152.90881617302028	239.20881181551334	-152.37619143947123	17.52474632259026	248.9209946226103	-40.25544784753394	-29.568008068877422	27.696512444161854	83.458006547076	361.25357863286814	79.00611377164553	152.37619143947123	276.5159988618489	266.8720911974706	40.25544784753394	71.34091302519737	75.63095528224102	145.12160140660896	16.078554210246516	18.423057296820616	0.6826138224244257	97.10788152671135	-20.02644383033284	-20.02644383033284	-79.29183035011008	-182.1720362360755	-126.63935890019928	26.40925478290602	-25.4732469547309	603.3756905934606
0.1122018454301963	2350.709021438341	0.7463789828809625	378.73214796465385	359.5270545156054	364.7852181755498	-343.8588935619908	-520.4275297222292	-726.9833349218758	450.5494160419779	-452.3392387910785	333.7383123154274	-434.3575593451445	-110.41598958240114	-156.57471884871362	253.12455373266667	-155.13148693138135	18.45219444704875	266.959591655811	-40.59261545656136	-31.59616761165263	30.387983844148707	89.68914690541712	381.09776259207877	85.59479966805537	155.13148693138135	303.8196025725967	286.2502686633909	40.59261545656136	75.0113381393136	85.39219913824665	156.73767833548948	16.078554210246516	18.423057296820616	0.6826138224244257	102.66822915348253	-20.430555567074016	-20.430555567074016	-85.91155449783571	-189.40062760830088	-130.61576320656377	30.772852359549624	-25.427726745962577	605.1578478351036
0.1188502227437019	2170.172709762912	0.7473647942408859	403.29047341456766	384.4004948520144	390.7213323313327	-360.09426942123923	-538.2944718932117	-747.0617881813394	473.8157318324358	-457.2140265155475	373.1935524389459	-438.2482520425099	-93.88719824865687	-159.8767217033043	265.6012920341469	-157.49574654832935	19.348613007246914	282.4355525051326	-40.817204628471146	-33.618912094300846	33.11277582445267	94.58695409821671	401.02948104193274	91.1194783562682	157.49574654832935	332.46852435106354	303.246944132744	40.817204628471146	78.58262094212951	95.93134234878193	167.15391753109344	16.078554210246516	18.423057296820616	0.6826138224244257	107.58200211536493	-21.12381035896745	-21.12381035896745	-92.89310489566839	-196.55777088379935	-134.53336644145605	34.630790150021056	-25.68603840447556	604.8969357023211
0.12589254117941676	1997.4039754528687	0.7482975208092494	429.0706671060734	410.7647718201979	418.37356563867513	-375.91116416896887	-555.1782656706386	-765.464322776664	499.09421322119107	-460.5002219736601	419.1570187556416	-440.52861483279025	-72.79484212331116	-162.78056652202366	278.21694606666	-159.4493608891344	20.16556122494069	298.93004233431867	-40.92782409480757	-35.63458095475732	35.87053944116509	100.0920400725536	420.9308370650494	97.28930498339788	159.4493608891344	362.4318979650802	321.4064200543488	40.92782409480757	82.03730251158535	107.2531795195132	178.27928231546844	16.078554210246516	18.423057296820616	0.6826138224244257	112.55433089791268	-21.570661289727372	-21.570661289727372	-100.23325327673173	-203.61502227146403	-138.38145510153322	38.76403935484759	-25.671342060287788	602.2792652912666
0.1333521432163324	1833.535935789561	0.7491787070099497	455.96400700755265	438.5063605619186	447.61733830758624	-391.341392240634	-571.1771156273978	-782.3647822979476	526.2105669622462	-462.34039083772427	471.1378781215617	-441.36542614070214	-47.474113340621116	-165.27540023718313	290.9136308502566	-160.97975204677118	20.85694234448056	316.4150989839017	-40.924370557413766	-37.64300050218199	38.61012984601543	106.23410780181145	440.75374594305043	104.07522213725082	160.97975204677118	393.6999042989102	340.6022211432752	40.924370557413766	85.36266790994222	119.38757699517242	190.01045442947944	16.078554210246516	18.423057296820616	0.6826138224244257	117.56034479826437	-21.78250538394905	-21.78250538394905	-107.92615578212161	-210.56249741380117	-142.16838350618445	43.14986112164901	-25.404060952822498	597.5783294403321
0.1412537544622754	1680.5700679909194	0.7500103085741509	482.487295538542	466.00959968686874	476.68938180573434	-406.7361304108381	-586.8454629671645	-798.5553076915927	551.8810363215664	-463.1374039335556	521.6078715056956	-441.2070316925587	-22.234798531324223	-167.35583340713973	302.86938622562275	-162.08231708425896	21.407223867651215	333.16571125209276	-40.80810886622692	-39.640767731274785	41.31117008725562	112.10355111176693	460.5068068223704	110.60460056906734	162.08231708425896	426.3367629583509	358.9237812783825	40.80810886622692	88.54726372195503	132.38958277810153	201.3031388829889	16.078554210246516	18.423057296820616	0.6826138224244257	122.24261148839558	-21.993292695250567	-21.993292695250567	-115.9624677062569	-217.39242343375864	-145.8979319651356	47.39964222277019	-25.144308447087536	591.5141269093058
0.1496235656094433	1538.8309565718446	0.7507941752632376	507.16934949577825	491.7214629600106	503.9497621979884	-422.25317986213753	-602.4367738762394	-814.401796379551	572.9241111589656	-462.9782198398671	563.6765812399374	-440.1557001529584	-0.8123886854699542	-168.9894850380441	313.16047547096866	-162.75647138416056	21.833865721852845	347.3591355503006	-40.58154176438421	-41.61986655134981	44.08241598731003	116.67247873048973	480.16253101654206	115.96696628280104	162.75647138416056	460.4723596492643	374.34204165199117	40.58154176438421	91.57642282363464	146.3030131637168	211.16184559553395	16.078554210246516	18.423057296820616	0.6826138224244257	126.2082169467893	-22.36434772833715	-22.36434772833715	-124.32986345050848	-224.0716850655524	-149.53891531325974	51.098033678351435	-25.063404480874098	584.4314844026527
0.15848931924611143	1407.117533616768	0.7515323400474881	532.6469473575935	518.522024302652	532.5411125107712	-437.6916226672817	-617.6872924370838	-829.5670580600747	594.7082174040024	-461.74912946571806	609.1161986317334	-438.09451471024516	23.243506359590743	-170.1702077346644	323.2791161571458	-163.0019134602888	22.15941680486152	362.21572647710184	-40.247973537154365	-43.56922717238489	46.93762131745514	121.66946497153415	499.6768183907984	121.66942555755634	163.0019134602888	496.02329035170396	390.1171062030826	40.247973537154365	94.43129258329795	161.091542819576	221.35488519950607	16.078554210246516	18.423057296820616	0.6826138224244257	130.11140699547974	-22.45340947038952	-22.45340947038952	-133.01299776514267	-230.58763942619458	-153.0913147516916	54.96057783117718	-24.683297166279488	576.1559170994126
0.16788040181225605	1285.2631972474712	0.7522264233588453	558.8662974589691	546.3320257908322	562.3527532430966	-453.11663485612667	-632.71590171999	-844.23371872168	617.1243882874554	-459.60275979631433	657.4927367866527	-435.1958863032805	49.58710191152223	-170.90736771627382	333.2542048193205	-162.82179193357112	22.4071502536226	377.72069032913055	-39.81124186973886	-45.471935012273796	49.83030075872159	127.10914750136915	519.0223759176143	127.7052053584496	162.82179193357112	532.8513069787869	406.2784475729823	39.81124186973886	97.08982538438494	176.7203538384124	231.8561402032523	16.078554210246516	18.423057296820616	0.6826138224244257	133.96503573340178	-22.28724535167747	-22.28724535167747	-141.9942899695879	-236.93904149879273	-156.56640144427092	58.99570524320213	-24.039899081095715	566.8958859630535
0.1778279410038923	1172.9499022564876	0.7528785382535226	583.015401236974	572.0620244373449	589.98993316109	-468.59373554316437	-647.6369950602062	-858.5747990811839	634.6386862930952	-456.6532868337147	696.6003437728633	-431.5883725257631	71.48782101504334	-171.20401172858791	341.51162058714993	-162.22124701960007	22.614047269164836	390.40137495512795	-39.2756561832343	-47.298625215633855	52.72013108816305	131.13223367547425	538.1385047052987	132.49023070827198	162.22124701960007	570.7729840128135	419.4289031814704	39.2756561832343	99.5197287482287	193.14691625632793	240.78914001989185	16.078554210246516	18.423057296820616	0.6826138224244257	137.09500892526125	-22.32466919501566	-22.32466919501566	-151.25509667514498	-243.1181260993181	-159.96339737277958	62.46189577369616	-23.638658793008016	556.8380682151816
0.18836490894898	1069.0117547110792	0.7534908806555469	605.8431591019915	596.5805241884144	616.4568740196341	-483.8523848618024	-662.1003419703571	-872.1474919582137	649.0250192820334	-452.67591816804384	730.6334940335429	-427.02669249160067	91.41282371879996	-171.03840149985248	348.4142880363468	-161.21083146634996	22.81044794459241	401.1768935012335	-38.64705462828422	-49.02592442170151	55.680625567672955	134.21483954997015	556.8862807790388	136.48603308398646	161.21083146634996	609.6206492506046	430.52997846340895	38.64705462828422	101.69558061503784	210.2883762728625	248.748707000755	16.078554210246516	18.423057296820616	0.6826138224244257	139.66670279574967	-22.363548279891752	-22.363548279891752	-160.77078193561655	-249.09184718318517	-163.24947037077456	65.54895853927877	-23.252328014724224	545.7691426841994
0.1995262314968879	972.6102480928869	0.7540652337348822	629.2125956830573	621.9171715672616	643.9607835448172	-498.6464921857771	-675.8018008506043	-884.580539874572	664.3930670025221	-447.61313710351243	768.6058936389501	-421.4563568099876	114.29924995242827	-170.4169278940404	355.0849643095789	-159.79331250923045	22.983562652386464	412.4819952669729	-37.93058309023124	-50.63223052705019	58.616395534957576	137.74235316420416	575.1120941262575	140.89701056090112	159.79331250923045	649.0405397882014	442.18994143257584	37.93058309023124	103.58815667975068	228.02882792066669	257.07710242553725	16.078554210246516	18.423057296820616	0.6826138224244257	142.16365676931161	-22.1019123896353	-22.1019123896353	-170.52127041176396	-254.85394439315442	-166.4363057674656	68.78296739583148	-22.559053307127055	533.5603410203541
0.21134890398366477	883.2803129772908	0.754603543355187	652.985593923419	647.893042664101	672.2762338147057	-512.8406885627438	-688.596402576769	-895.7192460167731	680.8292096990591	-441.52880037729176	810.5885735396266	-414.94702079865846	140.12443199296447	-169.36576111428394	361.53782426665526	-157.9836640528037	23.114216673749173	424.28848885699307	-37.13276815522723	-52.10189644864011	61.412330090382035	141.76849345838656	592.6980061972337	145.7680544172571	157.9836640528037	688.6754998144959	454.51495856305417	37.13276815522723	105.18159166629665	246.2469100908078	265.7378800532278	16.078554210246516	18.423057296820616	0.6826138224244257	144.59052417669446	-21.582259208987747	-21.582259208987747	-180.47966289913128	-260.4098208360322	-169.5405214310671	72.15533634080127	-21.61300377826795	520.2416542159622
0.223872113856834	800.4260525851926	0.7551076816744009	672.6971696399594	669.6161640270759	696.0456932940149	-526.1849462234354	-700.1904217699613	-905.220208876132	689.9395784559792	-434.34207813592013	838.3164774403134	-407.4066302702596	158.95851887633947	-167.89003141730282	365.1687769372642	-155.7986587266707	23.163545037394716	431.0209023071682	-36.260133294251425	-53.41750360404698	64.00743510020554	143.30922293086172	609.4910751954238	148.6134231333846	155.7986587266707	728.260374305883	462.0019242988219	36.260133294251425	106.46020449317385	264.86362470009396	271.69083024201376	16.078554210246516	18.423057296820616	0.6826138224244257	145.84486831282842	-21.50148675370807	-21.50148675370807	-190.61993138222343	-265.74748889585453	-172.55185780973568	74.44948674762819	-21.179750699466684	505.7501256145368
0.23713737056616552	723.4373371314769	0.7555797722950889	691.8184155037922	690.9556911856855	719.5846726670262	-538.3341587019469	-710.1733883853522	-912.5981415751703	699.1085935179333	-425.8839949538432	868.2542065911338	-398.64398278257903	179.9848297831218	-165.98633990669651	367.9199947385648	-153.26298943000123	23.07686390838835	437.1507681150502	-35.320805737281404	-54.58232387266342	66.4403964055668	144.81449412353376	625.421969356273	151.44987268605715	153.26298943000123	767.818568134681	468.9207895118615	35.320805737281404	107.43041038489507	283.8897353650795	277.316827082771	16.078554210246516	18.423057296820616	0.6826138224244257	146.7566641549251	-21.213406583187545	-21.213406583187545	-200.9112411382499	-270.8445582516158	-175.44609098310156	76.57817351851459	-20.54333348067481	489.97406276534923
0.25118864315095796	653.5953725685871	0.7560210718825195	711.0284404864526	712.6269565787352	743.6487098162072	-550.4172127941156	-720.0740524104684	-919.854854781748	707.8885447457063	-416.9076745917867	898.5396207628926	-389.48693486808736	201.7000794669168	-163.6902485731688	370.2938749014226	-150.40063713208758	22.84256032226108	443.6853341003015	-34.32211281643077	-55.6069641627863	68.67879678049296	146.83900952257207	640.6915163388394	154.47366340918774	150.40063713208758	807.655142860312	475.7147087563684	34.32211281643077	108.1064699534341	303.4860076020659	282.81790362991694	16.078554210246516	18.423057296820616	0.6826138224244257	147.53730321185137	-20.63002271346318	-20.63002271346318	-211.32477420682412	-275.7124966683091	-178.2422842712661	78.75560491652418	-19.61346858770206	474.122623379766
0.26607250597988086	590.1518997645836	0.7564337171124462	729.7983153284815	733.996308189606	767.48967865874	-562.3091594990124	-729.7427679247327	-926.8137639212428	715.5730727685328	-407.48046791042935	927.429119604457	-379.99990820529206	223.0524884857992	-161.04261009344606	372.091016852227	-147.2379986733361	22.534535224015563	449.9266433253361	-33.27159014249131	-56.47828949792441	70.70329417833442	148.97991941441705	655.3408327890097	157.3683793904668	147.2379986733361	847.5801347873551	481.83302681904337	33.27159014249131	108.48333671164934	323.55125208897624	287.85758629374703	16.078554210246516	18.423057296820616	0.6826138224244257	148.10185092418334	-19.890809212494904	-19.890809212494904	-221.83051671168062	-280.3659036796585	-180.95658457558798	80.86730076410313	-18.547638760437415	458.15274893462
0.2818382931264455	532.321930761021	0.7568192503920366	743.7439044362242	750.2482565073549	785.8275926427281	-573.7316312996935	-738.8358925400616	-933.0563820844818	713.8497308944449	-397.47313943734514	936.7963254735057	-370.02364511712557	234.17913392609148	-158.0555975643244	370.73393441585057	-143.81004108595275	22.219206392789257	450.1909311514976	-32.17813213311602	-57.183544725464984	72.61762447259846	148.05716541451145	669.2655554019466	157.59796031144617	143.81004108595275	887.3080739284446	481.7582238856656	32.17813213311602	108.56112765725666	343.8913300724106	289.49563991020597	16.078554210246516	18.423057296820616	0.6826138224244257	147.3719036263653	-19.671490116282488	-19.671490116282488	-232.3923517491818	-284.791020676283	-183.56210977296385	81.71616528056715	-18.08114958249734	441.9203935766517
0.298538261891796	479.70455811141244	0.7571792109200969	757.8103737627347	766.8520125790814	804.710680736019	-584.6891734765763	-747.3806413701997	-938.638655842644	712.6011353186984	-386.9150997283653	948.3789451144593	-359.59368683446826	247.03132381412627	-154.73211040565255	369.1582426491931	-140.13118462606454	21.88643475999148	450.98502767584614	-31.048239798830913	-57.718750421559314	74.42927845522752	147.64462098586336	682.2917144492243	158.18179601830948	140.13118462606454	926.4935654633385	482.082057937962	31.048239798830913	108.3345435555423	364.32207395538006	291.3609706516421	16.078554210246516	18.423057296820616	0.6826138224244257	146.58383526231194	-19.12201811031368	-19.12201811031368	-242.98492467193213	-288.97354039013766	-186.05284054596848	82.66423606462668	-17.27843673562041	425.5282673315226
0.31622776601683794	431.07717433860984	0.7575151906833912	771.8279342982996	783.57457438176	823.8365249924881	-594.0404176289072	-753.9477291645748	-941.7951404731808	713.7079853497321	-375.49135961170583	966.5696729107852	-348.35149924376077	264.17855367063015	-151.11757268649862	367.3691573271648	-136.22567115439878	21.50365468983141	452.20050807945887	-29.889468689639646	-58.063522790613995	75.95194165150262	147.79088117201232	694.1393456137419	159.36458725567778	136.22567115439878	964.3363873742697	483.36719724113516	29.889468689639646	107.79031100337215	384.51323366916534	293.61033899056935	16.078554210246516	18.423057296820616	0.6826138224244257	145.7359890772549	-18.319368367489318	-18.319368367489318	-253.5780877086939	-292.9309102618429	-188.45217249929934	83.6868908027816	-16.231397703660782	408.28132873395634
0.3349654391578276	386.74907103747427	0.7578285818401833	783.8105178634569	798.1920761400054	840.7287007114653	-602.4106331867068	-759.372174276773	-943.6098763506577	712.1700101475218	-363.6101810500801	979.8246035555326	-336.7248646661957	278.99472845026224	-147.27054885462059	364.2916441848407	-132.13909625058648	21.01191505877179	451.41368183290945	-28.71088303490564	-58.23759639544762	77.11430109617568	147.19910178122035	704.9898352087564	159.8229101257521	132.13909625058648	1001.0791811710416	482.66989721134127	28.71088303490564	106.96708082570642	404.6030384957989	294.55822788758826	16.078554210246516	18.423057296820616	0.6826138224244257	144.37556890373082	-17.609971334070774	-17.609971334070774	-264.13196388500216	-296.6847425742414	-190.77196925457346	84.25362261815819	-15.32144836037689	390.7978430444215
0.3548133892335753	346.9686505664289	0.7581207708729042	792.1889000395485	809.02851226661	853.6008714478378	-610.7290265588495	-764.8444718397628	-945.5820969776305	702.9903993483545	-351.55274767860175	976.9304512499668	-325.0250647539022	285.1899583984784	-143.16933270614433	358.89996924808	-127.8857041651692	20.428042436850717	446.5400696384992	-27.517311280833646	-58.24258031820384	78.06304183676629	144.65356058411479	715.0402154676949	158.31789270446689	127.8857041651692	1037.3263087769915	477.1981869793157	27.517311280833646	105.86841993381287	424.86574756036305	292.7991903661989	16.078554210246516	18.423057296820616	0.6826138224244257	142.0816790468805	-17.17102281678252	-17.17102281678252	-274.6298751629633	-300.2060102476005	-192.9769645903327	83.90904628682681	-14.735370441232954	373.76915352805173
0.3758374042884443	311.1107363954904	0.7583931673224846	800.6075417888311	820.0596678438003	866.8011484498102	-618.6729956094698	-769.9652771218983	-947.2240046348631	694.2652527418543	-339.32389227207443	975.6141423079159	-313.23545222915965	292.48939804959286	-138.86878686559908	353.49238203000056	-123.50727031214639	19.855296105594878	442.3133358332684	-26.317693247590448	-58.086769461030435	78.87198245689885	142.66919168128817	724.282686535784	157.06386392983126	123.50727031214639	1072.696100753628	472.0206952362433	26.317693247590448	104.5196922427373	445.00846041838815	291.157490866492	16.078554210246516	18.423057296820616	0.6826138224244257	139.80969798919713	-16.454369268566015	-16.454369268566015	-285.03084682725984	-303.5122344437701	-195.07822657545427	83.68216252624912	-13.866397763785393	357.0212345913707
0.3981071705534973	278.476803321514	0.7586470034711167	808.8605341146656	831.0139795589299	879.9835208977555	-625.4844110864376	-773.8054487734973	-947.4078731385349	687.1335288402954	-326.79246625245713	978.4444533275823	-301.2052617812493	302.34667000621835	-134.40387447274006	348.07030615069715	-119.0197242248442	19.287968280077713	438.59488334520546	-25.117116349397293	-57.7573193875195	79.41664011958663	141.23121601044537	732.3886184160632	156.30112798370752	119.0197242248442	1106.2839258825845	467.7190158738398	25.117116349397293	102.912620374823	464.59683266861555	289.84680597257676	16.078554210246516	18.423057296820616	0.6826138224244257	137.55751520047468	-15.533444712807515	-15.533444712807515	-295.3149232864868	-306.6183127141849	-197.0968750739183	83.55348305459813	-12.802523277233789	340.1832722115284
0.4216965034285822	248.68600379408306	0.7588832863451661	813.8613056575035	838.4684358080623	889.3615733737722	-630.7458620642673	-775.8749025259254	-945.5607272493046	676.1604870659468	-313.90330047041977	973.4429094922954	-288.8549021505284	308.1802244766985	-129.81199481801167	340.8171197146448	-114.45608905793604	18.640962129720418	431.43389766580816	-23.922046052562646	-57.267950675345666	79.61279364442294	138.221119907795	739.2969655432792	154.2785870343066	114.45608905793604	1137.9262756560422	460.3391758519045	23.922046052562646	101.0751494332386	483.5701734258065	286.62140723275263	16.078554210246516	18.423057296820616	0.6826138224244257	134.56965882937251	-14.915859291735767	-14.915859291735767	-305.4526989207185	-309.53478240294106	-199.035076813924	82.66694937773728	-12.103250873419338	323.14898468371604
0.44668359215096304	222.1154073800383	0.7591032959244601	816.7866744633903	843.7658624210856	896.4734764405881	-635.9936050851103	-778.0823846585049	-944.0287696585656	660.7648213943046	-301.08597151672865	958.9273379252543	-276.6490896449182	308.85085045917396	-125.09325245559286	332.38744313706576	-109.8416543718133	17.933856926791414	422.3628118008102	-22.737638421493834	-56.62879261079853	79.59416401766065	134.4148156884158	745.4210592115973	151.21157199671086	109.8416543718133	1168.5975407827805	450.33016954524163	22.737638421493834	99.02796621401427	502.3957100130984	281.8431770667814	16.078554210246516	18.423057296820616	0.6826138224244257	131.11990878043696	-14.352245676135432	-14.352245676135432	-315.4220585840164	-312.2466211709601	-200.86406669011245	81.32542448931233	-11.481009377448142	306.79191407751387
0.4731512589614803	198.30981827182325	0.7593081340128703	819.7238935502415	849.1565935737058	903.7509840601227	-640.8936997962358	-780.0180122451194	-942.3143834154563	645.9846696619353	-288.36566019310214	945.8743956289786	-264.6015352553898	310.3495770305712	-120.29445480944814	324.17003211997036	-105.20347493948715	17.26153641511069	414.1143503775425	-21.56938050895648	-55.850722845663334	79.41347767346943	131.23851908473003	750.6978470583255	148.46538550969126	105.20347493948715	1197.8078254836132	440.8987682109682	21.56938050895648	96.79330074579207	520.7254984094761	277.29705789975634	16.078554210246516	18.423057296820616	0.6826138224244257	127.78037441069715	-13.563665276386127	-13.563665276386127	-325.1958160583024	-314.77344256508877	-202.60260547270957	80.13975922690244	-10.630020289202045	290.9464555084557
0.5011872336272725	176.57172816480343	0.7594986376467432	822.3987813274418	854.3068253770821	910.795840410889	-643.9155702707279	-779.8303538987309	-938.1932750795496	634.3126983490663	-275.430939363896	940.0802369906305	-252.35652515821877	316.04860176112896	-115.45035573191096	316.0788745599278	-100.56001316910104	16.576714588705713	406.4419096067088	-20.421739190559066	-54.927826636642784	78.92978572133315	128.64058851864957	754.6835717363554	146.37788542793254	100.56001316910104	1224.4602737652174	432.78505315536773	20.421739190559066	94.3728858230051	538.024931843786	273.2794527149705	16.078554210246516	18.423057296820616	0.6826138224244257	124.51152942189353	-12.625803219083764	-12.625803219083764	-334.75792164901225	-317.13220023242985	-204.26790550929292	79.0490379595898	-9.63774046507116	274.97113876251143
0.5308844442309885	157.20209159067048	0.7596758508059409	821.0762293588929	855.0808818799192	913.0379625827521	-646.7434299948322	-779.5773845850521	-934.1607002262697	614.8360716365295	-262.7264727168698	916.8809634610092	-240.3916244788121	312.032384290643	-110.58423899462719	305.87166248033833	-95.93888557453899	15.83591624848046	394.43542108969086	-19.29853510987004	-53.89182800058763	78.19476104290884	123.87349342692258	757.8702045266255	142.19310773190637	95.93888557453899	1249.6427177773094	419.8264023448827	19.29853510987004	91.81190295000533	554.8328764315511	266.41873199253143	16.078554210246516	18.423057296820616	0.6826138224244257	120.38902331556515	-12.13816982377978	-12.13816982377978	-344.0870327675451	-319.3271527357194	-205.85180647855194	77.01556712218	-9.162821440524088	259.6679805512607
0.5623413251903491	139.9248114961134	0.7598406835710405	819.1775005181404	855.2806337857272	914.7059528749086	-649.2862957285892	-779.147026406062	-930.080678323544	594.7412784372092	-250.21834908184056	892.2480464088449	-228.66227557635054	307.1810086459754	-105.69761977797636	295.60259553069733	-91.35285936229157	15.122185854048773	382.5527146362837	-18.202623806173772	-52.73773207988674	77.32071867932103	119.32505786432884	760.2388417006513	137.96554136008962	91.35285936229157	1273.2327730030613	406.6663874548151	18.202623806173772	89.1113877901003	571.02194493802	259.37269253254465	16.078554210246516	18.423057296820616	0.6826138224244257	116.26015099771638	-11.526841042886144	-11.526841042886144	-353.16947784303767	-321.3498370233974	-207.33928456097647	74.97910604934486	-8.562582668860202	244.99067158879427
0.5956621435290104	124.23334033217847	0.7599938400154583	817.2298390748491	855.4466095239769	916.3586169541999	-650.056873449976	-776.7601637916075	-923.8359064510747	578.160265415028	-237.6861576780083	875.4815302279088	-216.90664365596265	306.7432446174088	-100.83815177816884	285.7024713569287	-86.82846759559183	14.416919866647278	371.59877788528826	-17.138888520465976	-51.47212520359365	76.21567942839674	115.4796955069141	761.3859258642523	134.49463851901012	86.82846759559183	1294.1254418190638	395.1214264159565	17.138888520465976	86.29069155241658	586.0009443369333	253.063160436919	16.078554210246516	18.423057296820616	0.6826138224244257	112.29695720512203	-10.750456593009389	-10.750456593009389	-361.9845043388379	-323.2244865459153	-208.75048772642077	73.1069713709463	-7.7934234205384465	230.404966556673
0.630957344480193	110.334437764052	0.760136334364834	814.7186854447814	854.9867151567623	917.3198265760119	-650.881620974748	-774.6099906633109	-918.0465736873307	560.485491068035	-225.570686015552	855.8324430520046	-205.60724243727176	304.47096425755745	-96.03206751672269	275.89258807972635	-82.38028551787937	13.68284371187865	360.9180347756696	-16.1087877871462	-50.12829124748722	74.88810555730338	111.95422087338135	761.8916971359256	130.912644236578	82.38028551787937	1313.5346620468938	383.24885035172974	16.1087877871462	83.38980652753376	600.389052559498	246.4081156721695	16.078554210246516	18.423057296820616	0.6826138224244257	108.38224961220845	-9.921432612169651	-9.921432612169651	-370.5232697108335	-324.96602584440086	-210.09804939700456	71.2560927687278	-6.981806220202193	216.6063597362011
0.6683439175686149	97.85753946877288	0.7602685779410361	808.6151175430891	850.5477470780946	913.8799917053931	-650.6856915080988	-771.4136215886278	-911.1889101904161	537.5837619781702	-213.63531532353656	824.4014013995451	-194.49583337133694	295.5831137512206	-91.27208606717413	264.327612405509	-78.0130240770369	12.984589272025966	346.37329565165595	-15.113072295441643	-48.69304822521414	73.41277632102803	106.40623307437026	761.3974160447025	125.72309266895995	78.0130240770369	1330.6374269481416	367.7930486124241	15.113072295441643	80.39990111743506	613.7048272347727	237.66486447289284	16.078554210246516	18.423057296820616	0.6826138224244257	103.76239647815316	-9.5205302760079	-9.5205302760079	-378.7824540252036	-326.565695800573	-211.36507309516605	68.59287341780829	-6.65523947697759	203.22252841852568
0.707945784384138	86.71132451654563	0.7603915225055874	802.7070180456818	846.3288616947583	910.705897965909	-649.7548325340705	-767.5146841915089	-903.6744106139369	516.7493780719105	-201.96705309026441	797.2531512316247	-183.6466306810132	288.94603176949323	-86.59731839352564	253.3409521049637	-73.76024158949507	12.28197539789331	333.1215401183033	-14.15644665438204	-47.19427946077575	71.79337079934027	101.69085753173721	760.0594250493044	121.10399019340193	73.76024158949507	1345.685105807464	353.56544396872073	14.15644665438204	77.36616838153522	626.0455905652423	229.50144425793044	16.078554210246516	18.423057296820616	0.6826138224244257	99.38842590565166	-8.930571256850902	-8.930571256850902	-386.73665324903544	-328.03770197984693	-212.5523396114507	66.1545211678893	-6.122368875138496	190.36414918170055
0.7498942093324559	76.80068394365291	0.760505692944768	796.7914524585029	842.0829474793156	907.4939157768702	-648.4084324459724	-763.290168879005	-895.9470863778085	496.9655557582279	-190.660423546677	771.9921507315638	-173.17484151985954	283.1424641165779	-82.00630696863057	242.82059187802204	-69.61086675966706	11.594256958918466	320.83360993085745	-13.237296464402297	-45.636290582458635	70.03075692740381	97.60685894891816	757.9735575095899	116.85441365783942	69.61086675966706	1358.8368311557188	340.1638262101414	13.237296464402297	74.28619066121543	637.4835336727646	221.68545809235033	16.078554210246516	18.423057296820616	0.6826138224244257	95.21472868968972	-8.218227110950446	-8.218227110950446	-394.3978093130345	-329.38832411914143	-213.6754402077514	63.89166430032192	-5.464332024586536	178.12456701290063
0.7943282347242814	67.94116369649298	0.7606116982683423	789.6665567412288	836.4392652492289	902.6928172247484	-646.1629645928388	-758.1694418599396	-887.3360279323066	476.80493467312414	-179.70354929042864	745.368032743348	-163.0454045418779	276.34422714293976	-77.54161220907493	232.11691069935122	-65.59173718853428	10.919162788611935	307.92371591989934	-12.35855501025317	-44.03440809079064	68.10031814872627	93.27022114333668	755.0629774133071	112.38899182463311	65.59173718853428	1369.7284693405757	326.3375003804305	12.35855501025317	71.19186953176113	647.7939534773188	213.4898357539241	16.078554210246516	18.423057296820616	0.6826138224244257	90.97157144701734	-7.618311091403522	-7.618311091403522	-401.74834505726454	-330.6397438632944	-214.74364153929403	61.48299609341112	-4.938776974743044	166.3649732621351
0.8413951416451948	60.066722701488935	0.7607101397752701	780.553132019721	828.5626857888032	895.4089949449648	-643.408404353871	-752.6104159347411	-878.3778826569529	453.80265636455596	-169.09663628664705	711.9681665188136	-153.25842683978655	265.5797520835889	-73.18521078314828	220.69661931739967	-61.70209926370233	10.27787913640938	293.2834075373783	-11.519631165175268	-42.39002213518774	66.09360415130611	88.0194630081638	751.4131604223438	107.10188760393407	61.70209926370233	1378.6386937517302	310.72947648961747	11.519631165175268	68.08533812133481	657.0905666878856	204.24307105599715	16.078554210246516	18.423057296820616	0.6826138224244257	86.44342568542262	-7.223579807565393	-7.223579807565393	-408.79291364323245	-331.77996283396817	-215.73834238874915	58.698107619895616	-4.642336086826716	155.18755795627413
0.8912509381337459	53.066749985894646	0.7608014311566256	771.6366804408638	820.8717432217455	888.3223182849302	-640.088155312583	-746.5438962500049	-868.9890375363271	432.6383162934943	-158.85125958800913	682.1560543149377	-143.81998783210898	256.5929861049304	-68.95567293815176	209.90698378604765	-57.952428547368385	9.64034629646518	279.8889151659431	-10.721309188346513	-40.7269884734264	64.01304836540254	83.49911655054883	747.0662203648125	102.32278662264119	57.952428547368385	1385.611286276436	296.2809964428904	10.721309188346513	64.99589698394757	665.3602243885924	195.57561354125437	16.078554210246516	18.423057296820616	0.6826138224244257	82.17691655962977	-6.6909373471251286	-6.6909373471251286	-415.5262219311172	-332.8200102620376	-216.66785176718406	56.135955185612936	-4.193859536364822	144.56606082602778
0.9440608762859236	46.828112072133294	0.7608861314065453	762.7829501569944	813.1874984112721	881.2014578444426	-635.9337410984322	-739.6549008857681	-858.8011734984746	413.64829708901743	-148.98495410537552	656.5975244425903	-134.74827548187537	249.70902013118504	-64.86587842373191	199.70704285015125	-54.34241360088116	9.030302103623551	267.5206861553432	-9.963079540541463	-39.04233101859682	61.827174570651465	79.5882282247402	741.9525540331404	98.08114613483544	54.34241360088116	1390.3713869102612	283.12185779366416	9.963079540541463	61.921984026713886	672.4574769603412	187.5235951246422	16.078554210246516	18.423057296820616	0.6826138224244257	78.1542186079616	-6.080692150543367	-6.080692150543367	-421.9533416414914	-333.77321308762095	-217.54595046550176	53.770594810976164	-3.6634464766387516	134.43151905832
1.	41.32508704512358	0.760964856676093	752.4043885155003	803.7307881496127	872.0585081248242	-631.7321221383502	-732.8558763976339	-848.8709293922692	391.94388434593134	-139.61059999207404	624.2565544452417	-126.15757769664411	238.71153519520766	-60.933978083499866	189.14184092222987	-50.884488368918625	8.448758085144044	253.9951008967928	-9.245091849501927	-37.35825307757359	59.578579432519525	75.03397617090663	736.3747304731879	93.1351844907066	50.884488368918625	1393.5116587953569	268.5109526635355	9.245091849501927	58.89469583778629	678.6535758432453	178.58821397525168	16.078554210246516	18.423057296820616	0.6826138224244257	73.9844997931376	-5.673070231333825	-5.673070231333825	-428.0702027187979	-334.65111040375393	-218.37496260046254	51.157987269757825	-3.359645118985388	124.93705579323013