#, 1.k[h/Mpc], 2.PSL,  3.f(k),  4.P22dd, 5.P22dt, 6.P22tt, 7.P13dd, 8.P13dt, 9.P13tt, 10.I1udd1A, 11.I2uud1A, 12.I2uud2A  13.I3uuu2A, 14.I3uuu3A,  15.I2uudd1B,   16.I2uudd2B, 17.I3uuud1B, 18.I3uuud2B, 19.I3uuud3B, 20.I4uuuu1B,  21.I4uuuu2B,  22.I4uuuu3B, 23.I4uuuu4B, 24.I2uudd1C ,   25.I2uudd2C , 26.I3uuud1C , 27.I3uuud2C , 28.I3uuud3C , 29.I4uuuu1C ,  30.I4uuuu2C ,  31.I4uuuu3C , 32.I4uuuu4C, 33.sigma2, 34.sigma2v, 35.f0, 36.Pb2b1,  37.Pbs2b1,  38.Pb22,  39.Pb2s2,  40.Pbs22,  41.Pb2theta,  42.Pbs2theta,  43.sigma32*pk 
0.001	1635.7166839156962	0.6826157387508921	0.00011483914468643598	0.00007984433592416554	0.00013682738160993298	-0.013683865752982251	-0.02877263115564751	-0.04386140964157603	0.0031581981528428153	-0.03434378229541199	-0.028969916665775433	-0.034180258254898566	-0.03196459815461766	-0.07146746574527604	0.0001943906828225702	-0.08580297717276056	0.00003127407065647748	0.000010668293428162629	-0.030635514332436595	-7.587313258934323e-6	7.934134411717359e-8	2.369242186980179e-6	0.07162272860525323	-0.00006973163057547401	0.08580297717276056	0.0000515351056917838	0.000010891088200452683	0.030635514332436595	0.00011662841934508144	1.5477898237846134e-7	3.5658979214437004e-6	14.71157647548868	14.993184115186969	0.6826154428075512	-0.004830229988664391	-0.003282368549482269	-0.003282368549482269	-0.011868496982424257	-0.07920375811349084	-0.1000394443842026	-0.04495826354380761	-0.029870879391862896	0.07205963363752492
0.0010592537251772887	1725.7409591274768	0.6826157748649626	0.00014445690021920522	0.00010038156823594538	0.00017119080525168325	-0.016197608571087405	-0.034054848839141956	-0.05191210648045619	0.0037539722812325125	-0.04064980261684533	-0.03427503556130174	-0.040445554532372384	-0.03782476906810961	-0.08017453365470852	0.00024381310434478125	-0.09624813321460834	0.00003932079916820368	0.000014070022028419837	-0.034358916181005734	-9.534050645915828e-6	1.0609881641771706e-7	3.131778570680422e-6	0.08036913536023753	-0.00008702238494927852	0.09624813321460834	0.00006480483950000762	0.000014380539430186766	0.034358916181005734	0.00014573168780954683	2.083675747851668e-7	4.717773137365119e-6	14.71157647548868	14.993184115186969	0.6826154428075512	-0.005405836892117309	-0.003682250226324261	-0.003682250226324261	-0.013315754986055998	-0.08885418611385672	-0.11219106370932351	-0.05042276086505351	-0.03348929950916876	0.0852803015250376
0.001122018454301963	1820.3902185932807	0.682615815385558	0.00018172828373768486	0.0001262199882669624	0.00021414717454942624	-0.01916957112902755	-0.04029890895141246	-0.06142826983897914	0.004462173654830006	-0.04810420363660587	-0.040542803646606534	-0.04784919745518248	-0.04474998287188639	-0.08994064879954095	0.00030574765441613563	-0.10796164585093836	0.00004943089456874756	0.00001857789553595111	-0.038532986905963504	-0.000011978907463075439	1.4224279164811453e-7	4.152790868788914e-6	0.09018449503586318	-0.0001085319379508473	0.10796164585093836	0.00008148432778974947	0.00001900942585281981	0.038532986905963504	0.00018202451807311214	2.80545833478036e-7	6.25444152988386e-6	14.71157647548868	14.993184115186969	0.6826154428075512	-0.006048204126285077	-0.0041308210634098345	-0.0041308210634098345	-0.014939361669907898	-0.09967860672322676	-0.12581179198431938	-0.056548654725156945	-0.037542799109336965	0.10090576345041687
0.001188502227437019	1919.8519952611528	0.6826158608503323	0.00022863970389033146	0.0001587374973367172	0.00026783753376464147	-0.02268225432669933	-0.04767767354384572	-0.07267312337603835	0.005303977613183271	-0.0569133404426294	-0.04794537292753183	-0.056595103748958014	-0.05293112868135096	-0.10089418153810285	0.0003833480293964511	-0.12109674162868916	0.00006213098998291955	0.00002455909264938285	-0.04321181753793598	-0.000015048795003353687	1.9002241389182227e-7	5.524660860377247e-6	0.10119965220008179	-0.00013526448944397798	0.12109674162868916	0.0001024454176298954	0.000025158889153092068	0.04321181753793598	0.00022726000271820374	3.7734656253407905e-7	8.30841651685127e-6	14.71157647548868	14.993184115186969	0.6826154428075512	-0.0067646051968506616	-0.004634011897909695	-0.004634011897909695	-0.016760767909117163	-0.11181937123896428	-0.14107756241340438	-0.06341529548813353	-0.0420829218603386	0.11936741642954636
0.0012589254117941675	2024.315369357124	0.6826159118625532	0.00028753836308400047	0.0001995170567778903	0.0003347796708166469	-0.026832741417343986	-0.05639446196847726	-0.08595622314590663	0.006304369658823729	-0.0673199190560796	-0.05668532518370791	-0.06692295906392016	-0.06259275358096184	-0.11317895139195966	0.00048047795646430076	-0.13582496330943275	0.00007808121495008381	0.00003234584662670196	-0.04845588128304639	-0.00001890274147050576	2.534500284538114e-7	7.2940349110119195e-6	0.11356151205462607	-0.00016853418803138134	0.13582496330943275	0.0001287833825137083	0.00003317897214090396	0.04845588128304639	0.00028361153592270754	5.072529690895576e-7	0.000010979976610770617	14.71157647548868	14.993184115186969	0.6826154428075512	-0.007563023673004373	-0.005198503814280074	-0.005198503814280074	-0.01880403113809836	-0.1254359788512297	-0.158184978860859	-0.07111141770904374	-0.047167162374705265	0.14117243470481863
0.001333521432163324	2133.9712040910335	0.6826159690990856	0.0003616029189592911	0.00025077864886803363	0.000418337578234727	-0.03173522475674463	-0.0666882999734201	-0.10164142908720956	0.00749321918683004	-0.07960924185472079	-0.06700013287299063	-0.07911432795840394	-0.07399846181403888	-0.12695605816195538	0.0006020729348079646	-0.15233831166763792	0.00009810877799862949	0.00004261081128394555	-0.05433276038821912	-0.00002374000583650888	3.404949386994087e-7	9.64031187657765e-6	0.1274350205556501	-0.00020984878620418913	0.15233831166763792	0.00016187543034944747	0.00004376345697722741	0.05433276038821912	0.0003537712736906323	6.823143643011969e-7	0.000014521134613291588	14.71157647548868	14.993184115186969	0.6826154428075512	-0.00845209854494133	-0.005831760520583888	-0.005831760520583888	-0.021096138541702964	-0.14070711846949102	-0.17735365383347154	-0.07973611353999963	-0.0528595484892064	0.16691675039071338
0.001412537544622754	2249.009724592356	0.6826160333193776	0.0004547884833757762	0.000315270307927661	0.0005226520386704522	-0.03752391578097891	-0.07883995567463435	-0.120156067050999	0.00890595895713548	-0.09411638219723835	-0.07916844130698569	-0.09349966229945206	-0.08745771023794499	-0.14240592635074562	0.0007542768593542272	-0.17085162683880925	0.00012324881741595874	0.00005619622578784167	-0.060917949770836574	-0.000029810587587644896	4.583394740913029e-7	0.000012780943699521816	0.1430053934627939	-0.0002610808061017455	0.17085162683880925	0.0002034448760072807	0.00005778732439507604	0.060917949770836574	0.000441071528336678	9.172006718869031e-7	0.00001924237839202141	14.71157647548868	14.993184115186969	0.6826154428075512	-0.009441196839287787	-0.006542172705902782	-0.006542172705902782	-0.023667307891852757	-0.15783290837322453	-0.19882876542344288	-0.08940005314251524	-0.05923138456503329	0.19729996384642168
0.0014962356560944327	2369.6166120652797	0.6826161053755346	0.0005720136827714094	0.00039639325131303666	0.0006528183453815676	-0.04435639621857698	-0.09317887690237821	-0.1420014523634033	0.0105845768841808	-0.111234483256569	-0.09351686136844067	-0.11046639655918672	-0.10333338928642964	-0.15973057963781698	0.0009447308221392666	-0.19160523183591532	0.00015479827321208925	0.00007415432224061721	-0.06829574370266074	-0.00003742675481631857	6.13915381486799e-7	0.000016977829576578002	0.1604806193686817	-0.0003245551139808873	0.19160523183591532	0.00025564821222476725	0.00007635255556868935	0.06829574370266074	0.0005496320772738514	1.231563070965431e-6	0.00002552702808789157	14.71157647548868	14.993184115186969	0.6826154428075512	-0.010540426005300594	-0.007339176400153457	-0.007339176400153457	-0.026551461611891675	-0.17703748076051637	-0.22288393077153412	-0.10022677401757149	-0.06636201756282264	0.23314245005288745
0.001584893192461114	2495.9750788125466	0.6826161862236318	0.0007190335861187689	0.0004980029915416642	0.0008147554215795336	-0.05241761204970782	-0.11009144929233576	-0.1677654121566071	0.012578381823267468	-0.13142452546554048	-0.11042888352740773	-0.13046846675719265	-0.12205125431423575	-0.17915617132515071	0.0011827414061731758	-0.21486786568909977	0.000194379234510549	0.00009744097780844562	-0.07656021300260231	-0.000046979425990899035	8.234891341981341e-7	0.00002236276668767018	0.18009427279859108	-0.00040333827260620626	0.21486786568909977	0.0003211977950233318	0.00010047298893574977	0.07656021300260231	0.0006845423296885472	1.6543358454400945e-6	0.000033671122787542656	14.71157647548868	14.993184115186969	0.6826154428075512	-0.011760724185594875	-0.008233440833614268	-0.008233440833614268	-0.02978660623766551	-0.19857175845849626	-0.24982429782550855	-0.11235419187751045	-0.07433972340575357	0.27540569190155406
0.0016788040181225606	2628.2656218078346	0.6826162769363775	0.0009039136044721056	0.0006257820416700139	0.0010166475784061336	-0.0619244930794808	-0.13003052707853005	-0.19813672752319753	0.014946617693314698	-0.15522668529535388	-0.13035176261750636	-0.15403736667460433	-0.14410912193105194	-0.20093580237507547	0.0014803207061716184	-0.24093993189375618	0.000244020393338617	0.0001281711970911291	-0.08581627940099305	-0.00005895779349965202	1.1104370260837852e-6	0.00002954201461677187	0.20210868141349567	-0.0005007745049397279	0.24093993189375618	0.00040349246698876914	0.00013234057501585437	0.08581627940099305	0.000852082810210991	2.2234277574286715e-6	0.00004449837746121729	14.71157647548868	14.993184115186969	0.6826154428075512	-0.013113534463612644	-0.0092368311812392	-0.0092368311812392	-0.03341535846508525	-0.22271661614717064	-0.2799899884890859	-0.12593585698566273	-0.08326242180416783	0.3252156994348298
0.0017782794100389228	2766.6606307849524	0.6826163787173706	0.0011364510297188755	0.0007865328512468251	0.0012683166521733683	-0.07313119300555034	-0.15352621700590305	-0.23392146145964954	0.01775924466067118	-0.18327310434956393	-0.15380871674240232	-0.1817945476483776	-0.17008948083470565	-0.2253526546140211	0.0018522719140335719	-0.2701570924059244	0.0003062553940152093	0.0001687715007271935	-0.09618089418164999	-0.00007397414841558515	1.4970115898390692e-6	0.000039145535968921235	0.22681849002624227	-0.0006211072585428666	0.2701570924059244	0.0005067782726893312	0.00017449831312003327	0.09618089418164999	0.0010599963785552873	2.986447486108017e-6	0.000058918617576637955	14.71157647548868	14.993184115186969	0.6826154428075512	-0.014610978009724572	-0.01036275263154014	-0.01036275263154014	-0.037485410895238096	-0.24978631562527676	-0.313759815272403	-0.14114288622447066	-0.09323882352577811	0.3838894354720769
0.0018836490894898002	2911.315840651858	0.6826164929170346	0.001428537366759377	0.0009883902317717225	0.00158153711253329	-0.08633501357712096	-0.18119803199828677	-0.27606134228652573	0.02109852295956755	-0.21630241186036786	-0.18141128006060808	-0.214465492194026	-0.2006729796003316	-0.2527234623780055	0.002316818988227874	-0.30289423583937086	0.00038425131932635795	0.00022200760176187766	-0.10778432777445762	-0.00009279195153673536	2.007790584256961e-6	0.00005180161581424799	0.2545546632017256	-0.0007697151709980137	0.30289423583937086	0.0006363608557226148	0.00022987875960094487	0.10778432777445762	0.001317815802063635	4.006820818377742e-6	0.00007792511165410146	14.71157647548868	14.993184115186969	0.6826154428075512	-0.01626577854018155	-0.011626366542865316	-0.011626366542865316	-0.042050325974442936	-0.2801324973101759	-0.3515554521938116	-0.15816583648084417	-0.10438949680846722	0.4529645102552092
0.001995262314968879	3062.3757824865156	0.6826166210505522	0.0017947657951897231	0.0012412627083289306	0.0019706171085542594	-0.1018835998459162	-0.21376963779941197	-0.32565606199918723	0.02506136243969083	-0.2551770534199404	-0.21387335584536726	-0.2528964993198229	-0.23665428587820667	-0.2834023528597804	0.0028964268217847675	-0.3395698536178193	0.0004819590338951831	0.0002911806365378845	-0.1207715777045696	-0.00011636551565300542	2.704860219562191e-6	0.00006817297369811393	0.2856889791317532	-0.0009533286283957861	0.3395698536178193	0.0007989165779185046	0.0003019691747255007	0.1207715777045696	0.001637266043243419	5.378241215201903e-6	0.0001026787947086373	14.71157647548868	14.993184115186969	0.6826154428075512	-0.01809111693125462	-0.013044788847918135	-0.013044788847918135	-0.04717006149120721	-0.31414836030398674	-0.39384580824492554	-0.17721671515968937	-0.11684795940422332	0.5342351386693385
0.0021134890398366475	3219.973525609859	0.6826167648179535	0.0022550697403475243	0.0015592089382814953	0.0024548824489986298	-0.12018314599730534	-0.25208558636007716	-0.3839885376290884	0.02976410041049884	-0.3009032225911587	-0.2520232131366552	-0.2980739591816412	-0.2789582040365639	-0.31778511853861907	0.0036198338986000605	-0.38065085375176627	0.0006043045633006316	0.00038227179693132985	-0.13530390032492462	-0.00014588617594636375	3.6552412242986543e-6	0.00008997646725786751	0.32063910527972606	-0.0011793174564944855	0.38065085375176627	0.001002776220754273	0.0003970251605697201	0.13530390032492462	0.002032748825367014	7.221324919831847e-6	0.000135540216674281	14.71157647548868	14.993184115186969	0.6826154428075512	-0.02009990930208892	-0.014637074858007798	-0.014637074858007798	-0.05291178642453279	-0.3522734668441889	-0.4411519023546062	-0.19853065652540877	-0.1307616049835768	0.629792861228367
0.00223872113856834	3384.224759754927	0.6826169261266655	0.002833745687577116	0.0019591620682526986	0.0030575503618324833	-0.1417076518861456	-0.2971301607173391	-0.4525533450121546	0.03534370322940613	-0.3546530976657542	-0.2968252951604806	-0.35114579406405594	-0.32866188946779196	-0.3563139295234008	0.004522401587038024	-0.4266578466894144	0.0007574292385032882	0.0005023555094324925	-0.15156047125146788	-0.00018283884148763307	4.929135890023088e-6	0.000119108502671547	0.35987429649377567	-0.001456939971834064	0.4266578466894144	0.0012583198724392002	0.00052252106336892	0.15156047125146788	0.002521930249914688	9.688608761566919e-6	0.00017923847600350996	14.71157647548868	14.993184115186969	0.6826154428075512	-0.022304957155078263	-0.016424849982073622	-0.016424849982073622	-0.059350777934775	-0.3949990393227019	-0.49405211209787336	-0.22236871712589856	-0.14629330122053005	0.7420720876019933
0.0023713737056616554	3555.219319908354	0.6826171071167895	0.0035589858713943956	0.0024601122979524223	0.003805101275481914	-0.16700935146465615	-0.35004847964952557	-0.5330885003819528	0.041959406016938025	-0.41778967779715936	-0.3494041773250236	-0.4134453362346024	-0.3870194880874648	-0.3994825265105308	0.0056468664984206	-0.47817093651619663	0.0009489757769670437	0.0006583803046230287	-0.169740179413381	-0.00022907383168895338	6.6175139098385416e-6	0.00015692822127313566	0.40392179593610034	-0.0017985090478427198	0.47817093651619663	0.0015785137981688408	0.00068594819925048	0.169740179413381	0.003126452193617572	0.000012988241446658099	0.00023622031957817294	14.71157647548868	14.993184115186969	0.6826154428075512	-0.02471892902772391	-0.01843291998304151	-0.01843291998304151	-0.06657127642846734	-0.44287370833269724	-0.5531877533050232	-0.2490207722804143	-0.16362298448775675	0.8739010023053125
0.0025118864315095794	3733.025231968787	0.6826173101895154	0.004468098577562914	0.003087937868644336	0.004732366128106077	-0.1967311807485949	-0.4121716659692095	-0.6276133299184277	0.04980124614949747	-0.4918963271412589	-0.41105970361818567	-0.4865197250294338	-0.4554846593672377	-0.4478419128150509	0.007047092079802946	-0.5358360416866418	0.001188453333108544	0.0008614643889203566	-0.19006355582408005	-0.0002868947148058604	8.926638590251371e-6	0.00020623890234465974	0.4533740049118003	-0.002217951293576146	0.5358360416866418	0.001979647028289481	0.0008990495325444547	0.19006355582408005	0.0038727857644478315	0.000017423613155668216	0.0003107720962570991	14.71157647548868	14.993184115186969	0.6826154428075512	-0.02735287697594206	-0.02068897415971177	-0.02068897415971177	-0.07466758496184214	-0.4965099209061453	-0.619269095446805	-0.27880722762722765	-0.18294834534760404	1.0285620030838754
0.0026607250597988083	3917.6877110381174	0.6826175380389258	0.005609867882590924	0.003877109207784208	0.005884349402735695	-0.23162090737534552	-0.4850452318167766	-0.7384711119858335	0.05909549815489285	-0.5788104542469741	-0.4832932203483134	-0.5721622103508341	-0.5357408691791027	-0.5020066837438821	0.00879088300170368	-0.600371777300581	0.001487674018142496	0.001128175382719581	-0.212774836744707	-0.0003591693423874128	0.000012055374506021884	0.00027180078402928685	0.5088966167064701	-0.002730945126634979	0.600371777300581	0.0024819445304731535	0.0011793325463415496	0.212774836744707	0.004793260783091451	0.000023373451025405373	0.0004095415537949424	14.71157647548868	14.993184115186969	0.6826154428075512	-0.03021526543666239	-0.023224103521408853	-0.023224103521408853	-0.08374539099829599	-0.5565911323162782	-0.6930819157380852	-0.3120816002895343	-0.2044863381329633	1.2098595084932602
0.002818382931264455	4109.221385310198	0.682617793687731	0.007044174634742388	0.004869631516998502	0.007315421565644861	-0.27254687468907596	-0.5704604789548173	-0.8683761352048548	0.07010830102015123	-0.6806600046275332	-0.5678411930648339	-0.6724469963093886	-0.629736985338357	-0.5626619178947342	0.010961595165014966	-0.6725769284747252	0.001861295479746508	0.00147880137470583	-0.23814415924687762	-0.00044946305059454504	0.000016215694686450664	0.0003592487273795979	0.5712377071803427	-0.003356784252117165	0.6725769284747252	0.0031105467652334084	0.0015484137959185943	0.23814415924687762	0.005927299790722701	0.00003132786794179479	0.0005405899054122719	14.71157647548868	14.993184115186969	0.6826154428075512	-0.03331164106599006	-0.026073786825741428	-0.026073786825741428	-0.09392280826798415	-0.6238793708866193	-0.7754941891076695	-0.34923405659288914	-0.2284750954490683	1.422194517886766
0.0029853826189179603	4307.5988615782135	0.6826180805273433	0.008835939421617875	0.006108223018833588	0.00908283688445648	-0.3205154986457174	-0.6704891864111673	-1.0204655788645909	0.08314195200413603	-0.7999039295963072	-0.6667275219140087	-0.789767748551022	-0.739733925547275	-0.6305706754375026	0.013657184942613504	-0.7533385262487758	0.0023275015901292047	0.001929633725920897	-0.26646988180318315	-0.000562197388799082	0.00002175852957503783	0.00047092259387319766	0.6412379081698829	-0.004123478971904609	0.7533385262487758	0.003896832519176977	0.0020242839856723822	0.26646988180318315	0.007322886407781576	0.00004196380551704349	0.0007094708343165159	14.71157647548868	14.993184115186969	0.6826154428075512	-0.03664562470466752	-0.02927991149808778	-0.02927991149808778	-0.10533208420284469	-0.6992238510182186	-0.8674633236363586	-0.3906966120686032	-0.2551767913697186	1.670646168709261
0.0031622776601683794	4512.7565160080085	0.6826184023628185	0.011081485581972623	0.007661721089784087	0.011272485145435945	-0.3766921905883568	-0.7875248843746934	-1.1983611405757353	0.09856814111342063	-0.9393802499008875	-0.7822505784609691	-0.9268833446084723	-0.8683226157108801	-0.7065821578812879	0.017005891886798206	-0.8436405210064365	0.002908799808214989	0.0025173325016377176	-0.2980810156524744	-0.0007028611072804952	0.000029313180439217023	0.0006176603529915731	0.719841814140309	-0.005057050175213089	0.8436405210064365	0.004880070129588758	0.0026456732552642224	0.2980810156524744	0.00903832103293997	0.000056236881523265864	0.0009313238495146017	14.71157647548868	14.993184115186969	0.6826154428075512	-0.04021163209715285	-0.03288762224407105	-0.03288762224407105	-0.1181211300556886	-0.7835701266772509	-0.9700435691771134	-0.43694043119126386	-0.28487522736530685	1.961068546487461
0.003349654391578276	4724.593340284035	0.6826187634633025	0.01389851184681088	0.009613515064115228	0.013987333078612097	-0.44242476479206067	-0.9243286720143465	-1.4062372677722481	0.11682242945280737	-1.1023592560578257	-0.917055277062152	-1.0869683242949675	-1.0184877901929663	-0.7916407465140597	0.021164788552607727	-0.9445730870473739	0.003633004403155268	0.003286590435550943	-0.33333975511981573	-0.0008782651719795267	0.00003947339778606781	0.0008123042128521989	0.80811095139144	-0.006189332555410647	0.9445730870473739	0.00610877166522443	0.003460354307394512	0.33333975511981573	0.011144312395143404	0.00007532599319572976	0.0012244248619826428	14.71157647548868	14.993184115186969	0.6826154428075512	-0.0439962215700565	-0.03694895722757743	-0.03694895722757743	-0.13245516877408825	-0.877970198808241	-1.0843938681374994	-0.48848224688608766	-0.31788009702942394	2.3001970775510716
0.0035481338923357532	4942.959804106546	0.68261916861859	0.017430545649077225	0.012064486819501851	0.017350680472044987	-0.5192689383305914	-1.0840785687784902	-1.6488943648316314	0.13841238890593702	-1.2926005145538655	-1.0741816313223993	-1.2736666494372282	-1.1936614420336185	-0.8867956246704319	0.026325762313406456	-1.0573425193818011	0.00453448289366754	0.004291670193072312	-0.372644076674636	-0.001096824718659303	0.000052883518948584614	0.0010699123126339776	0.9072381480197564	-0.007559313807913983	1.0573425193818011	0.00764296233292077	0.0045269083501607	0.372644076674636	0.013726427959756623	0.0001007605680323906	0.0016108031325518764	14.71157647548868	14.993184115186969	0.6826154428075512	-0.04797576611171177	-0.04152398579940081	-0.04152398579940081	-0.14851931624460976	-0.98359382536572	-1.2117860108069083	-0.5458874318945799	-0.3545284732976165	2.6957616889096503
0.003758374042884443	5167.64144296059	0.6826196232025938	0.02182876027216215	0.015113344919005251	0.02148714886541545	-0.6090159555900815	-1.2704222755114705	-1.9318366964271596	0.16390344766449105	-1.514412501427603	-1.2571613119342722	-1.4911475421780216	-1.3978014317269782	-0.9932109749765279	0.032710334186543316	-1.183281689869739	0.0056555853354709855	0.00557464546947423	-0.41643037658334164	-0.0013689402151427516	0.00007083915820924874	0.001396013804217106	1.0185634498348444	-0.00922666096752514	1.183281689869739	0.009557705253842539	0.0058925824888537695	0.41643037658334164	0.016888010589253405	0.00013474509526846664	0.0021053271853707775	14.71157647548868	14.993184115186969	0.6826154428075512	-0.05211974568880928	-0.04668564012355684	-0.04668564012355684	-0.16651990576263911	-1.1017395644878545	-1.3536120158745089	-0.6097790112092542	-0.39518965357351277	3.156605937702384
0.003981071705534973	5398.369203166431	0.6826201332445394	0.027336361278032507	0.018938465011812355	0.026604451180154625	-0.7137261257204353	-1.487541003548754	-2.2613665155297658	0.19401489602587613	-1.7727263021158624	-1.4699106579990235	-1.744174790681788	-1.6353761111144496	-1.1121771710363881	0.040617611817767185	-1.3238609858679957	0.007048437627668926	0.007245737609454055	-0.4651761060888293	-0.001707463213248686	0.00009512357212977401	0.0018259628040381906	1.1435921799459774	-0.011234461062395017	1.3238609858679957	0.0119460620329202	0.007674392127479564	0.4651761060888293	0.020753580512523708	0.00018016557616180106	0.002755513123050708	14.71157647548868	14.993184115186969	0.6826154428075512	-0.05636754184039182	-0.05250877261624455	-0.05250877261624455	-0.18668822468614796	-1.2338484158914975	-1.5113928360902427	-0.6808207350751331	-0.4402540025704481	3.6928305422134184
0.004216965034285823	5634.819199161622	0.6826207055088047	0.03423424003724754	0.023740301691746953	0.03293546967841046	-0.8357655616471185	-1.7402184035495716	-2.6446851913660803	0.2295692999637547	-2.073173320543942	-1.7169249075106652	-2.038179296967583	-1.9115028073125242	-1.2451228327352868	0.050404141920828316	-1.4806997107260003	0.0087770046526874	0.009424113047472071	-0.5194023479345272	-0.0021282610990283044	0.00012747948304255661	0.0023944933607709597	1.2840152151015578	-0.0136420966195875	1.4806997107260003	0.014922475609018467	0.0100012762269694	0.5194023479345272	0.025472849581733868	0.00024064151619571846	0.0036113941173114604	14.71157647548868	14.993184115186969	0.6826154428075512	-0.06063934136361034	-0.05908318854680958	-0.05908318854680958	-0.20928196737564642	-1.381516798288351	-1.6867858266998366	-0.7597347446769029	-0.4901453238111832	4.315945719417064
0.0044668359215096305	5876.597373258615	0.6826213475845049	0.04284578454235722	0.029742955039239075	0.04073993976740897	-0.977844791138815	-2.033911470653061	-3.089996420522258	0.27150352808142403	-2.422164469739215	-2.003350188513975	-2.379332301871654	-2.232024876649523	-1.3936272906301082	0.062493721698852846	-1.655577792495445	0.010919764483537861	0.012236651715232357	-0.5796762713077914	-0.0026508235198653084	0.00016989153777262776	0.0031337414526340455	1.4417312584522668	-0.016530038313905242	1.655577792495445	0.018627894814186877	0.013013542209631359	0.5796762713077914	0.0312253158132651	0.00032089157879049114	0.0047246800366711385	14.71157647548868	14.993184115186969	0.6826154428075512	-0.06483208850092177	-0.06651671625484748	-0.06651671625484748	-0.23458885739124166	-1.54651137679674	-1.8815922824366127	-0.847304513800252	-0.5453226137388233	5.039023715906008
0.0047315125896148025	6123.217011095308	0.6826220679859388	0.053551697774686435	0.037206373343810176	0.05031786178605565	-1.1430589843317798	-2.374822505331022	-3.606609936179928	0.3208806346893751	-2.826968939086804	-2.3350511792177673	-2.774617366135305	-2.603584463464271	-1.5594330278154134	0.07739155109319253	-1.850447591727121	0.01357276119364394	0.015825378989209375	-0.6466133777028343	-0.0032990814668121143	0.00022674171259672919	0.004074639643711803	1.6188709401744292	-0.020001617502673225	1.850447591727121	0.023238504617668042	0.016868651120526126	0.6466133777028343	0.03822562052153988	0.0004277265542535079	0.006152736940666303	14.71157647548868	14.993184115186969	0.6826154428075512	-0.06881326489908866	-0.07493571215586704	-0.07493571215586704	-0.2629304147983626	-1.7307839584166702	-2.097763537088539	-0.944375603325996	-0.6062784172854299	5.8768483175533275
0.005011872336272725	6374.116577107235	0.6826228762652897	0.0669273029491044	0.04655703601530653	0.06213789865380529	-1.334938233299214	-2.769989173705789	-4.205071368419897	0.37906026088830236	-3.295812614143304	-2.718396804109815	-3.2319210969031364	-3.033570906388867	-1.7444600520332176	0.0957657102097782	-2.0674456541026798	0.01685305116644263	0.020477014224200746	-0.7208794550115161	-0.004102494420404907	0.00030283090686961307	0.005310351744954884	1.8178249904347867	-0.024123138692054444	2.0674456541026798	0.028970299009088252	0.02187480733565031	0.7208794550115161	0.04672978206824509	0.0005696755274585399	0.008022070651568607	14.71157647548868	14.993184115186969	0.6826154428075512	-0.07238114026979967	-0.08447033868769674	-0.08447033868769674	-0.29466467609703956	-1.9364876124523243	-2.337407542474979	-1.0518239689835642	-0.6735217672097139	6.846102419744118
0.005308844442309885	6628.66184813477	0.6826237831389761	0.08363986767919888	0.058279066652873225	0.07672727453572771	-1.5575010841162618	-3.2273777867755467	-4.897295294974545	0.44758500293064646	-3.8379801702204284	-3.1606137183777	-3.760126379963501	-3.5303517327329623	-1.9508200817309564	0.11840852800219517	-2.308904210011869	0.02090317670560597	0.026510419962921788	-0.803192107373734	-0.005097131420754358	0.00040310889815624193	0.006937737534363027	2.0412746875545866	-0.028986483912584005	2.308904210011869	0.036087095545737524	0.028380989238940516	0.803192107373734	0.05704220693638754	0.0007574332303179976	0.010471505528632812	14.71157647548868	14.993184115186969	0.6826154428075512	-0.07528506382748376	-0.09527913574232337	-0.09527913574232337	-0.3301910845638482	-2.1659940446041093	-2.602794069503679	-1.170584201807894	-0.7475991721767873	7.9655545874592
0.005623413251903491	6886.1191446725325	0.682624800629391	0.10437619845647353	0.07283568333484029	0.09459268112049238	-1.8153053817524545	-3.7559671399339862	-5.696682105966986	0.5280972594376812	-4.463901084750785	-3.6700643227197327	-4.369188463541249	-4.103457595715672	-2.1808303856525395	0.14621314372006702	-2.577362036269714	0.02589627990683074	0.034192233732751105	-0.894321740614463	-0.00632698525598554	0.0005338926745680701	0.009011955892601677	2.292224769531185	-0.03475896382232943	2.577362036269714	0.04491256167125478	0.03669371840912917	0.894321740614463	0.0695236510703963	0.0010051387791586229	0.013609916486735372	14.71157647548868	14.993184115186969	0.6826154428075512	-0.07723813493115989	-0.10756839300728888	-0.10756839300728888	-0.3699541234726748	-2.421909777926989	-2.896356969844134	-1.3016699501207667	-0.8291092011133679	9.256213428409723
0.005956621435290103	7145.6137668275705	0.6826259422238269	0.1301061436436618	0.09092810837537162	0.11648067692739711	-2.113494988526858	-4.365818873359945	-6.618212044394061	0.6226267018323385	-5.185214178669804	-4.255756263829974	-5.070188719955729	-4.763368470271302	-2.4370261199506964	0.18031585391868185	-2.875574143668331	0.03204182155749804	0.043986182450028485	-0.9950918588564641	-0.00784581795079338	0.0007084170524592975	0.011665640098209187	2.5740380175133724	-0.04156885130789217	2.875574143668331	0.0558498650867896	0.04732223064038454	0.9950918588564641	0.08460028690583474	0.0013327590312822804	0.01764194395009526	14.71157647548868	14.993184115186969	0.6826154428075512	-0.07784687699896559	-0.12155344219068344	-0.12155344219068344	-0.41444931479617125	-2.7070923991310276	-3.220693947922138	-1.4461104935942464	-0.9186575619597265	10.741436172941395
0.00630957344480193	7406.17255354525	0.6826272230526909	0.1621494814586263	0.1135465939755562	0.14341959219279904	-2.4578688937489344	-5.06818866845993	-7.678598537695812	0.7336879138262603	-6.014884257789489	-4.927319933589959	-5.875439345110095	-5.52157685599697	-2.7221766359838293	0.22215670125400902	-3.2065199690283444	0.03959231034456532	0.05660586416586727	-1.1063784816284425	-0.009719252070572164	0.0009392500218292177	0.015133541403955912	2.8904773575452545	-0.04948582919096592	3.2065199690283444	0.06938618822798362	0.061045609100531494	1.1063784816284425	0.10277380018346564	0.001764455759543265	0.022891125358983473	14.71157647548868	14.993184115186969	0.6826154428075512	-0.07658206591328212	-0.1374674198830817	-0.1374674198830817	-0.4642276052637384	-3.0246696897271663	-3.5785688130613185	-1.6049307024055937	-1.0168599666868983	12.447124680575232
0.006683439175686149	7666.733200950314	0.6826286600893183	0.2020546544391313	0.14183844769258597	0.17658434300203796	-2.8549485948722806	-5.875627130976949	-8.896422643028872	0.8641396921979699	-6.9672995038573475	-5.695423796848417	-6.798567474130735	-6.39084913788597	-3.039298238960642	0.27343845339462747	-3.5734097617347618	0.048851115977925574	0.07287474033455651	-1.2291085243537134	-0.012027036672575332	0.0012393345563184218	0.01967732933992365	3.2457483336448676	-0.05860155715992553	3.5734097617347618	0.086111802238845	0.0787770436542119	1.2291085243537134	0.12463256146890493	0.002330648256791041	0.029729834729120705	14.71157647548868	14.993184115186969	0.6826154428075512	-0.07280011552217609	-0.15559457133976867	-0.15559457133976867	-0.51990159054286	-3.378056422868324	-3.9729074112208846	-1.7791795497199496	-1.1243668568247644	14.401879597715997
0.00707945784384138	7926.108879437721	0.6826302723740183	0.25114256294332127	0.17664349659845555	0.2168315253236035	-3.3120312394774207	-6.802043672383108	-10.292207742168324	1.0165989345875097	-8.05831310476118	-6.573020642190248	-7.8545427281445	-7.385871650834168	-3.391663611313045	0.3359145782993849	-3.979688170763513	0.06018202273273905	0.09324719718600742	-1.364256934122189	-0.014865555118881232	0.0016290372537047881	0.02533787170199503	3.6445424938408677	-0.06928277780562564	3.979688170763513	0.10674930768412007	0.1010833342625478	1.364256934122189	0.1508635908908646	0.0030720942701745846	0.03834214845672894	14.71157647548868	14.993184115186969	0.6826154428075512	-0.0658497351824814	-0.17635616061526144	-0.17635616061526144	-0.5821532163907607	-3.7709687961790284	-4.406788288918445	-1.97004201823437	-1.2419386626340692	16.637044929279735
0.007498942093324558	8182.93341241979	0.6826320812652014	0.3119127045460757	0.2198897002602213	0.26609240232684284	-3.8372242079365875	-7.862723875026536	-11.88841977948069	1.1950817670107379	-9.305220498820118	-7.572081557697506	-9.059640493402798	-8.521611829640797	-3.7828089393006206	0.41211004640914095	-4.4290338271606435	0.07401785203098207	0.1191905402129927	-1.5128423489524156	-0.01835194010056775	0.0021438795309734904	0.03261628298448143	4.092083024585119	-0.08149496430519522	4.4290338271606435	0.13218902831727034	0.12956417304547838	1.5128423489524156	0.18226606616167418	0.004043921034986762	0.04941630357703938	14.71157647548868	14.993184115186969	0.6826154428075512	-0.054712018047687314	-0.20008930720880244	-0.20008930720880244	-0.6517394365250518	-4.207435191922697	-4.883429551890707	-2.178483130816695	-1.370213221266737	19.186618501353724
0.007943282347242814	8435.730173356793	0.6826341107209222	0.3872609142865083	0.2737781483628108	0.32653372309319467	-4.439522552842495	-9.074425507037125	-13.709581965117437	1.4041159095372564	-10.726854214580046	-8.70555761865773	-10.431521635918935	-9.814377152613014	-4.216547926051483	0.5049800235630745	-4.92535523881922	0.09087143388780708	0.15237905208973168	-1.6759211101457765	-0.022628027744150715	0.0028150338000531654	0.042069252032422476	4.594181997792886	-0.09521139950042504	4.92535523881922	0.16349087165339124	0.16608361548185907	1.6759211101457765	0.21976546443010067	0.005311508284845448	0.06373546242730872	14.71157647548868	14.993184115186969	0.6826154428075512	-0.038172056952636	-0.22721961346148795	-0.22721961346148795	-0.729500422131998	-4.691815510391247	-5.40618391687399	-2.405427379458895	-1.509868385170691	22.08733170048289
0.008413951416451947	8682.932210919373	0.682636387614388	0.48051946222539393	0.3408070747897439	0.40057445424470606	-5.128871891816614	-10.455433651946318	-15.782322278865532	1.6487424854948147	-12.34359506762412	-9.987439319268185	-11.989228173662026	-11.281860876582371	-4.696974190611378	0.6179541138299695	-5.472781663166632	0.11134818800205946	0.1947010002447583	-1.8545793612570334	-0.02786430681781228	0.0036739664705069653	0.05430205425856582	5.157290779921007	-0.11042365218438074	5.472781663166632	0.2019232923310911	0.21278605981055715	1.8545793612570334	0.26442798789397454	0.006956350741303501	0.08218438400394608	14.71157647548868	14.993184115186969	0.6826154428075512	-0.014796985627086576	-0.25827515489824104	-0.25827515489824104	-0.8163699652203825	-5.228810334570098	-5.978518478679781	-2.6517380385526192	-1.6616212105056707	25.378602469462386
0.008912509381337459	8922.821293627316	0.6826389420875497	0.5942121777706343	0.4225286770581454	0.48965242102699513	-5.916176514709702	-12.025492331115585	-18.13522877126056	1.9328656837595308	-14.177207023936036	-11.435890405088148	-13.753003837029826	-12.944611251480419	-5.228450121567449	0.7543094708853875	-6.075647569518192	0.13615844724413498	0.24697296989208273	-2.049923129563662	-0.03426534333602528	0.0047850395494353	0.069304102662396	5.788541497353897	-0.12780724706835495	6.075647569518192	0.24904459943883234	0.2707850932167267	2.049923129563662	0.31747567509177244	0.009090917185855878	0.105119281190003	14.71157647548868	14.993184115186969	0.6826154428075512	0.016751359045208993	-0.29409188204374354	-0.29409188204374354	-0.9133814232952665	-5.823453558619305	-6.603976538209175	-2.918523478123864	-1.8264146742256786	29.102159813511125
0.009440608762859235	9153.429883112904	0.6826418079473098	0.734398585841611	0.5238559152779892	0.5985000824045512	-6.813238015536912	-13.805584371189424	-20.798470857370265	2.2645878457529696	-16.250531725977975	-13.062364481029645	-15.74397753467602	-14.820472184103894	-5.815605680389086	0.9193907935759259	-6.7384687638391885	0.16612632745468117	0.313252335754953	-2.2630661948126987	-0.04207843212065764	0.0062314892855764165	0.08859655474117496	6.495802617902609	-0.1465717724666219	6.7384687638391885	0.306729596540492	0.34451271106586745	2.2630661948126987	0.3803026051112645	0.0118564180201715	0.13451954891308424	14.71157647548868	14.993184115186969	0.6826154428075512	0.05882650333407423	-0.3351402458929283	-0.3351402458929283	-1.0216783817632575	-6.481118091981706	-7.28616048384309	-3.2060262922023517	-2.0047325299732974	33.301275034570445
0.01	9372.684086732763	0.6826450231093528	0.9071721805715285	0.6495121516992778	0.7315522520935389	-7.832814612114109	-15.817946106805454	-23.803769638519647	2.6519410294929666	-18.587461790378658	-14.880241662743131	-17.98412491330563	-16.92893975257136	-6.463336423675208	1.1189224792654104	-7.465911964211147	0.20220380102814875	0.39729721430915377	-2.4951155363729556	-0.051599620800171817	0.00808516525935252	0.11345969049291883	7.287737181259417	-0.16622961984950008	7.465911964211147	0.3771774253964622	0.4382475170244407	2.4951155363729556	0.4544889688129415	0.015420114206209909	0.17221314592985473	14.71157647548868	14.993184115186969	0.6826154428075512	0.11395355419244432	-0.38217411060022044	-0.38217411060022044	-1.1425296486385967	-7.207523650028765	-8.028714240088652	-3.5144658746685056	-2.197235463434948	38.020536398675475
0.010592537251772886	9578.448036517038	0.6826486300952848	1.1185231922621637	0.8038771139747362	0.8927802864307044	-8.988622151140957	-18.08595143551027	-27.184165283615144	3.1025861224022715	-21.212700207092826	-16.905237941011997	-20.49601905111153	-19.291262022744366	-7.1767800991183135	1.3589504012518339	-8.26275615209752	0.24548116864273536	0.5023790501472098	-2.747154603324657	-0.06318171342941753	0.010420295903885901	0.1448209723552953	8.173841883910042	-0.1866980726677439	8.26275615209752	0.4629870489037559	0.5559423201346244	2.747154603324657	0.5418151379104702	0.019989029590213637	0.21979506351798836	14.71157647548868	14.993184115186969	0.6826154428075512	0.18480170734603218	-0.4362790313840418	-0.4362790313840418	-1.277334547777459	-8.008716624664526	-8.835278120094662	-3.84405261833139	-2.404791551224965	43.30527754412307
0.011220184543019636	9768.45358197776	0.682652676589374	1.3746054579315823	0.9913014108424647	1.0860549824285148	-10.295200675807306	-20.633715001607346	-30.973357141131302	3.623765553831289	-24.1511320778577	-19.154705146551933	-23.302201151156385	-21.929690729517134	-7.961252645507427	1.645883976277272	-9.133841406119528	0.2971927491683623	0.6314847135493453	-3.020224126504326	-0.07724574048980898	0.0134182866176266	0.18330472258609862	9.16444594053152	-0.20823272246116767	9.133841406119528	0.5673605215701474	0.7013223695744387	3.020224126504326	0.6442741291655109	0.025851877503172607	0.278770285946372	14.71157647548868	14.993184115186969	0.6826154428075512	0.27420970032848274	-0.4987707082961146	-0.4987707082961146	-1.4276453357977081	-8.891020756652463	-9.709410698680372	-4.194926321811746	-2.6283492927521377	49.20030916948594
0.011885022274370183	9940.188989107073	0.6826572160618073	1.6879189655063516	1.2221713797679965	1.3210898768982127	-11.767628579843377	-23.48538705546759	-35.20457964415847	4.230484116359559	-27.427019500002856	-21.63074008214711	-26.424382531662452	-24.858778406240255	-8.82224728024746	1.989726827421866	-10.084006573886212	0.3587129581378649	0.7934774836603304	-3.31530102989067	-0.09429729181087393	0.017254872167889984	0.23233173252073913	10.270770826721186	-0.22830068925737398	10.084006573886212	0.6940250948613262	0.8842360740625981	3.31530102989067	0.7640835379513338	0.03334645517389352	0.3536039928001409	14.71157647548868	14.993184115186969	0.6826154428075512	0.3868011493558206	-0.5703280981496963	-0.5703280981496963	-1.5951732721768987	-9.861039965094054	-10.654601920382978	-4.565540083566807	-2.868077017785034	55.74790934879667
0.012589254117941675	10091.105284686479	0.6826623084663257	2.0709385550225674	1.5064992298999411	1.606988965789589	-13.421479118853755	-26.66493729203713	-39.91021388818688	4.937401365021378	-31.063676670320127	-24.336144560243508	-29.883126922162372	-28.093238095304855	-9.765391656025999	2.4009101548609	-11.118019678179461	0.4315579791689389	0.9966691997949887	-3.6332750992550036	-0.11493545327973377	0.022078304576734414	0.29490009996274374	11.504943276486317	-0.2447670066163066	11.118019678179461	0.8472817589287913	1.1143149469895193	3.6332750992550036	0.9036900876824232	0.04287284474596982	0.4485213861299784	14.71157647548868	14.993184115186969	0.6826154428075512	0.5274041950242364	-0.6521153559489947	-0.6521153559489947	-1.7818112400934434	-10.925630256843151	-11.674237643049445	-4.9542164229684085	-3.1244754977901725	62.98698813094376
0.01333521432163324	10218.68981046474	0.6826680210207957	2.5319207429856987	1.8497527952138753	1.9480901063776603	-15.272644686537978	-30.1956746325205	-45.12100337010903	5.752961412469789	-35.08274077415599	-27.28536187010389	-33.697138189552014	-31.65302654328394	-10.796370017340744	2.888112972407353	-12.240500338715385	0.5173702119135506	1.244564817391215	-3.9749251918320487	-0.13986907645581464	0.028070894875372347	0.3714230241848921	12.879964869127322	-0.2580114019397134	12.240500338715385	1.0321733198736995	1.3966931137291267	3.9749251918320487	1.065775129417943	0.05492971727296465	0.5654196629404439	14.71157647548868	14.993184115186969	0.6826154428075512	0.6999670092078518	-0.7464638167707088	-0.7464638167707088	-1.9896441281780763	-12.091828440831877	-12.771529104767714	-5.360187844707606	-3.399047083150574	70.95162824388187
0.01412537544622754	10320.361353121849	0.6826744290803399	3.086311365240237	2.264413739314955	2.355652016891281	-17.33682819826418	-34.09912220210033	-50.86431300844237	6.693868986556745	-39.50262636315251	-30.473458552758352	-37.88175374386643	-35.54684115530231	-11.920768876975083	3.4636758927133298	-13.45582253423868	0.6178815268293387	1.547190217999829	-4.340894337211627	-0.16994198761113324	0.0356817077811269	0.46529819281294876	14.40959118648978	-0.2652924202612639	13.45582253423868	1.2548932867472014	1.7430839513427812	4.340894337211627	1.2532543001702316	0.07020318813011098	0.7096277882267112	14.71157647548868	14.993184115186969	0.6826154428075512	0.9102752566101773	-0.8547943427550875	-0.8547943427550875	-2.220970486510263	-13.366711864641449	-13.949384885305818	-5.780792154706864	-3.692198545422585	79.66814448775759
0.014962356560944336	10393.29758895212	0.6826816171135724	3.7575882242100707	2.770520696438027	2.848072311413501	-19.628655042607456	-38.393185621590035	-57.161354169335766	7.787354130203268	-44.336724795214046	-33.870514176327234	-42.447189642984824	-39.76882029083283	-13.144118610149667	4.144376485786766	-14.768013055241953	0.7348609127391517	1.9219719630931058	-4.731665133147467	-0.20615964941521414	0.04524496393487315	0.5834630522301251	16.108388148802085	-0.2601128111550099	14.768013055241953	1.522380052783215	2.1732323630678243	4.731665133147467	1.4692742142911188	0.08945541363440968	0.8902432022075252	14.71157647548868	14.993184115186969	0.6826154428075512	1.1663367574967962	-0.977894445726351	-0.977894445726351	-2.4783250432660364	-14.757454587976241	-15.210556254883096	-6.211110812809005	-4.003578928060237	89.15059670134228
0.015848931924611134	10434.793923945894	0.6826896797936788	4.56931535985603	3.3877759853952867	3.443022001485554	-22.161475300996532	-43.09173743063254	-64.0265517869574	9.060698047532721	-49.592843863500086	-37.44181703028697	-47.39802430644143	-44.308309047222195	-14.47178304781708	4.947288744142124	-16.180654199954652	0.8700531575965103	2.385733188033013	-5.147536566233895	-0.2497073873695758	0.057031908252211945	0.7323783860176191	17.99161597397538	-0.23615003903303394	16.180654199954652	1.842504532464954	2.7069136017877686	5.147536566233895	1.7172018725406124	0.11358534510652647	1.1161850683629726	14.71157647548868	14.993184115186969	0.6826154428075512	1.4763188350258447	-1.1172000786263139	-1.1172000786263139	-2.7644999181158436	-16.271230674533793	-16.557576262685224	-6.645969251255727	-4.333363483647638	99.39975863797451
0.016788040181225608	10442.385563589836	0.6826987232172642	5.524612958091952	4.115250256721604	4.137350465377062	-24.946845851402376	-48.203620921830066	-71.4660703643871	10.51187550294065	-55.27183259818588	-41.20450589389628	-52.731884697289765	-49.17720496471253	-15.90876210718752	5.879063727886462	-17.696783082285304	1.025092580234159	2.934077719561881	-5.588604293166364	-0.30197476380862054	0.071537006996013	0.907630415489753	20.074999423551652	-0.1975488605716351	17.696783082285304	2.224574196448337	3.343005897670494	5.588604293166364	2.0006086568522776	0.14376563592642125	1.3860203423188233	14.71157647548868	14.993184115186969	0.6826154428075512	1.8432024577709636	-1.2779389602384932	-1.2779389602384932	-3.082566773334263	-17.915031110249963	-17.99261415773847	-7.085171941404855	-4.685384211155001	110.40086397346083
0.01778279410038923	10413.842547676231	0.6827088662651548	6.663185952007458	4.988620251001148	4.964473245586333	-27.993659768335686	-53.731048595560786	-79.47548178990452	12.188114386297688	-61.365646243710785	-45.06781792964541	-58.43761639521688	-54.328870744403666	-17.459487501798662	6.96399740072407	-19.318770349573054	1.2013415863760384	3.5984145802525274	-6.054744321630976	-0.3646170846682424	0.08974043069310289	1.1223492598253113	22.37446290206206	-0.13036775939818257	19.318770349573054	2.679840055078452	4.116177849735135	6.054744321630976	2.3232622546035917	0.181539779549522	1.7165660814906616	14.71157647548868	14.993184115186969	0.6826154428075512	2.27882953427368	-1.459405391413463	-1.459405391413463	-3.435911041451401	-19.69548182482304	-19.517403870414032	-7.519338311751206	-5.057431769927946	122.12015499166023
0.018836490894898	10347.13580189076	0.682720242120759	8.022929506334906	6.041193600699726	5.954772448232569	-31.306960981251166	-59.66751071661172	-88.03676788544801	14.135913610431244	-67.85597009605864	-48.933092894907176	-64.49398464349372	-59.7082338730588	-19.12799992696976	8.225538192294675	-21.04823223283994	1.3997353395928218	4.40772722126918	-6.545601896325733	-0.439590861599044	0.11225580708433909	1.3884021087387843	24.90621436135727	-0.021261396953772067	21.04823223283994	3.220515459576349	5.0598171016988065	6.545601896325733	2.689111070511432	0.22859686599788995	2.1235178070499825	14.71157647548868	14.993184115186969	0.6826154428075512	2.7946445362279477	-1.6621607911454537	-1.6621607911454537	-3.8282544723259555	-21.619035352861278	-21.13362655465123	-7.939261041966046	-5.448600025198013	134.50062447720273
0.0199526231496888	10240.671411919297	0.6827329999630741	9.638291655626297	7.3025565156874475	7.134492930116412	-34.887331185558736	-65.99691959662128	-97.11722209747231	16.398387101226987	-74.7132433701602	-52.69737947427758	-70.8687626686125	-65.25280165142307	-20.917770933125446	9.684918052340949	-22.885971756633783	1.6206188752112363	5.386880658235646	-7.060587870003658	-0.5291747371880468	0.13957412004791736	1.7155132277272869	27.686455594868317	0.14175087741105338	22.885971756633783	3.8602870078406957	6.2040183445088966	7.060587870003658	3.1022625746038464	0.2869586991249714	2.620719315541476	14.71157647548868	14.993184115186969	0.6826154428075512	3.401022203935007	-1.8879764695856587	-1.8879764695856587	-4.263678183752638	-23.691807487857247	-22.84279708257186	-8.336477650735295	-5.859226382049628	147.4609217352255
0.021134890398366465	10093.391324662727	0.6827473068528974	11.492881513630874	8.75216258870732	8.480261630566856	-38.73002724312694	-72.69240525242203	-106.66790316200643	18.943504830653236	-81.89461150307025	-56.39226200441122	-77.51677243284169	-70.95981750615067	-22.831213532715335	11.335859413623808	-24.831923120157363	1.8635232026869455	6.509063290224401	-7.598881922723792	-0.6360169895225013	0.17325185154527606	2.0871307510066406	30.73076892790447	0.345256577852679	24.831923120157363	4.6161381230670875	7.5263399128752795	7.598881922723792	3.5669719319305186	0.3594758504401206	3.1967567570591675	14.71157647548868	14.993184115186969	0.6826154428075512	4.094655775547327	-2.146484846691953	-2.146484846691953	-4.746663302135228	-25.91911443556257	-24.64578696195387	-8.715608703246792	-6.297449602961174	160.89380254090364
0.0223872113856834	9905.070993103434	0.6827633498324717	13.674124382411884	10.473549612598108	10.072787454062857	-42.825050626453624	-79.71699336859209	-116.62492136662395	21.891378134762363	-89.34581095023599	-59.73224410507705	-84.38190819584948	-76.6620690447522	-24.869829876431613	13.222401484581214	-26.885091659044235	2.1268538377501285	7.850778229362709	-8.159445363201602	-0.763248804045276	0.21525318082196737	2.538146414249831	34.05416008744118	0.628256913158623	26.885091659044235	5.507764767523896	9.107405089077167	8.159445363201602	4.087663080978042	0.4496327967569228	3.8921059617191562	14.71157647548868	14.993184115186969	0.6826154428075512	4.897456621739233	-2.4300740346901497	-2.4300740346901497	-5.282147092806337	-28.305657271972933	-26.543292407000187	-9.055534103996486	-6.7542944082295655	174.66910090066276
0.023713737056616554	9676.654020411344	0.6827813382603378	16.232789198613027	12.513248312371148	11.955147787676935	-47.158239416799624	-87.02623861680496	-126.91361320363791	25.31442219014383	-97.00533176287153	-62.520352847713944	-91.4013041925186	-82.23366031302828	-27.034529057287443	15.369446815841549	-29.04359829561972	2.4077080557330333	9.451549773794927	-8.741038366772743	-0.9144831883546131	0.2669177375809673	3.0851823727677705	37.67129894809821	1.012431146206891	29.04359829561972	6.556543100900882	10.991744220207929	8.741038366772743	4.668924883486025	0.5614399644989151	4.728580186324145	14.71157647548868	14.993184115186969	0.6826154428075512	5.821807471602548	-2.7381193141686597	-2.7381193141686597	-5.87550986464223	-30.855830315993956	-28.53626010555277	-9.344322855970153	-7.228030524002377	188.64111644296054
0.025118864315095794	9409.771129572711	0.682801506404737	19.180385788212774	14.878834216367842	14.131511325596561	-51.709329412087435	-94.56526603483736	-137.44456169102978	29.22931631324206	-104.80133364554314	-64.65939264913862	-98.5022194298237	-87.59319497165063	-29.325436696151307	17.780468343173162	-31.30477963349044	2.701749743932208	11.311187044877467	-9.34224746196732	-1.093807783396271	0.32965508031027024	3.7250661424727314	41.59633020648051	1.5005138569070344	31.30477963349044	7.786795673125468	13.183834122023104	9.34224746196732	5.31552431050693	0.6998925330150626	5.708094018591729	14.71157647548868	14.993184115186969	0.6826154428075512	6.869429166762083	-3.0765713291999486	-3.0765713291999486	-6.532665918947999	-33.57359072148275	-30.62562020284784	-9.58025949560191	-7.72366032391709	202.6438817845341
0.0266072505979881	9106.640674684915	0.6828241163206661	22.500335353680345	17.552549640125797	16.58319384507885	-56.451094328318824	-102.2680105170105	-148.1129336206631	33.60632137059004	-112.64827528317885	-66.12408631167516	-105.59869709205456	-92.68526455430687	-31.740870503409294	20.43946567890119	-33.66525713555046	3.003022471173354	13.400498479213839	-9.9615166611303	-1.3058433193094166	0.40815756561313454	4.439135620152645	45.84199643157044	2.080381468991613	33.66525713555046	9.230666563517046	15.653857225263064	9.9615166611303	6.032443755411189	0.8722842006415282	6.81876803584728	14.71157647548868	14.993184115186969	0.6826154428075512	8.032430022193084	-3.4528992795822573	-3.4528992795822573	-7.260037522232611	-36.461416085580005	-32.810966192571954	-9.770218603541178	-8.247510039347743	216.4917383364387
0.028183829312644536	8771.117689797444	0.6828494610367356	26.322389810653174	20.662846030867247	19.43731496390566	-61.35643286015317	-110.0708404899532	-158.8186420263597	38.64617117681779	-120.46571837334709	-66.43349117945044	-112.61038396647321	-97.22977249832452	-34.27871118844484	23.40251090454757	-36.121015565204566	3.303878037141714	15.836682580809477	-10.597174249388384	-1.555838668275547	0.5066889606024165	5.282098639994291	50.42143801728799	2.8134432748899663	36.121015565204566	10.923855798783856	18.517013780950858	10.597174249388384	6.824968668247583	1.0871469472673148	8.120827355981456	14.71157647548868	14.993184115186969	0.6826154428075512	9.338977100486987	-3.8508529198069263	-3.8508529198069263	-8.064645040033877	-39.52173469614215	-35.09244365941507	-9.8847506962918	-8.78251032750895	230.01034248462716
0.029853826189179603	8409.842540613183	0.6828778680794417	30.708768261507426	24.270454655006933	22.752953124584423	-66.41235185678367	-117.93768886588069	-169.50263294992675	44.4476883324513	-128.20371877326556	-65.34230212852077	-119.48766235404042	-101.0805946593984	-36.93664819605896	26.691154151066353	-38.66764933333932	3.595411722396637	18.669156878525758	-11.24745339019432	-1.8494703807366655	0.6289758925056437	6.275035770547076	55.34910233529999	3.7268872118562246	38.66764933333932	12.906208340370505	21.81866125202363	11.24745339019432	7.698666941547058	1.3548398328480078	9.639095194458704	14.71157647548868	14.993184115186969	0.6826154428075512	10.799986820783012	-4.266036485269453	-4.266036485269453	-8.954110723517351	-42.75717296741023	-37.470601349889066	-9.91154113322324	-9.323602266162403	243.089269770473
0.03162277660168379	8029.6220000328985	0.6829097033631857	35.55935860736899	28.274961638041304	26.429254570004574	-71.6099249737787	-125.84136330243834	-180.119544292753	50.84744720078198	-135.82118677509666	-63.13644664222711	-126.18972098015679	-104.36054824741514	-39.71175663607815	30.243300986562655	-41.30060028196326	3.86822720165216	21.783751855599647	-11.910506684034388	-2.1926024186616546	0.7803066199487197	7.35673491849592	60.64113086972937	4.764473928173828	41.30060028196326	15.22480571668982	25.435666059191885	11.910506684034388	8.659339818637823	1.6886236886092474	11.315723308000262	14.71157647548868	14.993184115186969	0.6826154428075512	12.384597816838896	-4.719740436933141	-4.719740436933141	-9.936658240803796	-46.17013148390105	-39.945319131900966	-9.879710439349207	-9.891132619613984	255.64105915993557
0.03349654391578276	7636.863086682745	0.6829453754747318	40.919222931117865	32.72601341820997	30.52034621953612	-76.94251052940265	-133.76023111786736	-190.63285783934302	57.89935199722287	-143.27708393091658	-59.656321393282404	-132.67574096751062	-106.96419478224792	-42.59884417268762	34.06202594038858	-44.01514807372831	4.1130372054395155	25.209234007487467	-12.58440009664426	-2.591285416267038	0.9730723585593473	8.534820423889478	66.31489072763509	5.936811898803472	44.01514807372831	17.942123560865696	29.374488163496334	12.58440009664426	9.713027732982539	2.1066980273313747	13.164588726339105	14.71157647548868	14.993184115186969	0.6826154428075512	14.094680669200681	-5.202879698839752	-5.202879698839752	-11.021136044623935	-49.7611471624436	-42.51359925985045	-9.784349420221556	-10.474144721816161	267.5939252180605
0.03548133892335755	7239.207546199794	0.6829853403804779	46.949598428437234	37.78635252728108	35.19051983071296	-82.4261494731419	-141.7131782679751	-201.06443610272444	65.84660084571848	-150.57522934893248	-54.417411372966434	-138.9495116393945	-108.65023689213079	-45.5939612439169	38.213392849604034	-46.80641996548266	4.321912134629587	29.089861573201556	-13.267067230850879	-3.0514982338144097	1.2168770217402254	9.875044479721938	72.39422805739584	7.309106086795246	46.80641996548266	21.123855150563845	33.75535132009659	13.267067230850879	10.865895527424007	2.629513880244028	15.253300787539922	14.71157647548868	14.993184115186969	0.6826154428075512	15.963499759298728	-5.6910887665740875	-5.6910887665740875	-12.217032812049847	-53.532412805447386	-45.17387249305237	-9.589823384835839	-11.04657661873637	278.9602337756287
0.037583740428844416	6847.170741111935	0.6830301065838357	53.719312476133034	43.52460744346846	40.508682296001254	-88.13515636306236	-149.81796591406928	-211.5756830186495	74.7543073240029	-157.81402327400724	-47.39356980367098	-145.1086879740934	-109.45695643802777	-48.69375536032857	42.721134262892754	-49.669480854794024	4.490757051644555	33.47492063015029	-13.956234493018306	-3.5783245964878403	1.5210494539140502	11.395022911896909	78.91080764132296	8.893243570040601	49.669480854794024	24.842476687386583	38.59824730799373	13.956234493018306	12.1237504121807	3.281544845812557	17.598580681463414	14.71157647548868	14.993184115186969	0.6826154428075512	18.003104664818448	-6.1772173660875715	-6.1772173660875715	-13.534525220313826	-57.48716278916561	-47.92425146534921	-9.282035910386469	-11.599018019719582	289.9431111861121
0.039810717055349734	6469.927756933924	0.6830802407563916	60.848752289454715	49.56291708563384	46.09975464043502	-94.17461738672263	-158.23928168765372	-222.39114654191414	83.90009144325255	-165.1251789242832	-40.16498480932863	-151.28330885726558	-110.24055920094416	-51.89341830632031	47.38360757207728	-52.599150576140055	4.62198870088087	37.95951423352587	-14.649332111110178	-4.175186271406772	1.9008653757490659	12.882129363397304	85.90318839211496	10.465826840046228	52.599150576140055	29.183554672659728	43.458695778474954	14.649332111110178	13.491415779375252	4.093014238166673	19.99006662082145	14.71157647548868	14.993184115186969	0.6826154428075512	20.112977527534778	-6.725308545558724	-6.725308545558724	-14.9843039959444	-61.62750435390676	-50.759345244679345	-8.95868793841466	-12.191748511095726	300.8206322848317
0.042169650342858224	6114.7812888499575	0.683136373865186	68.65831649629227	56.22675070564955	52.295524045935394	-100.67797092990475	-167.1815742458509	-233.786622030575	93.68731063725434	-172.66217689357438	-32.07563842780781	-157.6248671098932	-110.74648177767882	-55.18533579302983	52.347385802545936	-55.5891196341442	4.72631485168422	42.832643382105374	-15.343356162532805	-4.843692373789447	2.380324132386513	14.465904839539107	93.4161539517458	12.140817731391817	55.5891196341442	34.247212868805406	48.57434019857261	15.343356162532805	14.972181790163722	5.099416636519325	22.565946461713917	14.71157647548868	14.993184115186969	0.6826154428075512	22.366845608019766	-7.278131183987396	-7.278131183987396	-16.57775499401764	-65.95318932628201	-53.66960710824338	-8.541541770089786	-12.76225344314605	311.92297189323335
0.0446683592150963	5787.484550069709	0.6831992078089794	77.31220832634874	63.675457652621446	59.25184481573241	-107.81400587316655	-176.8976404322582	-246.09935522671682	104.24612221300083	-180.6229467305941	-23.084843618216517	-164.32918768834105	-111.06219989600508	-58.5639200668587	57.69831491858755	-58.631152958147744	4.824817261882493	48.222772459619954	-16.03468187509618	-5.582485765014565	2.974179207547674	16.197095973242757	101.5048579620198	13.948727182008893	58.631152958147744	40.12201517371675	54.03698434522215	16.03468187509618	16.566551526021826	6.336066928336216	25.3811671544043	14.71157647548868	14.993184115186969	0.6826154428075512	24.80791445734379	-7.816510892006894	-7.816510892006894	-18.326681945921447	-70.46626024487072	-56.64792196666964	-7.984000403825499	-13.286599167584066	323.6393295517791
0.04731512589614805	5492.550080213768	0.6832695225701088	86.84192866556276	71.93021329512717	66.98103710192011	-115.79614832646831	-187.70016437274154	-259.74187046213916	115.43733351849325	-189.24926910640593	-13.74802516175852	-171.63586926141667	-111.60190422412734	-62.022878429240386	63.46787141111762	-61.71452902263815	4.952350018337743	54.11847637719959	-16.718931607092305	-6.3857555964349215	3.693682972842274	18.056139541578368	110.23024716504422	15.846558871464717	61.71452902263815	46.885828449795284	59.81246225907433	16.718931607092305	18.270757956245326	7.838461289309049	28.423166572925478	14.71157647548868	14.993184115186969	0.6826154428075512	27.452233226236185	-8.349146352898437	-8.349146352898437	-20.243627646235378	-75.16853559777971	-59.686100235380636	-7.266208638857069	-13.768224201996043	336.4277932463402
0.05011872336272722	5232.78197882885	0.6833481838758239	96.5974367989314	80.3367242995873	74.82542275796267	-124.87663664776885	-199.94809027313633	-275.18056816773725	125.87283233704795	-198.78995799549298	-7.11149341814998	-179.79278070521215	-114.02301765802979	-65.54830620793948	69.34026537490283	-64.8245989185791	5.157372443154807	59.81700566094203	-17.390848150109445	-7.242844469212961	4.5615080281807785	19.672765289473265	119.64648351478321	17.441999004660147	64.8245989185791	54.61755443832027	65.17720795736463	17.390848150109445	20.07550805545206	9.64401690666503	31.345250113602123	14.71157647548868	14.993184115186969	0.6826154428075512	30.142796020536224	-8.988304208969558	-8.988304208969558	-22.341313239889807	-80.05433313734827	-62.767723671463344	-6.537221120901137	-14.312427816301192	350.77803862531897
0.053088444423098846	5005.989394883087	0.6834361513474777	107.39918958473162	89.70738805365912	83.5882769614319	-135.25469844054462	-213.89786487826353	-292.72994115831085	136.71224281298723	-209.39025677084743	-1.0240188233311711	-188.94769540840304	-117.33667180867727	-69.1219216129591	75.74388478648729	-67.940716968092	5.498940754009061	66.08300872827888	-18.044214936206497	-8.138317754588183	5.592526768653046	21.413144902612963	129.79265712616947	19.089062858413644	67.940716968092	63.358267355958276	70.9160196964884	18.044214936206497	21.96450285917128	11.779902936769883	34.5472803239127	14.71157647548868	14.993184115186969	0.6826154428075512	33.09480037024543	-9.607477301906684	-9.607477301906684	-24.633300538942752	-85.1141499458377	-65.87688061893894	-5.571050671186878	-14.787241337507119	366.94492323000424
0.05623413251903491	4806.668909633853	0.6835344870954698	119.40658298169845	100.18130228938912	93.38509874211651	-147.0614460303998	-229.6855352511164	-312.53184098896605	148.04615069727933	-221.09540889683203	4.607347071367087	-199.15234063255727	-121.54724601205778	-72.72417170146036	82.79338529749523	-71.03602919795401	6.041441225857629	73.02133139123497	-18.671922344714925	-9.05193725582124	6.778276725365952	23.323833979766444	140.68225385453482	20.840675461632546	71.03602919795401	73.0778134072497	77.22633473053642	18.671922344714925	23.914080573454456	14.253317132413809	38.11379913803208	14.71157647548868	14.993184115186969	0.6826154428075512	36.36667212303258	-10.2058913308489	-10.2058913308489	-27.133009544198718	-90.33711345743933	-69.00274327565654	-4.2978222929105785	-15.189904840624994	384.93661926786115
0.059566214352901034	4625.12086556449	0.683644364692525	132.36593355383158	111.48479510088303	103.91582773798153	-160.26636389617238	-247.18976354855744	-334.37484233288825	159.38202342078765	-233.73344116482681	8.940876498156028	-210.24652681742288	-127.01601511119189	-76.32852460935584	90.3916099324862	-74.0766999805606	6.843700035347646	80.3294002124526	-19.26612075266883	-9.958943000417626	8.091075017166492	25.26149563268479	152.27722774577285	22.588626044679824	74.0766999805606	83.66910679471442	83.9735498196834	19.26612075266883	25.892460631819077	17.05030911317483	41.94909997616312	14.71157647548868	14.993184115186969	0.6826154428075512	39.91142735256044	-10.851945457867796	-10.851945457867796	-29.854703325325392	-95.7059403889184	-72.13515979208375	-2.749213642775103	-15.589715881086398	404.31387507922574
0.06309573444801933	4448.32050716234	0.6837670784212261	145.94088938487698	123.28503045560386	114.84087493643857	-174.60146737212355	-265.9325498118556	-357.5713033137406	170.27826999903178	-246.82547692338346	11.61378318537418	-221.76963748206643	-133.68272774956213	-79.8929022636281	98.35663669472675	-77.02266989986056	7.942317372712273	87.63431703644703	-19.818711599119485	-10.834310720736758	9.506726581775204	27.05695110627356	164.4616469533983	24.23739743922161	77.02266989986056	94.97150466907186	90.99820501810773	19.818711599119485	27.863011699919696	20.136929394051414	45.955609873155495	14.71157647548868	14.993184115186969	0.6826154428075512	43.64079311362424	-11.599643148987415	-11.599643148987415	-32.81219806847261	-101.18751963436263	-75.25529267404121	-0.9894912026041778	-16.042653102786232	424.0847397612231
0.06683439175686146	4261.282408485804	0.6839040526590823	161.0446116979081	136.49767865665703	127.06360266567607	-189.4910646665465	-284.9966783741057	-380.8621989665478	182.80322505423896	-259.59890838188653	17.5955095794934	-232.97461898049562	-138.67211519711412	-83.37408206708663	107.12183938539428	-79.82878539673683	9.32960291415928	95.84961406102644	-20.321827141966327	-11.657782019025916	10.956372575375482	29.21481334979604	177.04161947989493	26.405190750557193	79.82878539673683	106.71730981443453	99.51632714319929	20.321827141966327	29.78854139086864	23.44580018640906	50.689527521421724	14.71157647548868	14.993184115186969	0.6826154428075512	47.77397864580098	-12.303660934737236	-12.303660934737236	-36.01932846220498	-106.74762332901372	-78.35698007320525	1.2257353636885602	-16.41261901151568	442.6526982129434
0.0707945784384138	4049.7281654362564	0.6840568512084007	177.74863448766712	151.20535731132205	140.65997054615212	-204.04761234034046	-303.04840564907215	-402.4663886055459	197.95311620144966	-271.02832253881695	29.99972576497213	-242.86576402751425	-139.89667221496592	-86.72860373216251	116.66977700331812	-82.44979221231016	10.934796796033341	105.09302328430749	-20.768561245543793	-12.419037749903575	12.334820868031228	31.872823199075494	189.74893305041758	29.371513703998907	82.44979221231016	118.57519026344241	109.98240843577781	20.768561245543793	31.638352727075986	26.890975204955815	56.30266766804349	14.71157647548868	14.993184115186969	0.6826154428075512	52.304912696620676	-12.95242130105289	-12.95242130105289	-39.489171808321736	-112.35129614961501	-81.4425732802042	3.915500022691453	-16.70248697726701	457.9477547979774
0.07498942093324558	3803.805207951705	0.6842271863210506	195.07272098439793	166.46381877084653	154.7032107985745	-217.18903401875392	-318.53736289801867	-420.3630740373119	215.18565003566144	-279.9942836498145	49.01932989161982	-250.35370775553247	-136.65139163305713	-89.91172221309223	126.40286943280313	-84.84618462170441	12.612683106552835	114.48192234059526	-21.15371028119003	-13.123958410069044	13.528119813778071	34.68894292843672	202.27046638912273	32.93200532437278	84.84618462170441	130.2499703155281	121.77169648168	21.15371028119003	33.39695862426834	30.399993466439334	62.410102047161054	14.71157647548868	14.993184115186969	0.6826154428075512	56.937838679206784	-13.67988224039269	-13.67988224039269	-43.23349204346812	-117.96144151565007	-84.51476460107168	6.809316861085786	-17.061972761266862	467.81467592856825
0.07943282347242814	3521.8342801244607	0.6844169271011734	213.08210985456276	182.41951703780052	169.40377923458107	-227.9051677136009	-330.09778497625854	-432.8282061642376	235.7214621881359	-285.5624482755973	78.28048603170551	-254.5314747107417	-126.55803373843017	-92.87521133214918	136.17461490838537	-86.98969978337571	14.147248282510528	124.23127494814493	-21.474430860548424	-13.801692309911335	14.461017259712717	37.865207132243086	214.31149953223468	37.36894258689631	86.98969978337571	141.63609032726282	135.1133236023504	21.474430860548424	35.0734196427533	33.95960434166661	69.09798310721983	14.71157647548868	14.993184115186969	0.6826154428075512	61.60268258171177	-14.392731754410493	-14.392731754410493	-47.26164400226209	-123.53589629116019	-87.56714795230918	9.864686358525828	-17.409881739258815	470.63800948091625
0.08413951416451952	3212.822862829472	0.6846281068881708	232.16386516708408	199.53235881456638	185.28199433608216	-235.6580478861409	-337.110912457375	-439.1599877080477	260.9249210655045	-287.43123913212713	121.01125958995392	-255.11688871803418	-107.77213719337708	-95.59439790030753	146.01875701034936	-88.86906104550927	15.286668551010589	134.92000975229678	-21.730414138394206	-14.505168038308778	15.071051070478092	41.7722061258997	225.71941158713773	43.012472648323254	88.86906104550927	152.87578925829476	150.30325907495418	21.730414138394206	36.70618865352352	37.64103824825159	76.49228953235233	14.71157647548868	14.993184115186969	0.6826154428075512	66.31778582022929	-14.95592325947139	-14.95592325947139	-51.580109340332235	-129.05412510361742	-90.60852041572925	13.114514420831217	-17.62352182414274	466.0844584085192
0.08912509381337455	2895.97039882015	0.6848629291331462	251.9826532957151	217.53491028041643	202.1343813704088	-240.78810685892492	-340.23321929696493	-440.3305602916006	289.9421354072298	-286.1971798478278	175.033577211758	-252.71295036429697	-81.62421534300485	-98.06468568237815	155.63628148630676	-90.49379926532887	15.810726592895632	146.391908170475	-21.923770783459688	-15.30298198586493	15.376129693040133	46.3533916609293	236.58182638756526	49.59828021855968	90.49379926532887	164.49996992211376	166.49456586524417	21.923770783459688	38.359368610419565	41.64197961624951	84.20534639105922	14.71157647548868	14.993184115186969	0.6826154428075512	70.93391267896737	-15.35256043819178	-15.35256043819178	-56.190923771474104	-134.51267861867566	-93.64594944113335	16.41242747952003	-17.69116108873953	455.6490504909973
0.09440608762859236	2596.4543284929096	0.6851237711855328	270.51330750012494	234.458861147274	218.05501649967542	-244.73182146652007	-341.6218171116234	-439.2205692712558	317.56342461097	-283.37692398426833	228.44453210884873	-248.82968813086794	-54.80091462024922	-100.29304028715835	163.92818156340005	-91.8912110760991	15.617123292352641	156.71211922911124	-22.058195180296323	-16.263470547379566	15.532530947317898	50.55926466234723	247.27914002724427	55.709082064750476	91.8912110760991	177.4601996612726	180.68121122369183	22.058195180296323	40.10796774999108	46.286556040159034	90.86880769992246	14.71157647548868	14.993184115186969	0.6826154428075512	74.90166520748284	-15.841930698437718	-15.841930698437718	-61.0919174920145	-139.91685570853272	-96.67044891383694	19.2038956731149	-17.865831740510153	442.6664572707769
0.1	2338.2478709904467	0.6854131852986162	288.84531879814904	251.43086132128022	234.21946447726063	-249.849826401543	-344.60629604313243	-440.13529939947205	342.7512506721556	-281.09083865122926	276.9828053671785	-245.5740831490861	-30.51309460225661	-102.2921394325794	171.44041402792138	-93.09596464164734	14.797207786096163	166.91845440100585	-22.137849945808437	-17.433487611652943	15.83519294981044	54.71147975785477	258.4425839772495	61.22070341133293	93.09596464164734	192.94501074056765	192.700374906293	22.137849945808437	42.01296270334935	51.95054218085859	96.62825736479306	14.71157647548868	14.993184115186969	0.6826154428075512	78.49246819719477	-16.187467073555048	-16.187467073555048	-66.27646532567995	-145.27470148069216	-99.65897619555992	21.75434102408749	-17.894250875019534	431.56843610691965
0.10592537251772886	2136.258086739691	0.6857338960603189	307.4012402492045	268.8252904513759	250.96709454916729	-258.7716523266268	-352.7264005173297	-447.5341918751194	362.89728537308883	-281.4598195755288	313.040411986431	-245.05365574081898	-13.748259500885588	-104.08885774403136	178.54722471422915	-94.1361698967217	13.6691460047774	177.20994239042227	-22.16580511081323	-18.811798594146826	16.605937322914322	58.647037089447586	270.7901579415187	65.61443205120047	94.1361698967217	211.9097515417775	201.93955792818815	22.16580511081323	44.0896376579734	58.905080360514575	101.3936816833915	14.71157647548868	14.993184115186969	0.6826154428075512	81.89056987716062	-16.36075796959459	-16.36075796959459	-71.735606931808	-150.60691586405727	-102.60007740093151	24.234072265579165	-17.733565403776716	426.46356666721175
0.1122018454301963	1990.7399038623928	0.6860887933719837	326.3762194641284	286.73825448682436	268.30288009706055	-273.3595025392622	-368.3258340209508	-464.2515219394334	375.83495579235574	-285.72282137007136	330.7106975991256	-248.50229554978523	-8.243325747993177	-105.69873266587906	185.60342832590192	-95.01902711235283	12.726646242486487	187.41884563992662	-22.143115060084764	-20.33133419703996	18.121864951172537	62.023591862885915	284.79903043444244	68.49205140877855	95.01902711235283	234.59293000845508	208.27378094027526	22.143115060084764	46.28194387376289	67.15007582998707	105.26809110919834	14.71157647548868	14.993184115186969	0.6826154428075512	85.27080831080572	-16.430109309745696	-16.430109309745696	-77.46079678566784	-155.92323518611238	-105.48201667315541	26.81064707592203	-17.441971674481426	429.456642066799
0.1188502227437019	1885.2891493415934	0.6864809199815988	343.95099073766585	303.260082180595	284.22238294493536	-293.44372317230807	-390.9393325495309	-489.5297177062891	378.2961921416287	-293.34728220006843	323.80115401497255	-255.39752768377969	-16.93478037716423	-107.09619257753225	191.9099383840512	-95.71987046976339	12.47629506077549	195.33369512727518	-22.068425746894246	-21.864384308750903	20.52093826747731	63.584888095919766	300.3183829475304	69.02832885161749	95.71987046976339	260.0966815333191	210.7138898644106	22.068425746894246	48.45883487527914	76.2780936595998	107.82676315944997	14.71157647548868	14.993184115186969	0.6826154428075512	88.28490630536989	-16.779802475024482	-16.779802475024482	-83.44654967373128	-161.19456022922395	-108.27775837483973	29.149180719830746	-17.401384146732717	439.10435602466464
0.12589254117941676	1790.4686637201162	0.6869134525505544	363.01485947313915	321.2422928374172	301.51905684079054	-315.8654778438573	-416.1902467839592	-517.765860178198	379.5816167451729	-301.6956085335406	313.67212480420136	-263.1272472394036	-27.78938801321884	-108.23007399420037	199.0199258239739	-96.18396901142823	13.191750399464343	203.64604897073164	-21.938970940871236	-23.258102113230287	23.614508390728798	64.78207823168277	316.3550170480651	69.60563480157137	96.18396901142823	286.19339855716805	214.3909239470099	21.938970940871236	50.444975217907945	85.44972155715881	111.48188263449376	14.71157647548868	14.993184115186969	0.6826154428075512	91.70984004866267	-16.992861938356665	-16.992861938356665	-89.6913487958892	-166.36909822085858	-110.97861878421716	32.06016331836984	-17.207491668032084	449.8319706650784
0.1333521432163324	1675.1225336774614	0.6873896752066077	383.79814161687364	340.92951254770287	320.42260447662625	-334.9077645125215	-436.56265470097156	-539.6231169503332	388.03799625683865	-306.74592684265855	321.4437599969743	-267.6963765237071	-28.059561836261498	-109.04835984987125	206.9748842877684	-96.34767687424015	14.684344810469181	212.75142232178192	-21.752031405480064	-24.393200052271364	26.81862080230144	66.23993867527271	331.2699980927157	71.96402877608173	96.34767687424015	309.9448385482221	222.55689786199034	21.752031405480064	52.08718475154556	93.68586367882934	117.4402870274181	14.71157647548868	14.993184115186969	0.6826154428075512	95.56877684265261	-17.044683171020214	-17.044683171020214	-96.1960542145902	-171.3959718450365	-113.60582881633026	35.597651243540774	-16.86643181830907	453.55858033805816
0.1412537544622754	1523.7064502113278	0.6879129445833271	404.634164793907	360.76814815379595	339.46870545908297	-345.2013098175668	-445.30645224570156	-546.9445551653689	408.4098159089738	-305.24732835875994	360.4651023792595	-265.8681542896438	-9.151590074413663	-109.51349779074631	214.64797657941253	-96.17227468618348	16.26639475546276	221.57225993928154	-21.50722649824228	-25.24804258983168	29.363280171320774	68.04385944457243	343.56430211402414	76.76246873487943	96.17227468618348	329.35011396953104	235.6236571138795	21.50722649824228	53.33442820943979	100.51073518066573	125.39030998064874	14.71157647548868	14.993184115186969	0.6826154428075512	99.30253263840261	-17.101914425450378	-17.101914425450378	-102.95764263135071	-176.23622093919033	-116.18605762194318	39.22115470125739	-16.575444808185708	444.22392439418337
0.1496235656094433	1348.5107900577889	0.6884866454703372	423.18912181083533	378.6442025513498	356.7586920375699	-346.148281661605	-442.03259035268746	-539.5407012556243	437.43745095507944	-297.30194502598215	424.6534935074407	-257.74556885313666	26.11466799279221	-109.60145752565577	220.44270281784708	-95.66933768116931	17.0569486271347	228.57878154571463	-21.207533941269507	-25.928929662437323	30.772738674327147	69.90287265077379	352.9829561258661	83.00787339607442	95.66933768116931	345.25414156573265	250.3659142229048	21.207533941269507	54.28367670439067	106.59121632598138	133.45048650198964	14.71157647548868	14.993184115186969	0.6826154428075512	102.11859322805596	-17.280291490468397	-17.280291490468397	-109.9632820727904	-180.857837826462	-118.70657647813643	42.145788294218555	-16.456096760556807	422.94288685144494
0.15848931924611143	1182.6553805419528	0.689114136401574	441.1695956525745	396.40413433176525	374.2964274528398	-343.90679335106296	-434.89599083542464	-527.5865042357881	469.37257747274924	-287.12849462451607	498.1933058872942	-247.54519276182032	67.67484679995563	-109.35606050689485	225.05937827546597	-94.90058394083658	16.559387232202848	236.04649280334442	-20.85888207099905	-26.620201705921776	31.14024550770511	72.96048972727318	361.1398986795494	89.90388603689337	94.90058394083658	361.51763240840353	264.4929598195524	20.85888207099905	55.13645619584364	113.64177893303396	140.57728582244508	14.71157647548868	14.993184115186969	0.6826154428075512	104.36400417663056	-17.128056798806877	-17.128056798806877	-117.18629438139844	-185.28710622006693	-121.16882021817995	44.6956517708329	-16.043886719426375	398.68333194952095
0.16788040181225605	1056.401951294978	0.6897986849225006	458.4052343405866	413.81968256716476	391.82526949185905	-347.95080156628217	-435.88133199287597	-525.623938247846	489.8795566706968	-280.33304892292415	545.990217701056	-240.87288117622384	94.76554158354965	-108.85533820683489	228.63928025620447	-93.94553706660723	15.117549772530076	243.61624766601622	-20.46808440645662	-27.463507314084428	31.237890041914774	76.44211449915441	370.6886350343936	94.71830110607286	93.94553706660723	382.8416365851746	272.97216667133796	20.46808440645662	56.06923327979882	123.38312093008541	144.77873370886255	14.71157647548868	14.993184115186969	0.6826154428075512	106.10304873697372	-16.710601988076473	-16.710601988076473	-124.59146857117292	-189.57863183711865	-123.5695263433996	46.891280043207146	-15.38162217617236	382.43796200371395
0.1778279410038923	974.958561924497	0.6905433925647393	473.22333305370057	429.0116323095659	407.2779654515265	-363.66818164064887	-451.46108327071704	-541.2441982616126	487.61198965310854	-279.55284189905757	541.8040924556816	-240.36809727594581	92.482535841536	-108.14401391062994	230.79129558561746	-92.84772460623175	13.784346227632618	248.70289542167822	-20.040328091042042	-28.44585706003606	32.09107741373878	78.19446381966752	383.23110118982436	95.02088719520623	92.84772460623175	410.9518283107575	272.31979978302337	20.040328091042042	57.09452662169897	136.02547402256334	144.9825340141054	14.71157647548868	14.993184115186969	0.6826154428075512	107.1357089562458	-16.503232999023293	-16.503232999023293	-132.1480575632187	-193.75701388744372	-125.88774478780579	48.50489864430816	-14.927904335724818	378.7063250973035
0.18836490894898	914.9712728864657	0.6913511067914158	487.6510140611902	443.87478165673747	422.4090029823096	-386.4342093711858	-475.57456641248206	-566.9331558097396	473.23962903284945	-281.8530141483912	509.9102348155699	-243.08830714419065	74.4355207037844	-107.19156574772222	232.85120199847916	-91.58534864892508	13.521784227540625	252.4649523201885	-19.57818506772371	-29.400169179673743	34.20330738831366	78.3390530938837	397.48684617695415	93.07282219763165	91.58534864892508	442.1080102008088	268.34240735312324	19.57818506772371	58.03894103754826	149.52915002913429	144.42500958881973	14.71157647548868	14.993184115186969	0.6826154428075512	108.12580979872631	-16.33837406639425	-16.33837406639425	-139.83770381240487	-197.78069472214108	-128.091691366357	50.22375464234146	-14.511529700804633	381.00796310722035
0.1995262314968879	842.834692962529	0.6922244022434028	503.4285671669683	460.1346076068185	438.9019744603321	-402.97073678032746	-491.82633383124863	-583.1036647351749	470.74342158379466	-280.5449190917425	505.97581957164743	-242.31063719634346	72.35282048639095	-105.95833758300141	235.6872739139939	-90.0967006549252	14.279243394796051	256.6663236181799	-19.082519026400313	-30.123222973038036	36.84711723422587	78.26781923875211	409.7744640385307	93.45761374867494	90.0967006549252	468.9691059628385	270.2613459839586	19.082519026400313	58.667174223582876	160.84898655526533	147.2150852128396	14.71157647548868	14.993184115186969	0.6826154428075512	109.5063551161614	-16.001951705778065	-16.001951705778065	-147.658219566987	-201.61025451595793	-130.2118164896577	52.50864450899877	-13.947753730713403	375.93049864367117
0.21134890398366477	748.0231110770145	0.6931652151494918	519.3222861780861	476.7293064130828	455.85700100473724	-404.78079216144505	-490.1436336607745	-578.0483444223167	491.4627086031296	-272.0185669931355	557.4290448002549	-234.38352355733863	102.37934946116363	-104.4368698769199	238.31044252423575	-88.36325528841975	14.915909653760869	261.17589046571106	-18.556359012991855	-30.574499480005542	38.70292225071082	78.98547275112303	417.6314618276095	98.00045573063366	88.36325528841975	488.0437326273147	280.2929503853827	18.556359012991855	58.91978444654942	169.11900806522817	153.58327876987997	14.71157647548868	14.993184115186969	0.6826154428075512	110.7885845585419	-15.502001773101993	-15.502001773101993	-155.5915262183588	-205.22760183362047	-132.27937404821782	54.86902055865749	-13.268440693732733	357.0673787247093
0.223872113856834	654.1724226391452	0.6941751337202867	531.0147792871456	489.5044326832956	469.2997959667657	-400.57032294780674	-481.4150415995535	-564.8830024701306	513.5384935517355	-260.63715434153977	615.8506085034355	-223.69607624145482	137.93126966481552	-102.65297214320572	238.24414296982235	-86.42916758301337	14.397973231950271	262.8025592551302	-18.003487817662194	-30.907856335660338	39.22886093645681	79.41819807619908	423.06534519969324	102.39918812691904	86.42916758301337	504.7682369374765	288.3552097058555	18.003487817662194	58.96129579109897	177.3160173185287	158.12567324258234	14.71157647548868	14.993184115186969	0.6826154428075512	110.74604602898074	-15.256528640312492	-15.256528640312492	-163.60461290881665	-208.63752597617489	-134.28577412283528	56.043848873521036	-12.89071342725339	333.9122862973212
0.23713737056616552	585.7585079704413	0.6952550429780626	541.0305771842019	500.99411150293105	481.8051060317945	-405.78104100526775	-484.2211673868736	-565.4270304523717	516.4821599210991	-253.04690981343532	632.2070840456392	-216.95215438999782	150.39085884621917	-100.66164395937655	236.90370619471338	-84.37110769779963	13.094091427752428	263.82792945543105	-17.429659511729998	-31.279720118544226	39.330886591823926	80.03848570775678	430.415937271833	103.5611321536629	84.37110769779963	527.4014474061503	288.60220821939157	17.429659511729998	58.98141710434719	188.90060394722113	158.515049927206	14.71157647548868	14.993184115186969	0.6826154428075512	110.0780054184074	-14.835972971049786	-14.835972971049786	-171.6557144146514	-211.86776973300456	-136.19845942456294	56.70798043028703	-12.34976017863536	319.4498219612627
0.25118864315095796	539.326831990762	0.6964050947250391	551.32888637656	512.9235196165663	494.8741373560785	-422.58492961497313	-500.9006035529666	-582.2079668040246	500.49407587876965	-249.92408284433967	605.3906186797136	-214.8286614657785	138.4352570553696	-98.51375188434399	235.77337639928837	-82.2252219102608	12.288070484488294	264.9816047298273	-16.840365419084392	-31.671047495302336	40.216101241577874	80.17554970914267	440.6313562596602	101.64112966034389	82.2252219102608	555.9957525240087	283.0706229035771	16.840365419084392	58.98018749938437	203.1112043894362	156.56087185718414	14.71157647548868	14.993184115186969	0.6826154428075512	109.51195956687235	-14.22869057868788	-14.22869057868788	-179.71569583436866	-214.9505469996066	-138.02190374757984	57.57137003183431	-11.623264208741825	313.9949385423524
0.26607250597988086	490.88544184771035	0.697624619777796	562.2112013571708	525.4937291058412	508.58801868864435	-434.9417602427904	-512.3046924833897	-592.8594207616405	492.9233122211558	-244.98133097223692	597.7449930787163	-210.95220913002007	137.1609815599696	-96.18674911652035	235.13621931398913	-79.95068854102475	12.355332677567146	266.1493237952597	-16.23706888132625	-31.923197910379937	41.73603229301958	79.8156496141585	449.4495448527859	101.11012892294185	79.95068854102475	581.3743877155533	281.39484490534124	16.23706888132625	58.77767863351033	215.51613435006476	157.0201445235488	14.71157647548868	14.993184115186969	0.6826154428075512	109.18719229136919	-13.538076316464695	-13.538076316464695	-187.7783573485951	-217.86137953693324	-139.7781188299495	58.78838439824449	-10.83735877713622	304.8482825688289
0.2818382931264455	433.0447882168749	0.6989120863950458	569.0342104065958	534.1573747757891	518.4947898519548	-433.78199019981537	-507.92711749208326	-585.3652625635225	500.3138709128603	-235.0757998268449	626.7325683473466	-202.1091232853069	157.5820657679663	-93.66549210584556	232.32144324086227	-77.53624489208339	12.265031896226745	263.70206758889634	-15.622356631453052	-31.988462986841704	42.70226371928938	78.11857307076176	454.06200688429595	102.33192829617259	77.53624489208339	599.2193439161994	283.0022430101652	15.622356631453052	58.314932673432416	224.74726573645393	158.83596953747193	14.71157647548868	14.993184115186969	0.6826154428075512	107.79022904613059	-13.29480322224609	-13.29480322224609	-195.82267895394187	-220.57314057569198	-141.4659489620688	59.0242922016272	-10.543401294606117	286.62863380759325
0.298538261891796	382.89906005153057	0.7002650107090231	575.2103399044365	542.5063899157111	528.3923247237362	-433.51942086093305	-504.8263503330179	-579.5308576964482	504.52138095481286	-225.407264840923	649.7207414923145	-193.57332790803054	175.12431858122207	-90.9947641816642	228.9517892164245	-75.02839806826555	11.38061353837103	261.9256115606279	-14.99952576799316	-31.97535551779741	42.791603604536014	77.5550062326881	458.03480918714484	103.3783762346971	75.02839806826555	617.5460344570698	283.0551923466423	14.99952576799316	57.71935601596886	235.00662411033173	159.31518528107412	14.71157647548868	14.993184115186969	0.6826154428075512	106.12466052883244	-12.75185359184614	-12.75185359184614	-203.80998524690708	-223.10569926772837	-143.07766484930087	59.06959366129943	-9.966729330853102	269.9033970438659
0.31622776601683794	346.8003618521842	0.7016799864704866	581.160877249031	550.7949030355941	538.3814897476695	-443.69698305722255	-514.0335889864542	-587.9529226515631	490.13988491864046	-219.1254699207103	631.1725490250496	-188.54701316024477	169.57750145488743	-88.22781827735929	225.55145946296972	-72.47225448930874	10.558447406538214	260.3619155629905	-14.373324156776567	-31.923030853723095	42.97458159677267	77.08219516177334	464.3347605849514	101.61162377181628	72.47225448930874	641.127172930035	277.3132983695166	14.373324156776567	57.05215634699591	248.05061875393963	156.9302932369916	14.71157647548868	14.993184115186969	0.6826154428075512	104.44232619811307	-12.049295296001205	-12.049295296001205	-211.70884928714992	-225.49193362282102	-144.61198786653765	59.150634624737	-9.236135367978385	260.1351665991965
0.3349654391578276	311.7785351265581	0.7031526890108338	586.021139125113	558.018775317617	547.3159141131696	-450.6429697369109	-519.6050552823742	-592.3088327760046	479.3565443895881	-211.96085760005437	621.0631353491691	-182.64747646505143	168.8634421618753	-85.37929704294913	221.84081512160296	-69.87598727368032	10.326438604363792	257.52525481417774	-13.749121429481242	-31.760022814548773	43.55678895987679	75.65871245434012	469.58906061017694	100.0500903520878	69.87598727368032	662.2743747945585	272.71158125960864	13.749121429481242	56.2433345729952	259.7950940541913	155.43252764024504	14.71157647548868	14.993184115186969	0.6826154428075512	102.6031021640082	-11.479361162006231	-11.479361162006231	-219.50402903278112	-227.73749052338414	-146.07684292327173	59.11395746189225	-8.653307556885848	248.67001045523804
0.3548133892335753	275.148115043694	0.7046778696375389	588.1515681992164	562.6716354851577	553.8189985856758	-449.18911006036205	-515.6621156437244	-585.9627662847047	477.89287012151624	-202.33225211296264	633.4507417197942	-174.26188460229469	181.37672798990778	-82.40411924564043	216.70245270035986	-67.21893083647025	9.882663540118672	252.65585423071275	-13.126695494930756	-31.504148167373287	43.83531618247923	73.52969138999974	471.949071344915	99.5287578301106	67.21893083647025	678.4445328612759	269.8651446311073	13.126695494930756	55.291009289102576	269.3970129959498	154.7063172868702	14.71157647548868	14.993184115186969	0.6826154428075512	100.06866814964847	-11.05962604514376	-11.05962604514376	-227.1943093055092	-229.79932711307788	-147.4620545027278	58.42643358082164	-8.247367319578386	233.16729830434116
0.3758374042884443	245.47889322580892	0.7062494458698244	589.9068190557841	567.135176640841	560.309710525469	-452.5330901569232	-517.4109287072911	-586.2387954625136	467.0260540803085	-194.04798900758183	625.3605247066331	-167.29890313240256	182.7362968272794	-79.33798649661185	211.3926884922419	-64.51058371864814	9.07066313806178	248.38390788567222	-12.504098172267776	-31.200263779569283	43.70680066994811	72.09051515435767	474.81209010370577	97.87928350474735	64.51058371864814	696.6546703046208	264.0960452556029	12.504098172267776	54.24689044780707	280.46952252556923	152.22743561147064	14.71157647548868	14.993184115186969	0.6826154428075512	97.45653196045903	-10.426588151493648	-10.426588151493648	-234.75453709954357	-231.69764316238852	-148.78408200917372	57.699030569030015	-7.645562757706779	220.85611925136496
0.3981071705534973	219.78844534545325	0.7078606432071309	592.0454968742528	571.9845068961046	567.1989915773477	-457.41712575059086	-521.0684077040854	-588.8020962160595	454.37235744054925	-186.46180023764018	612.6919423017279	-161.0403479989482	181.29484112769185	-76.27658833471584	206.62360069190703	-61.80969419793491	8.594814704532375	244.69848180686094	-11.890170721727277	-30.779082731204507	43.58004852973056	70.92066851809984	477.82143610446263	96.06316994762552	61.80969419793491	714.8322468920438	258.42031460517785	11.890170721727277	53.07791223513118	291.7025964032168	149.7759389222653	14.71157647548868	14.993184115186969	0.6826154428075512	95.10470086650898	-9.712994620593715	-9.712994620593715	-242.13361567706795	-233.49236884930713	-150.0521861212015	57.22715110877941	-6.966416653226987	209.78221656939422
0.4216965034285822	194.50462550417961	0.7095040621119308	591.59476258532	574.2189879956593	571.4638400549555	-456.88580918343166	-518.7140574949973	-584.7042949191899	446.5709700699266	-177.7685918712528	611.4976817304024	-153.60804556078025	186.56499855239335	-73.22160490577475	200.80825663130784	-59.13932866535549	8.207696187096666	238.89467833839964	-11.290605518358927	-30.2732905808054	43.35533299168818	68.77248551080777	478.9764562635204	94.45786981354065	59.13932866535549	729.2149310375955	253.3147031032703	11.290605518358927	51.81931205989642	301.19213106591417	147.5898903749267	14.71157647548868	14.993184115186969	0.6826154428075512	92.24176559684182	-9.282778429967593	-9.282778429967593	-249.31691765078145	-235.1758019095699	-151.25529710171438	56.21019341216392	-6.58310466392322	196.80706001174084
0.44668359215096304	172.93967031918862	0.7111717375447278	589.3214586562528	574.7796277642171	574.2035282986515	-458.39777520704524	-518.8411232823427	-583.5393820146066	431.2903783300888	-169.46947211228652	594.8382628036846	-146.61251069700825	183.81583404861976	-70.06001112105987	194.0073358878835	-56.43950979162883	7.5718999637577244	232.0350870455762	-10.697139135166903	-29.749859813276462	43.044880009435644	66.26866397200396	479.95161339833845	91.59386410732624	56.43950979162883	744.2094828524504	245.11582705653777	10.697139135166903	50.498276778711464	311.1946747204165	143.8231562930193	14.71157647548868	14.993184115186969	0.6826154428075512	88.9141078705159	-8.807313623225062	-8.807313623225062	-256.35607008502626	-236.67526633399814	-152.3683274421077	54.752184213057554	-6.169205738619378	185.36797887376014
0.4731512589614803	153.69810521993952	0.7128557782825944	587.5628044531111	575.8498747854626	577.461455518253	-459.6083166022601	-518.7727424561194	-582.2772133046234	417.76691018830536	-161.41753745235897	581.4400632523858	-139.85161174899577	182.59330286389311	-66.91222584872219	187.78187007784084	-53.75271576752026	7.073888685234281	226.13096854504897	-10.11448567233484	-29.13576339348048	42.59682240571187	64.34000914892158	480.4644283502369	89.21493772742399	53.75271576752026	758.0990814368872	238.08916655658098	10.11448567233484	49.07441934722164	320.8460437462053	140.54205956090087	14.71157647548868	14.993184115186969	0.6826154428075512	85.87055636677061	-8.1959771727591	-8.1959771727591	-263.18779645230705	-238.06595151585708	-153.43590627590794	53.56252578968018	-5.626941802233251	174.39112051971142
0.5011872336272725	136.00303923491387	0.7145476403655242	585.707769465253	576.7739439763426	580.5583553611442	-458.714433015646	-516.4718262608251	-578.6291062505289	408.1664783078146	-153.2978032328253	576.1453003759631	-132.95201364369623	185.6395512329026	-63.85140064684117	181.9342159999241	-51.14057684820112	6.647804526834898	220.75173361627392	-9.551618366292635	-28.452195624931278	41.96609362026237	62.79882994851867	480.0416056112384	87.50166255940111	51.14057684820112	769.719928866051	232.58479412608736	9.551618366292635	47.59853353937085	329.5258697102576	137.9010400658764	14.71157647548868	14.993184115186969	0.6826154428075512	83.00927411532919	-7.541593763707292	-7.541593763707292	-269.7630889388297	-239.38490543518608	-154.456875463769	52.496082466441976	-5.037490356627579	163.23399424705968
0.5308844442309885	120.63017629532726	0.7162392362221531	580.8206077792189	574.6019440163069	580.5054310072808	-458.80577441072404	-515.4154517810147	-576.488816840076	390.9025611056096	-145.48697928000783	554.7480791010229	-126.36308930259685	180.2518252612326	-60.764640615862454	174.6649673355842	-48.54148920716933	6.164100534466943	212.81777056414262	-9.000822497486586	-27.7351862992306	41.28365925745964	60.04699725064541	479.3509851644973	84.1240189537296	48.54148920716933	781.117159687035	223.50019190579226	9.000822497486586	46.067583135974104	338.22198411634633	133.4123320004742	14.71157647548868	14.993184115186969	0.6826154428075512	79.47559713028026	-7.18828040165062	-7.18828040165062	-276.15202780520383	-240.57206065332923	-155.41243277530685	50.7199734099709	-4.772447971877723	153.0447290667429
0.5623413251903491	106.66084390056471	0.7179223035987783	575.6752927474953	572.1536938134154	580.1838127897103	-457.36576645350226	-512.7639059901345	-572.6691797651187	376.0859039669609	-137.62970949651688	538.4862873442652	-119.68268389058119	177.61825513851548	-57.70479113543372	167.51884775523553	-45.98828381403476	5.725335231027785	205.14510424889951	-8.466389938806476	-26.968710197871996	40.54762369791639	57.487655455287495	477.8293777424416	81.14894363941428	45.98828381403476	790.7384729191895	215.27388879765206	8.466389938806476	44.48539876139862	346.11115265456084	129.33571141172246	14.71157647548868	14.993184115186969	0.6826154428075512	76.01355325771854	-6.745945142506378	-6.745945142506378	-282.310064377526	-241.64847754572054	-156.3011060918787	48.979895819508606	-4.416263388378641	142.9440165229101
0.5956621435290104	94.34294542984925	0.7195893384444345	570.7827197812697	569.8904981747511	580.0118854789557	-455.99748491115565	-510.3101428118181	-569.16866660547	361.887526143793	-130.13405580080232	522.8839582143138	-113.31610579301	175.08369300798594	-54.73102621875499	160.89633327397362	-43.50840788117666	5.327781485094965	198.33467897373157	-7.951459739185843	-26.157530778114612	39.66894022145305	55.4590282015818	475.95159697785635	78.45126316778558	43.50840788117666	799.292630261159	207.6985677998807	7.951459739185843	42.87268463610222	353.57986194566655	125.46398914796343	14.71157647548868	14.993184115186969	0.6826154428075512	72.81016099935107	-6.208531727282352	-6.208531727282352	-288.21118048869306	-242.65282493640314	-157.14754292657847	47.44032252266034	-3.9612986675184247	133.46606631050344
0.630957344480193	83.31150143691505	0.7212326112783779	565.4012925455446	567.076132138532	579.2486033855146	-453.7986186199241	-507.0341632660451	-564.8406772760829	348.4362407980638	-122.76054212401071	508.64209474179586	-107.03540125050581	173.21679828113454	-51.7982143224658	154.29598663087924	-41.07753374145634	4.93283175470776	191.57707045307575	-7.453375900386914	-25.3145594498827	38.710259595386354	53.52784574501503	473.43884080631045	75.87453569093125	41.07753374145634	806.4265025204895	200.3627763889098	7.453375900386914	41.226231579581366	360.39939222984	121.65583866767697	14.71157647548868	14.993184115186969	0.6826154428075512	69.63018336579925	-5.647878898296761	-5.647878898296761	-293.88847210984704	-243.56460505192393	-157.94718579149938	45.87913540059115	-3.487757141055128	124.32901042247556
0.6683439175686149	73.54091029981595	0.72284565919368	557.7178731265344	561.7712312001851	575.8314303295745	-451.34171738558143	-503.568350345281	-560.3832965656912	331.2243301945024	-115.63426918591216	486.1349125488607	-100.95170629399213	166.9022157834885	-48.9382508440776	146.81576587863714	-38.721303745599734	4.571895627722365	182.8898851202662	-6.974954187034548	-24.445552401299878	37.702940344245825	50.64039744469802	470.493973592897	72.29486966711366	38.721303745599734	812.3962346393997	191.00566775632572	6.974954187034548	39.56706650666044	366.66345255472305	116.75951894332958	14.71157647548868	14.993184115186969	0.6826154428075512	66.04488123678897	-5.381988612461412	-5.381988612461412	-299.31712593222096	-244.39682307624892	-158.69241369366378	43.82703920782331	-3.3217571154114816	115.69427120028192
0.707945784384138	64.84124376998555	0.7244221430696447	550.3626218674758	556.7319767973511	572.6465727785474	-448.2925261742959	-499.5307724761385	-555.363662954291	315.96655336733835	-108.71352755984093	467.3047139430948	-95.0245845023971	162.37570403025913	-46.15106832655751	139.8248322787663	-36.43680981780263	4.2326418468725935	175.090120112691	-6.51587015758552	-23.550571297951223	36.62530800423158	48.257037604799145	467.0256068572432	69.18940314857946	36.43680981780263	816.9999262679195	182.6554149270882	6.51587015758552	37.89378186692261	372.2689787414822	112.31491171398204	14.71157647548868	14.993184115186969	0.6826154428075512	62.70680354894137	-4.984383825172057	-4.984383825172057	-304.501261224976	-245.15175979235835	-159.388093744021	41.97126620168929	-3.016388485364991	107.46383162995339
0.7498942093324559	57.13602133346565	0.7259567718290556	542.9991474195796	551.5907759882589	569.2933267780761	-444.90949306768505	-495.20157795135344	-550.0864644505325	301.5396089497785	-102.04870812486121	449.72446565744906	-89.30616545506841	158.32832399151837	-43.44607053019565	133.15422369843972	-34.22901953066733	3.912252752784182	167.801480679936	-6.076577546953811	-22.642530235063155	35.49913142083055	46.16341058284374	463.145254425573	66.29812680795227	34.22901953066733	820.4210323015011	174.78068239013808	6.076577546953811	36.22156525824586	377.27332242242613	108.05921998825775	14.71157647548868	14.993184115186969	0.6826154428075512	59.53429640080998	-4.527589786865334	-4.527589786865334	-309.44217399095925	-245.8384514608603	-160.04097497219735	40.222244335629746	-2.6480865721682156	99.69315711681294
0.7943282347242814	50.30460606020415	0.7274448190608103	534.9647563978607	545.6238312122802	564.9826480307255	-441.1042495662804	-490.47427861041416	-544.4264043781859	286.8724653669845	-95.65689257569177	431.10207430592345	-83.81261028318237	153.53609125748548	-40.83469204903358	126.47865924189156	-32.101484733472695	3.6176340118020915	160.2846920900027	-5.657243971563997	-21.72204785287818	34.30887040126518	43.978062802183686	458.8456159743637	63.304585852042244	32.101484733472695	822.5616050102288	166.75582814382213	5.657243971563997	34.55411528898923	381.61928272661316	103.65169250448798	14.71157647548868	14.993184115186969	0.6826154428075512	56.373361677868886	-4.145811969551744	-4.145811969551744	-314.14093231590624	-246.4674285466886	-160.65830426269952	38.41206487407046	-2.3591362379867116	92.34790727178515
0.8413951416451948	44.253202556626825	0.7288821626527673	525.7879396943657	538.3419100199893	559.207207062847	-436.8907094825772	-485.35683762605174	-538.3858493372015	270.97948950487535	-89.50429849913442	409.42663879667776	-78.50735202629713	146.97424672880706	-38.31186861386134	119.51275885353792	-30.057466079764474	3.3454765519885328	151.99390514622465	-5.258010480556872	-20.794768742801434	33.09512279425359	41.39627529126162	454.13211868042134	59.936004874324446	30.057466079764474	823.467930681299	157.98940189219647	5.258010480556872	32.89949563490486	385.3004608500713	98.82013950540203	14.71157647548868	14.993184115186969	0.6826154428075512	53.09284441699322	-3.894864913895413	-3.894864913895413	-318.59933041635026	-247.0341858341387	-161.2288653990896	36.404709522016375	-2.2047723678826765	85.41827098338105
0.8912509381337459	38.90040895761914	0.7302656265608392	516.8051464350817	531.1550695562681	553.4531139692447	-432.31691033864024	-479.89572007327627	-532.0104512346451	256.3787130602889	-83.60223894288985	389.9568956267984	-73.40468331609766	141.3848863080536	-35.880784040539574	112.96323594413715	-28.09720062965801	3.09071298131683	144.38230738917974	-4.878760127180295	-19.866998976598705	31.862239197824326	39.16413439937196	449.0421124896917	56.88425916462614	28.09720062965801	823.1966784170226	149.91477307526233	4.878760127180295	31.26435906453036	388.3289003836865	94.30800291709359	14.71157647548868	14.993184115186969	0.6826154428075512	50.022773333186635	-3.5656587428543607	-3.5656587428543607	-322.82239660018536	-247.5440704000695	-161.7580674327865	34.550180782285295	-1.964147164751735	78.89926035139142
0.9440608762859236	34.16996198020938	0.7315928415757836	507.958202347036	523.9848502800772	547.6187932892719	-427.40578550370105	-474.1100250247745	-525.3159990382502	242.95740335981728	-77.97937023894757	372.4013125285615	-68.53511607352337	136.58497188624537	-33.55155686559415	106.81996944999132	-26.222623551937417	2.8546179332041204	137.37480601638657	-4.519374827450694	-18.94273076611695	30.59754580259312	37.242449852295564	443.6115044845045	54.11663307482376	26.222623551937417	821.7563963630623	142.4871303806108	4.519374827450694	29.654807011973958	390.7000324085819	90.07762203071609	14.71157647548868	14.993184115186969	0.6826154428075512	47.15560567008696	-3.194017203871504	-3.194017203871504	-326.8135928454067	-248.00760899896449	-162.25508612219267	32.837289536726445	-1.6763436393472804	72.77879744496977
1.	29.992940500324128	0.7328616303377504	498.2641171390525	515.7800246169031	540.5791398684729	-422.17571416043404	-468.0140548661663	-518.3131365485166	228.75172779227296	-72.63459037277914	352.616244429487	-63.898169514125364	130.38698798208338	-31.326101784831334	100.54716210743383	-24.43474488856875	2.636906237384756	129.84424158153783	-4.179598312982057	-18.02543412919794	29.30857777295067	35.03553896571016	437.8636098975023	51.09318424411522	24.43474488856875	819.180574791707	134.58177990509037	4.179598312982057	28.076005742014694	392.41765708315074	85.5471204908084	14.71157647548868	14.993184115186969	0.6826154428075512	44.243187070579914	-2.9482904642437946	-2.9482904642437946	-330.57894546773645	-248.42935643399912	-162.72111361899954	31.001900111666544	-1.5201411446873427	67.04290449222624