#, 1.k[h/Mpc], 2.PSL,  3.f(k),  4.P22dd, 5.P22dt, 6.P22tt, 7.P13dd, 8.P13dt, 9.P13tt, 10.I1udd1A, 11.I2uud1A, 12.I2uud2A  13.I3uuu2A, 14.I3uuu3A,  15.I2uudd1B,   16.I2uudd2B, 17.I3uuud1B, 18.I3uuud2B, 19.I3uuud3B, 20.I4uuuu1B,  21.I4uuuu2B,  22.I4uuuu3B, 23.I4uuuu4B, 24.I2uudd1C ,   25.I2uudd2C , 26.I3uuud1C , 27.I3uuud2C , 28.I3uuud3C , 29.I4uuuu1C ,  30.I4uuuu2C ,  31.I4uuuu3C , 32.I4uuuu4C, 33.sigma2, 34.sigma2v, 35.f0, 36.Pb2b1,  37.Pbs2b1,  38.Pb22,  39.Pb2s2,  40.Pbs22,  41.Pb2theta,  42.Pbs2theta,  43.sigma32*pk 
0.001	1635.7265085135061	0.6826217360586818	0.00011506452473652144	0.00008035715444839344	0.00013829698006295299	-0.014607763644122031	-0.033024908411724806	-0.05144239273155439	-0.0012024348015050143	-0.03767039060139474	-0.037516133361976664	-0.0375059122205707	-0.03614933539242497	-0.07564729601167225	0.0001951116917043332	-0.09237171265462422	0.00003065239792230146	0.000010671215286134617	-0.0335693555198298	-7.920844516732442e-6	8.044316165374014e-8	2.369006475292885e-6	0.07580291770153896	-0.00006965123598893678	0.09237171265462422	0.00005202461677576626	0.000010891781169322248	0.0335693555198298	0.00011789931421570649	1.5424550466075936e-7	3.5662620852414557e-6	15.530378733317317	17.34070639584312	0.6826154434317804	-0.004968239156976866	-0.0033744889322853636	-0.0033744889322853636	-0.011956408709725771	-0.08106261554236122	-0.10247821047375798	-0.04771311548578642	-0.03170680130217848	0.0760634298359247
0.0010592537251772887	1725.7525893364934	0.6826225039031991	0.00014474067854666542	0.00010102709377806811	0.00017304040143553343	-0.017291301564975808	-0.03908858402010593	-0.06088631738345947	-0.0014079006831812012	-0.044587824164967906	-0.04439171009319744	-0.04438239806372405	-0.04277852660659634	-0.0848643309977838	0.00024472088717205216	-0.10361821886180878	0.000038538601992378956	0.000014073811786146922	-0.037650619432986865	-9.953728540555526e-6	1.0733611251431626e-7	3.1314761139428595e-6	0.08505938446000913	-0.00008692111155960777	0.10361821886180878	0.00006542101485333163	0.000014381842838480125	0.037650619432986865	0.00014733111464789348	2.0793213994033504e-7	4.718265974270848e-6	15.530378733317317	17.34070639584312	0.6826154434317804	-0.005560664206667492	-0.0037856123593888067	-0.0037856123593888067	-0.013414397459846291	-0.09093984118724727	-0.11492729230539962	-0.05351367680990112	-0.0355490972264626	0.09001992324788803
0.001122018454301963	1820.4039837316848	0.682623365425447	0.00018208559839569418	0.00012703255304251872	0.0002164749522647534	-0.020464032274943374	-0.046256640044028255	-0.07204984647502931	-0.0016470359853997404	-0.0527651806623408	-0.05251633456609688	-0.05250872247471611	-0.05061301848303729	-0.09520262581363828	0.0003068905557467957	-0.11623082056855503	0.00004844667503392436	0.000018582823198726205	-0.042226186778263994	-0.000012506992086566095	1.4353262911310423e-7	4.152445978474487e-6	0.09544704080068939	-0.00010840430315329721	0.11623082056855503	0.0000822600430876509	0.000019011674305991057	0.042226186778263994	0.00018403736641566407	2.803872516114112e-7	6.255068869030771e-6	15.530378733317317	17.34070639584312	0.6826154434317804	-0.006221896143206456	-0.004246797021325603	-0.004246797021325603	-0.015050044495521735	-0.10201872795524031	-0.12888174972373972	-0.06001662043164929	-0.03985375343611595	0.10651543290854774
0.001188502227437019	1919.868283983892	0.6826243320523554	0.000229089619744663	0.00015976031189191724	0.00027076701648076667	-0.024214038338447146	-0.054727622868814316	-0.08524200205531351	-0.0019249765996146504	-0.06242891917735507	-0.06211375494365027	-0.06210889559516523	-0.05986897591534659	-0.10679813861093265	0.00038478692483915483	-0.1303746597995331	0.00006089247171772915	0.000024565644698066402	-0.04735546475345948	-0.000015713359327424705	1.9132622834056205e-7	5.52431812945762e-6	0.10710432531895733	-0.00013510358001408553	0.1303746597995331	0.00010342215304293258	0.00002516244807804166	0.04735546475345948	0.00022979313881019609	3.7763855624740963e-7	8.309178755312425e-6	15.530378733317317	17.34070639584312	0.6826154434317804	-0.006959456747482664	-0.004764141277066964	-0.004764141277066964	-0.01688495894748782	-0.11444500086406133	-0.14452193287866819	-0.06730629244952048	-0.044675633012927894	0.12600554718602858
0.0012589254117941675	2024.3346401554388	0.6826254166042409	0.000288104890811625	0.00020080450301113016	0.0003384662477097849	-0.028644973768271735	-0.06473508498838874	-0.10082625077244757	-0.002247702437654887	-0.07384541301431413	-0.07344727835909726	-0.07344625781907553	-0.0708006951188428	-0.1198032016791067	0.00048228950842637663	-0.14623464596703167	0.00007652263787504388	0.00003235473734065939	-0.053104889315022816	-0.000019739122651851717	2.5474045504524747e-7	7.293758364930822e-6	0.12018666383343508	-0.0001683312919342759	0.14623464596703167	0.00013001338834825476	0.0000331843235913013	0.053104889315022816	0.0002867994181725641	5.08213395237484e-7	0.000010980873921300764	15.530378733317317	17.34070639584312	0.6826154434317804	-0.007781607781014747	-0.005344514200794165	-0.005344514200794165	-0.018943377127900524	-0.12838194499899433	-0.1620494001440362	-0.07547703128624714	-0.050075952564425014	0.14902591466724116
0.001333521432163324	2133.993997612735	0.6826266334646006	0.00036231630062163897	0.0002523991680391473	0.00042297671153787136	-0.03387876131323054	-0.07655362053104442	-0.1192298788674178	-0.0026217715777561343	-0.08732781181295543	-0.08682581971625329	-0.08683020620638258	-0.0837067826638326	-0.13438846521832284	0.0006043537052144441	-0.16401777405672277	0.00009614745021316266	0.000042623095123559334	-0.059548730409164155	-0.000024792677622086463	3.41784509217943e-7	9.640187506976899e-6	0.13486856258179664	-0.00020959293564178842	0.16401777405672277	0.00016342450488775756	0.000043771233815954775	0.059548730409164155	0.0003577830590163443	6.841992528221629e-7	0.000014522177517409715	15.530378733317317	17.34070639584312	0.6826154434317804	-0.00869729989372458	-0.005995590462076016	-0.005995590462076016	-0.02125248804059314	-0.14401249742088199	-0.18168932111582833	-0.08463421505956689	-0.056122913088265135	0.17620596835059935
0.001412537544622754	2249.0366780607364	0.6826279987705569	0.0004556868116439373	0.00031731003173109004	0.0005284895731450188	-0.04005870071691764	-0.09050581094273652	-0.14095477690135466	-0.0030545564378694893	-0.10324392505098308	-0.10261198659432215	-0.10262391150780933	-0.09893783782632484	-0.15074506811398905	0.0007571484787442118	-0.18395570371149547	0.00012078067191053274	0.000056213557866354096	-0.06676998339336236	-0.00003113560227423028	4.5980232259249714e-7	0.000012781088018093609	0.15134596415019372	-0.0002607581910390401	0.18395570371149547	0.00020539597996491145	0.00005779824985850044	0.06676998339336236	0.0004461200914870006	9.202141073402413e-7	0.00001924359448900826	15.530378733317317	17.34070639584312	0.6826154434317804	-0.00971624920808985	-0.006725997502242493	-0.006725997502242493	-0.02384273223492622	-0.16154153992906636	-0.20369310433729249	-0.0948955644221413	-0.06289249731653895	0.20828469331271077
0.0014962356560944327	2369.6484761150705	0.6826295306264546	0.0005731449416869848	0.00039896057275897297	0.0006601634692083397	-0.047353047571150796	-0.10697021028897859	-0.16658983363585306	-0.0035543269278342877	-0.12202535395626733	-0.12123097468486378	-0.12125324631597888	-0.11690506117932273	-0.16908705400716445	0.0009483463984536742	-0.20630762424790655	0.00015169246559857007	0.00007417881085165326	-0.07486135400380159	-0.00003909458590988076	6.156361022398226e-7	0.000016978388378665663	0.16983889275973899	-0.00032414823973807636	0.20630762424790655	0.00025810584249860686	0.00007636786787765117	0.07486135400380159	0.0005559851175331644	1.23615307017911e-6	0.000025528485411934664	15.530378733317317	17.34070639584312	0.6826154434317804	-0.010848954125770768	-0.00754543705990714	-0.00754543705990714	-0.026748285593040207	-0.18119855109414143	-0.2283413552704753	-0.10639252558342432	-0.07046929711309095	0.24612872074556247
0.001584893192461114	2496.012737206887	0.6826312493434359	0.0007204582206315976	0.0005012343075249147	0.0008239969349926352	-0.05595927928856838	-0.12639085209321774	-0.19682568654390264	-0.004130759988125113	-0.14417822353564658	-0.1431820012164808	-0.1432172684416233	-0.13809092999966716	-0.1896540606972692	0.0011872937860324727	-0.23136343630745623	0.00019047139107527202	0.00009747549419169117	-0.08392634571446576	-0.00004907869810418879	8.256562156609333e-7	0.000022363844424708955	0.19059442716061448	-0.0004028250875080333	0.23136343630745623	0.0003242934701963951	0.00010049450485751903	0.08392634571446576	0.0006925364816780386	1.6610637687244064e-6	0.000033673021062145586	15.530378733317317	17.34070639584312	0.6826154434317804	-0.012106790489133858	-0.00846487656748759	-0.00846487656748759	-0.030007436500519884	-0.20324044992934961	-0.25594705691157266	-0.11927188405536848	-0.07894746699568568	0.2907538389390655
0.0016788040181225606	2628.3101144877724	0.6826331777081248	0.0009057077684711753	0.000629848992818261	0.0010282743518232062	-0.06610902893009533	-0.1492882253847873	-0.232471743768146	-0.00479381893271491	-0.17029568546025176	-0.16904811826292548	-0.16910042121267743	-0.1630598297268718	-0.2127143162980909	0.0014860527809505664	-0.2594472785496613	0.00023910385302853123	0.0001282198838808232	-0.09408045733541374	-0.00006160002870857421	1.113349010045935e-6	0.000029543812547554806	0.21389004700378048	-0.0005001271728398243	0.2594472785496613	0.00040739192363165673	0.00013237076178940674	0.09408045733541374	0.0008621414272004496	2.233051085441351e-6	0.00004450097696211853	15.530378733317317	17.34070639584312	0.6826154434317804	-0.013501691301502628	-0.009496515893692017	-0.009496515893692017	-0.03366312036240057	-0.2279548395120055	-0.2868591172298407	-0.13369713809756184	-0.0884315152479583	0.3433497753736574
0.0017782794100389228	2766.713180699839	0.6826353412839432	0.001138710674906063	0.0007916514180418691	0.0012829432999586245	-0.07807368234536458	-0.1762716981828608	-0.27447543878670627	-0.005554590253414959	-0.20107196305874395	-0.1995116066120707	-0.1995862093481182	-0.19247224212870037	-0.2385679722202446	0.0018594894726823657	-0.2909214335332428	0.00030006998003699847	0.00016884033753352093	-0.1054524996469331	-0.00007729993642505442	1.5012587369250434e-6	0.000039148335597386197	0.2400373979616618	-0.0006202904914372545	0.2909214335332428	0.0005116907775634945	0.00017454048759959231	0.1054524996469331	0.0010726520706420266	2.999862060778728e-6	0.000058922323370339975	15.530378733317317	17.34070639584312	0.6826154434317804	-0.015046325959397403	-0.010654135912282094	-0.010654135912282094	-0.03776338070505978	-0.2556635252115596	-0.3214661962284006	-0.14985056111497175	-0.09903753584899444	0.4053081695372229
0.0018836490894898002	2911.3778848652405	0.6826377687490041	0.0014313833973771868	0.0009948321691970732	0.0015999362118401775	-0.09217070644160873	-0.20805352757081558	-0.32394392862549193	-0.006425668696557946	-0.23731836138864845	-0.2353701776393455	-0.23547276065040781	-0.22710011386143047	-0.2675507984959923	0.0023259073041182058	-0.32619064495049493	0.00037647067241499245	0.00022210463385411778	-0.11818603928793883	-0.00009697778052759245	2.0140236267841772e-6	0.000051805750368703767	0.26938651967741883	-0.0007686845102336936	0.32619064495049493	0.0006425495296507544	0.00022993792395169357	0.11818603928793883	0.0013337378114281723	4.025465795085724e-6	0.0000779305937858806	15.530378733317317	17.34070639584312	0.6826154434317804	-0.016754031377762213	-0.011953319662279768	-0.011953319662279768	-0.04236218557032621	-0.28672661756636314	-0.3602010125231683	-0.16793522066718305	-0.11089436918597004	0.47825401820329927
0.001995262314968879	3062.449008473804	0.6826404922749849	0.0017983505681133177	0.0012493699252581125	0.001993759637125626	-0.10877133606077377	-0.24546585491607392	-0.3821704057435853	-0.007421043290013779	-0.2799823302388134	-0.27755546054026486	-0.2776913465809476	-0.26784491545734035	-0.30003827543532535	0.0029078712402783053	-0.36570688528342243	0.0004721727040784264	0.0002913178433223662	-0.132440979460388	-0.00012163369081063017	2.7142761680292785e-6	0.00006817917838233847	0.3023305930432867	-0.0009520279469302274	0.36570688528342243	0.0008067134413660814	0.0003020516309697586	0.132440979460388	0.0016572959408300437	5.403861029725193e-6	0.00010268676548238985	15.530378733317317	17.34070639584312	0.6826154434317804	-0.018638674058997443	-0.013411656430746226	-0.013411656430746226	-0.047519940357892206	-0.3215468122060376	-0.40354485200749557	-0.18817715285528977	-0.12414479986863784	0.5640837594803562
0.0021134890398366475	3220.0599134758563	0.6826435479519375	0.0022595852901578905	0.0015694116232824792	0.0024839885757447612	-0.12830933901634134	-0.28948002821973173	-0.4506639885868279	-0.008553957773833856	-0.33016944765036343	-0.3271501766632257	-0.3273277105417479	-0.3157563002631983	-0.33645014720726785	0.003634245690252806	-0.4099746074197889	0.0005919967776857673	0.00038246592274001907	-0.14839528468412821	-0.00015251635043582866	3.6693574866177226e-6	0.00008998589818916341	0.33931129964830314	-0.0011776756537153592	0.4099746074197889	0.0010125999617497945	0.00039713990710657716	0.14839528468412821	0.0020579443748397637	7.256539472395098e-6	0.00013555169983622278	15.530378733317317	17.34070639584312	0.6826154434317804	-0.02071393645431241	-0.015048732973639782	-0.015048732973639782	-0.05330432038378759	-0.36057432660721134	-0.45203260732982264	-0.21082722146113742	-0.1389466006690956	0.665008420624189
0.00223872113856834	3384.3266311241728	0.682646976264559	0.002839434084614849	0.001972001440897223	0.0030941530818733454	-0.15129090079641058	-0.3412283173526839	-0.5311832815770176	-0.009838585414357219	-0.3891679352384524	-0.3854156237811208	-0.38564579014590844	-0.3720571210560905	-0.3772554493406223	0.004540551012675302	-0.4595565207167413	0.0007419531764447303	0.0005026295501384565	-0.16624685696684674	-0.00019118228316110947	4.950220772830874e-6	0.00011912242591003375	0.38082483838611336	-0.0014548673100026495	0.4595565207167413	0.0012706973963363362	0.00052268128013742	0.16624685696684674	0.0025536202136423026	9.736962092332329e-6	0.0001792554408857742	15.530378733317317	17.34070639584312	0.6826154434317804	-0.022993476050292325	-0.016886771336809592	-0.016886771336809592	-0.05979116951215008	-0.40431233405362177	-0.506258202869204	-0.23616411691617567	-0.1554742609091728	0.7836019005792286
0.0023713737056616554	3555.339394343397	0.6826508226260676	0.0035661522677086083	0.0024762691789265738	0.003851126158525628	-0.1783057755201778	-0.4020283162897899	-0.6257740471581201	-0.01129180001353757	-0.4584760554672469	-0.45382238300722316	-0.4541141603425198	-0.4381714121219656	-0.42297805547323086	0.005669723927493448	-0.5150799315737595	0.0009295192586444881	0.000658766593954036	-0.18621557115585455	-0.00023957238179166164	6.648955707455346e-6	0.000156948424455866	0.4274286843556224	-0.0017958919995115295	0.5150799315737595	0.0015941095128626623	0.0006861721232474746	0.18621557115585455	0.003166306097808314	0.000013054511213019517	0.00023624562083747244	15.530378733317317	17.34070639584312	0.6826154434317804	-0.02549091708788177	-0.018951247264443666	-0.018951247264443666	-0.06706536509953424	-0.4533228707267299	-0.5668803750156771	-0.2644974843139453	-0.17392072877589704	0.9228549679242414
0.0025118864315095794	3733.166692369042	0.6826551379766583	0.004477127734265206	0.003108268686336425	0.004790231382007597	-0.21004060026514793	-0.47341200821176893	-0.7368140458954054	-0.012928407490697819	-0.5398347166177927	-0.5340729163728133	-0.5344374975398879	-0.5157506146454282	-0.47420276502033026	0.007075879804594406	-0.5772436778024009	0.0011639960074948774	0.0008620086408388303	-0.20854547272714138	-0.0003001045746412637	8.973589999450707e-6	0.00020626800611251795	0.47974915959841063	-0.002214645810848788	0.5772436778024009	0.001999299666644825	0.0008993623550219919	0.20854547272714138	0.003922901330184498	0.00001751412326519026	0.00031080991888764517	15.530378733317317	17.34070639584312	0.6826154434317804	-0.028218377920873255	-0.021270602458461674	-0.021270602458461674	-0.07522191333897353	-0.5082334117783265	-0.6346289043914111	-0.2961698899171965	-0.1944982584278297	1.0862393920095068
0.0026607250597988083	3917.8542792149124	0.6826599794541948	0.0056212450689129565	0.00390269129420343	0.0059570912316668	-0.24729399186562392	-0.5571585761131926	-0.8670635924281122	-0.014760448944610836	-0.6352647428569306	-0.6281370968661404	-0.6285924828443412	-0.6067084372052253	-0.5315820753089795	0.008827141576078647	-0.6468256968636603	0.0014569376738641918	0.0011289405588251515	-0.2335071411114282	-0.0003757884494389913	0.000012124347410476746	0.00027184250011019165	0.5384900163845716	-0.0027267690705824084	0.6468256968636603	0.002506709825657463	0.0011797709791593453	0.2335071411114282	0.00485627098359439	0.000023497797580223318	0.0004095983470682661	15.530378733317317	17.34070639584312	0.6826154434317804	-0.03118551171466743	-0.02387677296420422	-0.02387677296420422	-0.08436731115050024	-0.569744280852282	-0.7103114314804262	-0.3315596851283537	-0.21744009776355508	1.2777799403599397
0.002818382931264455	4109.417408891757	0.6826654111457843	0.007058511987208649	0.004901819979483558	0.007406851055815038	-0.29099337265617714	-0.6553307649318652	-1.0197214949238802	-0.016798282080753707	-0.7471071773445459	-0.7382952133385429	-0.7388664690356961	-0.7132611433737166	-0.5958435703091289	0.011007265469097822	-0.7246912677491475	0.0018226760507391777	0.001479875928087315	-0.2614002204778311	-0.00047036903597441685	0.00001631548046478498	0.00035930902271387195	0.6044420335877535	-0.0033515062384643743	0.7246912677491475	0.003141757227878678	0.0015490292806272297	0.2614002204778311	0.006006510514422207	0.00003149984860101352	0.0005406747306421894	15.530378733317317	17.34070639584312	0.6826154434317804	-0.034399189496561636	-0.0268061869617914	-0.0268061869617914	-0.09462056417925266	-0.6386364134061808	-0.7948204082400658	-0.3710848665224849	-0.24300260493767445	1.502133611894703
0.0029853826189179603	4307.8294134860935	0.6826715049298787	0.008854009022445987	0.006148721865865599	0.00919773587160228	-0.34221366334141706	-0.7703150202224103	-1.1984866925814002	-0.01905989600695133	-0.87806811832922	-0.8672014385112419	-0.867900373101823	-0.837979761614438	-0.6677979747405532	0.01371471242247737	-0.8118019446845756	0.0022789873747338318	0.0019311412566393878	-0.2925561136615786	-0.0005884937383707913	0.00002190213085271496	0.00047100971768664047	0.6784937564394976	-0.00411680554491954	0.8118019446845756	0.003936169770876946	0.002025147405853098	0.2925561136615786	0.007422447302158674	0.00004220209096637012	0.0007095965711598562	15.530378733317317	17.34070639584312	0.6826154434317804	-0.037864506009568075	-0.030101798678838866	-0.030101798678838866	-0.10611492216066318	-0.7157802280258068	-0.8891406484867248	-0.41520863381428336	-0.2714683342772903	1.76467638972698
0.0031622776601683794	4513.0275089481875	0.6826783414195973	0.011104261864525062	0.007712673576393621	0.011416852508238177	-0.402199643829009	-0.9048693430729956	-1.4076316735266388	-0.021544039101041593	-1.0312719793437308	-1.017883496306131	-1.0187396483376374	-0.983814336819952	-0.748347935376993	0.01707835778274922	-0.9092251875066992	0.002847871416478398	0.002519442356455438	-0.32734082875462256	-0.0007359329477061826	0.000029517311770489944	0.0006177854056450742	0.7616435380082756	-0.005048607758867864	0.9092251875066992	0.004929654345182243	0.0026468883506457646	0.32734082875462256	0.009163437099390393	0.00005656915586332721	0.0009315109293150236	15.530378733317317	17.34070639584312	0.6826154434317804	-0.041577515585170095	-0.03380995184902937	-0.03380995184902937	-0.1189994086508987	-0.8021450477976677	-0.9943570726527261	-0.46443708454288435	-0.30314386585817565	2.071606264535422
0.003349654391578276	4724.911658000981	0.6826860110192592	0.013927224913634424	0.009677616776731885	0.014168692050974683	-0.4723909644482818	-1.0621764304787864	-1.6520838334352297	-0.024243076912852726	-1.210320497950094	-1.193829354060288	-1.1948905777350092	-1.1541650493255293	-0.8384977574132603	0.021256073852067844	-1.0181447374566501	0.0035565031383855894	0.003289536831155684	-0.36615797243445697	-0.0009198530639653801	0.0000397587857557794	0.0008124841292264585	0.8550132229997844	-0.00617864369490758	1.0181447374566501	0.006171281445035059	0.003462069593307714	0.36615797243445697	0.011301512342296247	0.000075793692910269	0.001224703007177744	15.530378733317317	17.34070639584312	0.6826154434317804	-0.045526596338594474	-0.03798403294392485	-0.03798403294392485	-0.1334404771999975	-0.8988095142543066	-1.1116629371780964	-0.5193260818436388	-0.33836434482968714	2.4300565799577014
0.0035481338923357532	4943.3334508409425	0.6826946151074417	0.017466748706359444	0.012145127705869117	0.01757846240948879	-0.554449396971296	-1.245901007642442	-1.937513003893934	-0.02714326959621836	-1.4193561435773394	-1.3990525536785747	-1.4003804824441157	-1.3529440690665517	-0.9393638047738142	0.026440758385977464	-1.1398717061881591	0.004438455068457124	0.004295779298012163	-0.40945186260905503	-0.001149114226171898	0.00005327984184207285	0.0010701711779350974	0.9598633167860028	-0.007545770718716874	1.1398717061881591	0.0077217779393450574	0.004529332977209884	0.40945186260905503	0.013923896515901313	0.00010142095895370295	0.0016112166832365831	15.530378733317317	17.34070639584312	0.6826154434317804	-0.04969013834605944	-0.04268562731162221	-0.04268562731162221	-0.14962467112737463	-1.0069732854796698	-1.242368439522329	-0.5804848140611814	-0.37749526434361075	2.8482167716875417
0.003758374042884443	5168.079712567389	0.6827042673613878	0.021874413918304383	0.015214785992701228	0.021773170022011488	-0.6502883590826325	-1.4602512249613475	-2.270424869331084	-0.03024647114376235	-1.6631285091409955	-1.6382040463422707	-1.639820381284662	-1.5846619586384905	-1.052185569247515	0.03285520121552297	-1.2758563618086818	0.005535074762188659	0.00558037018294417	-0.45771073620967123	-0.0014346786008852203	0.00007138385195706396	0.0013963889555460537	1.0776097995783538	-0.009209486967350394	1.2758563618086818	0.009657103610942307	0.005896004060045655	0.45771073620967123	0.017136007802544914	0.0001356823837704772	0.0021059341948463095	15.530378733317317	17.34070639584312	0.6826154434317804	-0.054039855574648916	-0.047989373593050284	-0.047989373593050284	-0.16775986485660144	-1.1279684001349706	-1.3879085226274084	-0.6485853597751173	-0.42093764232930975	3.3354597111509783
0.003981071705534973	5398.882872024816	0.6827150952392496	0.027393943457623665	0.019066065631627004	0.026963514747948156	-0.7621087524320852	-1.710052950177426	-2.6582739034814957	-0.033485744568501535	-1.9470765992968895	-1.9164883069844434	-1.9184829708395565	-1.8544238634815864	-1.1783378342669717	0.040800117342663256	-1.427700548370168	0.006897247842522883	0.007253715368796689	-0.5114700167329781	-0.001790098649401941	0.00009587183084890323	0.0018265109932023547	1.2098431913963623	-0.011212665767185045	1.427700548370168	0.012071443088793425	0.007679213570906178	0.5114700167329781	0.021064957784688577	0.00018149461648272198	0.002756400259224021	15.530378733317317	17.34070639584312	0.6826154434317804	-0.058517596170584545	-0.05397204403803035	-0.05397204403803035	-0.18807915245531445	-1.2632734396970617	-1.5498521569339752	-0.7243463663900237	-0.46911722329432376	3.902495195173321
0.004216965034285823	5635.420745017712	0.6827272416384182	0.0343068828449044	0.023900801037233545	0.03338611063224198	-0.8924382242791987	-2.0008301400462836	-3.1095850949425197	-0.03678628687126092	-2.277415551383376	-2.239878611744035	-2.242384299630945	-2.1680788165060663	-1.3193438201470187	0.050634076878397674	-1.5971707369725807	0.00858738548461772	0.009435237862857009	-0.5713155913702441	-0.0022321237233672263	0.00012850947033441764	0.0023953010145930007	1.3583499602105402	-0.013614413809419194	1.5971707369725807	0.015080667190509118	0.010008057042065652	0.5713155913702441	0.025863699478140018	0.00024252146062583114	0.0036126853183428764	15.530378733317317	17.34070639584312	0.6826154434317804	-0.06304626671815007	-0.060725606630474854	-0.060725606630474854	-0.21084220769390377	-1.414526914697019	-1.7299103325162082	-0.8085513955237488	-0.5224972483119342	4.561533189895882
0.0044668359215096305	5877.301221120408	0.682740866750253	0.042937447025551884	0.029944824720144664	0.041305351292829695	-1.0441724292459686	-2.3388877272737654	-3.6340787703469974	-0.04006490751974647	-2.6612254381667606	-2.6152105236668803	-2.6183667563823874	-2.5323079290165422	-1.476888861548096	0.06278342701111364	-1.7862115660649662	0.010682033223971247	0.012252167052480346	-0.6378870391951225	-0.002781347141260341	0.0001713137986216183	0.0031349334017853245	1.525136060338052	-0.01649484948878119	1.7862115660649662	0.018827528534860093	0.013023058262196598	0.6378870391951225	0.031715776217681534	0.0003235426491601916	0.004726552411658247	15.530378733317317	17.34070639584312	0.6826154434317804	-0.06752580248256063	-0.06836032740574671	-0.06836032740574671	-0.23633894745141745	-1.5835426436936084	-1.929944235645772	-0.9020526134897582	-0.581580641703344	5.326447819027533
0.0047315125896148025	6124.03980704732	0.6827561501335992	0.05366738458645486	0.037460260048349854	0.051027048568667285	-1.2206180271779625	-2.7313960285024703	-4.242796807675241	-0.043232280874074804	-3.106540606186286	-3.0502778940569564	-3.054181820246065	-2.954711547745681	-1.6528342059963335	0.0777565798133774	-1.9969596883960359	0.013274838547859536	0.01584699600018739	-0.7118807324990113	-0.003463078224556938	0.00022871429022396715	0.004076384378454301	1.712452455397739	-0.019956853256838776	1.9969596883960359	0.02349048690522518	0.01688198353643694	0.7118807324990113	0.03884087213615388	0.0004314519541694723	0.006155449063299703	15.530378733317317	17.34070639584312	0.6826154434317804	-0.07182696466123834	-0.07700531234375041	-0.07700531234375041	-0.2648934362739903	-1.7723253258145508	-2.1519720943928564	-1.0057723888543886	-0.6469088473230753	6.212938800605998
0.005011872336272725	6375.077496881564	0.6827732930319056	0.0670733502675993	0.04687633146420226	0.06302712972102152	-1.425546435952151	-3.1864963475936023	-4.948260595402709	-0.04603441377731322	-3.622459847796203	-3.553643907042614	-3.5585928016734276	-3.4437713979813216	-1.8492328971865484	0.09622566943483063	-2.231757780757378	0.016479874564623395	0.02050710843634586	-0.794052730392952	-0.004308501417718313	0.00030556879436568834	0.00531289843945399	1.9228248858088275	-0.024066137551455875	2.231757780757378	0.029288420957769897	0.021893488804866374	0.794052730392952	0.04750129070696292	0.0005749021912857766	0.008026009064277983	15.530378733317317	17.34070639584312	0.6826154434317804	-0.0757516042218022	-0.08679382670996931	-0.08679382670996931	-0.29686646979047715	-1.9830872238949055	-2.398176450701873	-1.1206725074306008	-0.7190452756709965	7.238733885839797
0.005308844442309885	6629.782942132758	0.6827925209612064	0.083824298584163	0.05868061087190134	0.07784187087948488	-1.6632508907885484	-3.7134104413452644	-5.764633545298838	-0.04818340998268555	-4.219262474287312	-4.135029350560374	-4.141482396028654	-4.009099564723361	-2.0683456456154907	0.11898813698465334	-2.4931685460061064	0.020435976022063946	0.026552294149819407	-0.8852213418027295	-0.005355849916372504	0.000406919757629026	0.006941447961057411	2.1590861052729364	-0.02891382500363535	2.4931685460061064	0.03648880496220231	0.028407159229319724	0.8852213418027295	0.058009271027596745	0.0007647455271237652	0.010477236365409972	15.530378733317317	17.34070639584312	0.6826154434317804	-0.07905296689281258	-0.09788791681169849	-0.09788791681169849	-0.33266061623461307	-2.2182663681020487	-2.670910255219519	-1.2477834249367585	-0.7985968489907611	8.42379116572633
0.005623413251903491	6887.425717007327	0.6828140865990056	0.10460916453719092	0.07334063249947691	0.0959892131953788	-1.938600970657676	-4.32254009595657	-6.707866524140917	-0.04945314949685438	-4.908506970114345	-4.805617474124475	-4.8139418480024645	-4.6616381741484405	-2.3126565439990605	0.14694354146214492	-2.7839883427629672	0.025311670543537487	0.03425042644070383	-0.9862692440039188	-0.006651826591118122	0.0005391985057020819	0.009017337873191762	2.424410798321043	-0.03466624946235046	2.7839883427629672	0.04541995562993616	0.036730324487653766	0.9862692440039188	0.07073531674085129	0.0010153529422316683	0.013618231236563744	15.530378733317317	17.34070639584312	0.6826154434317804	-0.08144837538475866	-0.11049784242438625	-0.11049784242438625	-0.3727238044517818	-2.480543517867332	-2.972700012456795	-1.388225814639881	-0.8862291950707465	9.79046843815839
0.005956621435290103	7147.134784275138	0.6828382730069734	0.13040050574312603	0.09156305731831786	0.11822973334756579	-2.257092390619499	-5.025551245946136	-7.795817304513968	-0.04940411104114198	-5.703107608351071	-5.577590164289917	-5.588337346906061	-5.413460517690033	-2.5848874797759542	0.18123628961241972	-3.1072599195700756	0.03131074631915081	0.04406694467554073	-1.0981450146947829	-0.008253554664228712	0.000715791656231366	0.011673423119803858	2.7223524042500316	-0.04145042311484099	3.1072599195700756	0.05649089406940105	0.04737338321193552	1.0981450146947829	0.08611768719000523	0.001347019709293791	0.01765398109333302	15.530378733317317	17.34070639584312	0.6826154434317804	-0.08254889508559732	-0.12484342938639163	-0.12484342938639163	-0.4175554641748495	-2.7728594021227235	-3.3062465974540007	-1.5431483197461804	-0.9826223438557413	11.363645391005331
0.00630957344480193	7407.9410994539185	0.6828653972234632	0.1625215563520722	0.11434500189163316	0.145609232320368	-2.6249208189325306	-5.835505864251091	-9.048441802123813	-0.04730367240932396	-6.617467569146022	-6.464144666939102	-6.478431929094701	-6.27785624887057	-2.888016770529912	0.22331664789146563	-3.46628398523745	0.03867866651100855	0.05671785146388913	-1.221863901927052	-0.010230872042542272	0.0009494859848455393	0.015144796840269373	3.0568877500413945	-0.049334362025584555	3.46628398523745	0.07019625289686932	0.06111707964401895	1.221863901927052	0.10467308684388499	0.0017843494548028197	0.022908558982638577	15.530378733317317	17.34070639584312	0.6826154434317804	-0.08183015311328655	-0.14116291151859672	-0.14116291151859672	-0.4677108310091881	-3.0984348044034693	-3.6744285500774114	-1.7137088925786688	-1.088474314662871	13.170939710729222
0.006683439175686149	7668.786971336428	0.6828958142649222	0.20252514858677703	0.14284240406016144	0.17932433566889913	-3.0490538403999254	-6.766982656314448	-10.487965089752814	-0.042281335702867	-7.66759413933587	-7.479941055882606	-7.499488327219789	-7.269611261691651	-3.2252944862576	0.2749002443335681	-3.8646292885403177	0.047710071929551484	0.07302988978834868	-1.3585076663323918	-0.012668794629799824	0.0012535014584116719	0.0196936240255362	3.432462342449574	-0.058407548473404305	3.8646292885403177	0.08713577696363763	0.07887689887725846	1.3585076663323918	0.12700850849315728	0.0023583925255587384	0.02975508206182967	15.530378733317317	17.34070639584312	0.6826154434317804	-0.07865370417692932	-0.15974632836190275	-0.15974632836190275	-0.5238072807206652	-3.46078854311284	-4.080299211977913	-1.9011047643393182	-1.2045265789989816	15.242880669603212
0.00707945784384138	7928.490709104655	0.6829299215786776	0.25173768293075616	0.1779058100674748	0.22025840476209013	-3.5372876752873283	-7.836155887605537	-12.138984291223762	-0.033929587540770995	-8.871153465406072	-8.642382686035813	-8.668310795546953	-8.405674341225385	-3.6002547180930105	0.3377566829785068	-4.306140274328923	0.05875806149661524	0.09346171356827894	-1.5092233076002899	-0.015670238221650624	0.001648619557208901	0.02536131247165124	3.854036921674893	-0.06903404007445614	4.306140274328923	0.10804400936136976	0.10122250156506309	1.5092233076002899	0.15383398721290487	0.003110740827252529	0.03837851968216922	15.530378733317317	17.34070639584312	0.6826154434317804	-0.07237365638454236	-0.18102154843822663	-0.18102154843822663	-0.5865322318539491	-3.8637532768693346	-4.527078738230126	-2.1066858753929054	-1.3316400625055809	17.612968700990745
0.007498942093324558	8185.6918154527675	0.6829681639927851	0.31266576438810617	0.22147685028003936	0.2703761695699471	-4.098284064850628	-9.060821417187332	-14.028486152750505	-0.020661929317273352	-10.247454783658675	-9.968357091381595	-10.003216792839504	-9.703527469313768	-4.016725851612537	0.41443135531635833	-4.794941098629199	0.07224224651684963	0.1194868567635614	-1.6752204251591682	-0.019360504531390137	0.0021709422600943934	0.03264999132710316	4.327136640260354	-0.08117565602494532	4.794941098629199	0.133826492609212	0.12975788387141488	1.6752204251591682	0.18597717412755596	0.004097663365060513	0.04946861763687703	15.530378733317317	17.34070639584312	0.6826154434317804	-0.061976656718183226	-0.20533320635965607	-0.20533320635965607	-0.6566485985356372	-4.311487492566582	-5.018142210080784	-2.3316006180710014	-1.4705633854679814	20.317595096433955
0.007943282347242814	8438.919925893873	0.6830110392119111	0.3882142699729145	0.27577380800540674	0.3318858496113055	-4.741652850037234	-10.460514082792262	-16.18600222051494	-0.0006157261354103399	-11.817567336919092	-11.47623321029562	-11.52414059544274	-11.182266885299274	-4.478848039765155	0.5079051201634925	-5.335436351926312	0.08865927630200282	0.15278803488867237	-1.8577670564053568	-0.02389157808459411	0.0028524554730679974	0.042117731065788665	4.857912267295367	-0.09480092215402919	5.335436351926312	0.1655623852037541	0.16635306437520406	1.8577670564053568	0.2243986583069391	0.005386070362335215	0.0638107126958182	15.530378733317317	17.34070639584312	0.6826154434317804	-0.04625342546556824	-0.23311549526539432	-0.23311549526539432	-0.7350032805612895	-4.808496528325451	-5.5570162432301355	-2.5769770684021416	-1.6220963182568133	23.396143208841334
0.008413951416451947	8686.614962270654	0.6830591039112536	0.48172696290231964	0.3433165277219724	0.4072577381408727	-5.478019055002215	-12.056578983857394	-18.643687964091637	0.028342669671897587	-13.60434604935366	-13.185945562536059	-13.252645686640799	-12.862668837270318	-4.991079442984623	0.6216398586353691	-5.932307206218533	0.10859470892579037	0.1952649390586807	-2.0581837301998998	-0.02944654418116136	0.00372564301493184	0.05437179888203338	5.453195057987615	-0.10989522639862717	5.932307206218533	0.2045445895092101	0.21316053382864034	2.0581837301998998	0.2702078672675018	0.007059639138496529	0.082292505987802	15.530378733317317	17.34070639584312	0.6826154434317804	-0.02377665853863515	-0.2649063350482559	-0.2649063350482559	-0.8225378179905529	-5.359643586734266	-6.1473604189600906	-2.843904289997525	-1.7870898817741467	26.890958179181187
0.008912509381337459	8927.066162191424	0.6831129804833729	0.5957419557137039	0.42568382874941785	0.49799236077145526	-6.319031373544987	-13.872101185843304	-21.4361780339677	0.06698417590513132	-15.632267459016166	-15.122107822041437	-15.211749074548866	-14.768657788366983	-5.558189241754125	0.7589528140493383	-6.590501532012555	0.132734720702009	0.24774835484378346	-2.2778356002036952	-0.03624552298089268	0.0048562588190813535	0.06940360643894429	6.1205431530272865	-0.1271264873389435	6.590501532012555	0.25236230556534894	0.2713039377061115	2.2778356002036952	0.32467988563220745	0.009233814168875738	0.10527375183268894	15.530378733317317	17.34070639584312	0.6826154434317804	0.006786412123644748	-0.30155303826285806	-0.30155303826285806	-0.9202937981040685	-5.970143819061909	-6.792930473765573	-3.1337407273964466	-1.9666339898859762	30.846971430014808
0.009440608762859235	9158.31398232002	0.6831733644941931	0.7363376008198604	0.5278232312904654	0.6089011409132133	-7.277296460791692	-15.931661146649484	-24.600167889050123	0.12009201391935116	-17.927109397851112	-17.30306738572421	-17.425593001635622	-16.921728064868276	-6.185261067668434	0.9252397699551551	-7.315216186404646	0.16187392986115878	0.3143170210187807	-2.518122496679285	-0.0445550837688185	0.0063293999617967745	0.08873850363555146	6.868302728014159	-0.14569353416920847	7.315216186404646	0.3109295348296519	0.3452311997732594	2.518122496679285	0.3892738497303096	0.012053891881794038	0.13474016784152554	15.530378733317317	17.34070639584312	0.6826154434317804	0.047784579496126925	-0.34353903147984044	-0.34353903147984044	-1.0294240635163139	-6.645572404742021	-7.497563130109684	-3.447005189111335	-2.16137302885708	35.31091071165444
0.01	9378.29306234717	0.6832410329076896	0.9096311862464681	0.6545013030349869	0.7445160245481846	-8.366442051129681	-18.261361477775473	-28.174410465251633	0.19219333906986213	-20.515939291102164	-19.749557665791325	-19.919425425753285	-19.34531999019407	-6.877696107894148	1.1262889765355202	-8.111873220124965	0.19692822126171852	0.3987574753574662	-2.780466654334012	-0.054695293388496255	0.00821969432973733	0.11366217081528487	7.705672463247615	-0.16509493721686003	8.111873220124965	0.3824952299257708	0.43924172374345705	2.780466654334012	0.4656497388797672	0.015692389438243283	0.17252815958416223	15.530378733317317	17.34070639584312	0.6826154434317804	0.10173905900697215	-0.39163318609549314	-0.39163318609549314	-1.1512077203528168	-7.391874571531807	-8.265160352608548	-3.784221996957364	-2.3721431779241366	40.331088368512155
0.010592537251772886	9584.876566965553	0.6833168531365985	1.1216428693814018	0.8101515567105041	0.9089273563245882	-9.601117919501823	-20.88870373247311	-32.199476135913926	0.28729273043489295	-23.42687035105237	-22.485063548621568	-22.71935217279073	-22.064914899142547	-7.6411950511801345	1.3682257567649485	-8.986088082075643	0.2389442365555177	0.5043778393851845	-3.066298263077821	-0.06704843287703537	0.010604685732567372	0.1451089513937292	8.642749464134688	-0.18523041650257982	8.986088082075643	0.46972127398625796	0.5573156788770118	3.066298263077821	0.5556851304021542	0.020363805863243552	0.2202436552325257	15.530378733317317	17.34070639584312	0.6826154434317804	0.1713163937249413	-0.44693848860672836	-0.44693848860672836	-1.2870552465660343	-8.21534771987609	-9.099645932488118	-4.145937293238756	-2.600003731768818	45.95682532544129
0.011220184543019636	9775.805738486566	0.6834017929768571	1.3785640669902905	0.999191501874854	1.1061515398241526	-10.996853357186554	-23.842141543169003	-36.71700979764124	0.4088891809991831	-26.688401368216375	-25.535018642250538	-25.85168082940514	-25.107253491436	-8.481699943277405	1.657558135562913	-9.943625808368457	0.2891035426597986	0.6342124406684052	-3.3770386351863086	-0.08207180174369898	0.01367031015604131	0.18371171285721458	9.690535745576298	-0.20633339285189142	9.943625808368457	0.5758893936689595	0.7032135887263008	3.3770386351863086	0.6614913214254371	0.026367022730964487	0.279405859563493	15.530378733317317	17.34070639584312	0.6826154434317804	0.259354417049756	-0.5107909137957477	-0.5107909137957477	-1.4385316323240251	-9.122595151128738	-10.00488952165105	-4.532659791205136	-2.846111005027531	52.237137790546576
0.011885022274370183	9948.57834009451	0.6834969314792598	1.6929444397861528	1.2320947492796925	1.3460857030638667	-12.569751759755599	-27.150276820266992	-41.76843772572164	0.568296733168669	-30.328542564573823	-28.909669706329698	-29.342059086307756	-28.49153371060804	-9.405399797456017	2.004415113330595	-10.99034662726884	0.34871648516965564	0.7971944828639319	-3.7140815697208454	-0.10031589331506373	0.01759855960410197	0.23290702855102288	10.86100663400144	-0.22583965995113056	10.99034662726884	0.7048278833481527	0.8868375224514695	3.7140815697208454	0.7854298045443974	0.03405325821129126	0.3545035354265977	15.530378733317317	17.34070639584312	0.6826154434317804	0.3704789186971009	-0.5838926850089924	-0.5838926850089924	-1.6073620946280072	-10.120531508794189	-10.984721535034192	-4.943246136038969	-3.1108581762841676	59.21863665984625
0.012589254117941675	10100.654911045845	0.6836034708057214	2.0773214755333402	1.5189825300466255	1.6380587129886834	-14.336444720847224	-30.841619924714074	-47.394544747792736	0.7765877491218441	-34.3744793970899	-32.61996661017538	-33.21515249123925	-32.23725827564146	-10.418694518047188	2.4193835516465207	-12.132144382238838	0.41922249668591255	1.0017265708712668	-4.078772369428109	-0.12243466561665438	0.022545779114423174	0.29571339948211833	12.167133198797156	-0.2415741819304712	12.132144382238838	0.8609648252634479	1.1178898376943622	4.078772369428109	0.9301212749201012	0.043840684668064046	0.44979335574634755	15.530378733317317	17.34070639584312	0.6826154434317804	0.5095237488972704	-0.6674351407718588	-0.6674351407718588	-1.7954551670387158	-11.216358030686077	-12.042899794606537	-5.376459662612732	-3.3949891313216676	66.94467202332146
0.01333521432163324	10229.532130099484	0.6837227491075724	2.5400281667396216	1.8654548079946733	1.9866780245849567	-16.31390494192342	-34.94404445565727	-53.63458285945813	1.0388354145020589	-38.85179137863041	-36.688318447956476	-37.49388732629138	-36.36925785915257	-11.528124351970073	2.9113319980599406	-13.374877281871143	0.5021714653414332	1.2514239066664372	-4.47238631546367	-0.1492044832211572	0.028705164318788726	0.37256574189113645	13.622862362289379	-0.2538685675481117	13.374877281871143	1.049503683018102	1.401589089438938	4.47238631546367	1.098457353602155	0.056251945452013744	0.5672093723063214	15.530378733317317	17.34070639584312	0.6826154434317804	0.6804468195057715	-0.7637818290022581	-0.7637818290022581	-2.004912747575884	-12.417494293134894	-13.183040739950423	-5.832013963638256	-3.700269092311747	75.45381409207579
0.01412537544622754	10332.63751311479	0.6838562544494817	3.0966095353063903	2.2841631645891147	2.403539043687374	-18.518904647993462	-39.48349476828807	-60.524239655740445	1.3688060478788653	-43.78279068551298	-41.11718918046042	-42.197834822945254	-40.90102501463684	-12.740223073465739	3.4928382238827207	-14.724279047249428	0.599184515864044	1.5564646941018052	-4.896105901740436	-0.1815514835963213	0.03654002313061939	0.46689615637984955	15.243007400647556	-0.25991614691769577	14.724279047249428	1.276840770048259	1.749768789332521	4.896105901740436	1.2936064801083824	0.07200588478349364	0.7121357194864384	15.530378733317317	17.34070639584312	0.6826154434317804	0.8890500536166626	-0.8743907795097882	-0.8743907795097882	-2.238051752657224	-13.731441285923898	-14.408493050722102	-6.307767975437403	-4.027386607764812	84.77675458740833
0.014962356560944336	10407.156156124094	0.6840056397786451	3.7706728171389705	2.795366036680476	2.907461500658071	-20.967069096701753	-44.481870772416215	-68.09236471625475	1.7915344491617025	-49.18450156587712	-45.882916182695396	-47.34124061494418	-45.8311599005519	-14.061567949892506	4.1809780267710215	-16.185866062409662	0.7118981385011214	1.9344883334599297	-5.350998236011363	-0.22058193921858996	0.046403753536772285	0.5856963923417158	17.043317349072815	-0.2531305731051349	16.185866062409662	1.550169396768759	2.182345993427316	5.350998236011363	1.519018870215081	0.09190719598805422	0.8937528861375423	15.530378733317317	17.34070639584312	0.6826154434317804	1.143366502978787	-1.00009233144168	-1.00009233144168	-2.4974277185441727	-15.165842123901816	-15.72248538911858	-6.79936447818228	-4.37629167376719	94.93155030872428
0.015848931924611134	10450.389367066033	0.6841727389186498	4.5859447319657205	3.419040281903465	3.5166325778120457	-23.672668778156645	-49.956546631758506	-76.36022755483427	2.333005018917012	-55.06804714116846	-50.955644453357465	-52.9324619312832	-51.153037550154295	-15.498677375235442	4.993191733647247	-17.764847948444658	0.8418991220968627	2.4025918509848774	-5.837993347325534	-0.2676035094804407	0.058590876463075356	0.735499111106371	19.040374583913273	-0.2270755045331944	17.764847948444658	1.8776802118357236	2.7193208600929446	5.837993347325534	1.7784240406657552	0.11691240676245088	1.121089188641237	15.530378733317317	17.34070639584312	0.6826154434317804	1.4515987947428366	-1.142372660055553	-1.142372660055553	-2.785855081069928	-16.728388341167896	-17.128066416548695	-7.302232345348528	-4.747481005978625	105.92252757017395
0.016788040181225608	10459.876240838998	0.6843595791554571	5.545731799422071	4.154570170667241	4.228492536980519	-26.64807168111403	-55.91921640779294	-85.33976728228119	2.9909635593388235	-61.437155111195864	-56.355657424360686	-58.97253817642276	-56.882016888088316	-17.057822407417703	5.936556467059162	-19.466035480172895	0.9906333205399491	2.9566735759502745	-6.357865914558275	-0.3241548643474688	0.07362756171350877	0.9119482874639643	21.251380594189985	-0.18577358904895985	19.466035480172895	2.269082313650023	3.3598035956727643	6.357865914558275	2.0758258628113886	0.14826931702314988	1.392820218974274	15.530378733317317	17.34070639584312	0.6826154434317804	1.816771312296952	-1.3065210741677709	-1.3065210741677709	-3.1064300038049386	-18.42664136732862	-18.62796096163137	-7.816829220629588	-5.145133397295444	117.73787117643421
0.01778279410038923	10433.389418547418	0.6845684909774806	6.690000074998437	5.038069808949401	5.077243198251543	-29.902823482038883	-62.37403980847657	-95.03081971334018	3.8137933474526338	-68.2860399239161	-61.99309343122749	-65.4531867649152	-62.974148397695075	-18.744830709102843	7.035921075883435	-21.293726640471306	1.1592397510851489	3.6286108463655258	-6.911219747692697	-0.39207164406626094	0.0925360957382987	1.1283064750274183	23.693907203673415	-0.11509346069442054	21.293726640471306	2.736130405103222	4.138854324611385	6.911219747692697	2.415505077903262	0.18762133268727363	1.7259645709505944	15.530378733317317	17.34070639584312	0.6826154434317804	2.250790690924875	-1.4918989256057795	-1.4918989256057795	-3.4625661975316753	-20.26785544313475	-20.224500049466304	-8.334459586492489	-5.5673996440036335	130.34593330553255
0.018836490894898	10368.895345379144	0.684801801442505	8.056970635726346	6.1033909191987785	6.09422599496912	-33.44237732420764	-69.31516811499972	-105.41741070196392	4.8509201310469106	-75.59769291576741	-67.76707998134168	-72.35513330302257	-69.37576138780257	-20.56527294266049	8.315406413047908	-23.25162521730958	1.3483883415876174	4.447982327450886	-7.498476738246461	-0.47352844019430484	0.11598244438344944	1.3966130576126927	26.385999033377733	-0.0014498763102613807	23.25162521730958	3.291665388988935	5.0903641449665855	7.498476738246461	2.8020171140066674	0.23678839135386553	2.1364798624425547	15.530378733317317	17.34070639584312	0.6826154434317804	2.7651856644048785	-1.6991460278138961	-1.6991460278138961	-3.858017032449041	-22.25917334722025	-21.920004249001913	-8.846639804534325	-6.013753929046801	143.69057251295447
0.0199526231496888	10264.79568883236	0.68506234222335	9.681493744577667	7.380790137713076	7.306848610885936	-37.26747166393643	-76.72578570189957	-116.46650490022397	6.150485782943511	-83.34282653374008	-73.56886530938316	-79.64715537764316	-76.0243701232401	-22.524293649311858	9.797054253414665	-25.34278852033049	1.5581099719691425	5.440394801458859	-8.119873010473977	-0.5710671152950624	0.1445245352098202	1.7268074113802188	29.345903756847306	0.1674350747065728	25.34278852033049	3.950154654869202	6.245059206280237	8.119873010473977	3.240185406793203	0.2979623742761963	2.638543236351291	15.530378733317317	17.34070639584312	0.6826154434317804	3.3704380374170317	-1.9301254213031107	-1.9301254213031107	-4.296895977715198	-24.407465579832113	-23.716669429728196	-9.345668396470444	-6.484934158187777	157.68998254762496
0.021134890398366465	10120.021051680067	0.6853530715742376	11.547608149477472	8.850440008064552	8.693001707215071	-41.37320506126289	-84.57663775945359	-128.12593960224828	7.687689185768436	-91.47759747353246	-79.42025685971825	-87.28383866192254	-82.91549114512095	-24.62612852158032	11.4754709688799	-27.569575513434835	1.7875635299552641	6.579742020469327	-8.775460462063394	-0.6876519570087571	0.179806592880077	2.1024746219161963	32.59147835288451	0.3784321714533817	27.569575513434835	4.729557898180191	7.581065721480603	8.775460462063394	3.7351058022621575	0.3742199326608819	3.221031207817435	15.530378733317317	17.34070639584312	0.6826154434317804	4.063357935273948	-2.1945860769558196	-2.1945860769558196	-4.783720630351062	-26.718873168632452	-25.616090031634588	-9.836987977066428	-6.989513909785267	172.2348290783948
0.0223872113856834	9934.330828996244	0.6856770921893411	13.743402846021185	10.596987071376729	10.335237637255561	-45.74913032269081	-92.82679500673268	-140.325842361928	9.591972339473786	-99.9455461911282	-85.02223513629076	-95.20762779655718	-89.87856360587024	-26.87426036841138	13.3959179139591	-29.933590210063795	2.034717437629253	7.94384509112232	-9.465117480714508	-0.8267922601569484	0.22390828028420373	2.5589513620901934	36.140255627587095	0.671060387578063	29.933590210063795	5.650782782252941	9.180156247163351	9.465117480714508	4.292185627953841	0.4693393401015523	3.925065492817396	15.530378733317317	17.34070639584312	0.6826154434317804	4.866036345153979	-2.4850279909586153	-2.4850279909586153	-5.323473427787158	-29.198999460812235	-27.619728647029717	-10.300278126840626	-7.518933922770212	187.19128920172597
0.023713737056616554	9708.653540161002	0.6860385600238136	16.320421271238626	12.668258547018853	12.278778564211768	-50.38046524546927	-101.42677893920946	-152.98379033643067	11.94722137781203	-108.68217283147291	-90.1607470960335	-103.3535162832429	-96.78305813873926	-29.271744833612075	15.584704071504135	-32.43572635328577	2.2961502124063276	9.573726245590796	-10.188562221297227	-0.9925547765849239	0.27831190563588587	3.113338130436191	40.009711059312366	1.0675856225735039	32.43572635328577	6.736707485445357	11.088153448275957	10.188562221297227	4.917162776609199	0.5877136579039475	4.773186277830047	15.530378733317317	17.34070639584312	0.6826154434317804	5.791067041243194	-2.8009617329501237	-2.8009617329501237	-5.921580846310557	-31.85321740249334	-29.7293371563479	-10.724438836859777	-8.071901210748301	202.4088893310599
0.025118864315095794	9444.59538087914	0.6864408924939506	19.291054800139005	15.073312175211598	14.530243958461979	-55.246001220897625	-110.31494084291303	-165.99936972017366	14.783619436999059	-117.61120075299138	-94.71732152376588	-111.6449778318581	-103.54064037654162	-31.821025828201023	18.04688805720316	-35.076266645674735	2.5669203155025273	11.470817793767853	-10.945375304746813	-1.1895645613224752	0.3446042084918194	3.7629280215587655	44.21710062060352	1.5713733691753209	35.076266645674735	8.013503587018162	13.31091242990974	10.945375304746813	5.616137786205365	0.7348354122370231	5.7680851165161044	15.530378733317317	17.34070639584312	0.6826154434317804	6.840412300805722	-3.1485029860801528	-3.1485029860801528	-6.584015397648317	-34.68654989948863	-31.94669132817914	-11.108620105112887	-8.653879270332373	217.7150807167404
0.0266072505979881	9144.347676221394	0.6868886363953145	22.639720051234153	17.79608101989905	17.073756469611528	-60.31723836479105	-119.41667618151264	-179.25367876237138	18.08754755116008	-126.64121960494842	-98.6407008601957	-119.99083778799958	-110.08691249367648	-34.52291205965245	20.76822404072361	-37.854949068213145	2.8403635446255446	13.607653661539338	-11.735024686945891	-1.42307887432735	0.42772645560382333	4.4894706565970575	48.77861073007218	2.1709566750449873	37.854949068213145	9.51562458793231	15.820005229321742	11.735024686945891	6.395638476315952	0.918653878506881	6.898692975776423	15.530378733317317	17.34070639584312	0.6826154434317804	8.006449858609988	-3.5353155701169188	-3.5353155701169188	-7.317261146096343	-37.70262316059092	-34.27226049828094	-11.460598966190746	-9.271668577670972	232.9157491341085
0.028183829312644536	8811.73718993294	0.6873863113652201	26.49768566723612	20.96758479263691	20.040530781927128	-65.56596093422958	-128.66022185940116	-192.63322431010994	22.076465924842427	-135.68616186168774	-101.42271682396417	-128.30562565994322	-116.13207636815854	-37.37795250019529	23.807228086131797	-40.771033977734405	3.108012432308457	16.104534532965822	-12.556882715165862	-1.6990949624308773	0.5322511812702146	5.348809297212128	53.71119522824262	2.928914204261603	40.771033977734405	11.28161398782855	18.733309181767062	12.556882715165862	7.262731231089401	1.148557077588895	8.226844318215264	15.530378733317317	17.34070639584312	0.6826154434317804	9.317749303885703	-3.9453175561574687	-3.9453175561574687	-8.128414064497091	-40.90510717182745	-36.707096900979934	-11.751693091334706	-9.908585279458539	247.82825924775497
0.029853826189179603	8453.385933671732	0.687938890967358	30.928889687662686	24.651479986518357	23.494311371836375	-70.97921549371698	-138.0061318468731	-206.07416412768805	26.862353657992237	-144.6942590901282	-102.79848062005875	-136.53851612562346	-121.52453983769837	-40.386689144277064	27.188189449630386	-43.82354375436703	3.360024105949136	19.014258339346686	-13.410237081122743	-2.0241660747261125	0.6622942712067651	6.3631759231922596	59.033530072564844	3.8736780536888866	43.82354375436703	13.354806198133335	22.099007326215148	13.410237081122743	8.225033170296982	1.4360078394685585	9.77907708277711	15.530378733317317	17.34070639584312	0.6826154434317804	10.785682820248923	-4.3743192005810325	-4.3743192005810325	-9.025191181144683	-44.29797043075587	-39.25268297135346	-11.970349561640878	-10.559959548354843	262.3381887676028
0.03162277660168379	8076.084814620656	0.6885516946969201	35.834834894443325	28.7501412103211	27.33881130454323	-76.54860820327788	-147.42557290815324	-219.52948791824986	32.29398508544225	-153.62387405787058	-103.0368121776542	-144.64874323516423	-126.38321701227287	-43.549226554246474	30.85164713619931	-47.01148028328105	3.5859531433316554	22.225218785376846	-14.294290175249929	-2.4051663446766893	0.8236396537965349	7.4718286574121455	64.76644189778436	4.949885670836112	47.01148028328105	15.786567718488303	25.79579971023932	14.294290175249929	9.29068366434343	1.7957096743313694	11.498676527063072	15.530378733317317	17.34070639584312	0.6826154434317804	12.379818344618625	-4.843912270316758	-4.843912270316758	-10.015923363587351	-47.8850504415824	-41.909843043755416	-12.146565993579836	-11.246605363890218	276.3554457558057
0.03349654391578276	7686.226283762731	0.6892303819759642	41.262858293294485	33.31715017491156	31.634452600938356	-82.26843107115782	-156.89653429115194	-232.96329088999735	38.43787275639831	-162.43423499056672	-101.96046865960241	-152.5962829863233	-130.59863682679713	-46.863560745061974	34.80412034558897	-50.33379405101463	3.7753563201090397	25.77033570582192	-15.208136736088353	-2.84931049517151	1.0294025440880117	8.683582207335137	70.93248148473697	6.169530702768307	50.33379405101463	18.644714714275587	29.83321791751329	15.208136736088353	10.468386609745993	2.247746853053603	13.401537266396232	15.530378733317317	17.34070639584312	0.6826154434317804	14.102614713086531	-5.3452725258888805	-5.3452725258888805	-11.109588591121774	-51.66841675295319	-44.6765194253199	-12.276109614931869	-11.957868160649413	289.80647537191595
0.03548133892335755	7291.451364236824	0.6899809412588652	47.377361697119326	38.520678604665356	36.553992760085194	-88.15750605702812	-166.44496319423783	-246.41161748905145	45.54534098022498	-171.1354275135443	-99.077162918008	-160.39204141023808	-133.93127094637563	-50.32909751354463	39.11630095638104	-53.789355084615835	3.9190783923979833	29.80026239354982	-16.150694379050094	-3.3638927363249156	1.2900604940075617	10.066489163350301	77.56126128245383	7.599943793675278	53.789355084615835	22.001424508920223	34.336473414371156	16.150694379050094	11.767310380612908	2.814998553568988	15.558479252354823	15.530378733317317	17.34070639584312	0.6826154434317804	15.988158160758415	-5.854255790424395	-5.854255790424395	-12.315840971879055	-55.65190413048422	-47.55207787811204	-12.323687856727556	-12.667805857050668	302.7086009817487
0.037583740428844416	6902.311356602534	0.6908096120002798	54.25070630481703	44.43541642220039	42.17577057619621	-94.2973499302316	-176.2138036685027	-260.0833322495468	53.675612004363536	-179.84678982210377	-94.38508125114856	-168.15667806234552	-136.44051597233334	-53.94598928249509	43.8171113741154	-57.37700123745554	4.0118148051591	34.37109656401552	-17.12060320820178	-3.9554528004342915	1.6160386869227528	11.640366469568738	84.69087202601717	9.25509558970295	57.37700123745554	25.937021493973024	39.330488483766835	17.12060320820178	13.196613999067411	3.525046181962842	17.98943647544174	15.530378733317317	17.34070639584312	0.6826154434317804	18.049431550973235	-6.363994361962034	-6.363994361962034	-13.645070157891238	-59.840501052655384	-50.53554481400307	-12.275388138858073	-13.367084230906343	315.2868575966762
0.039810717055349734	6528.032155680058	0.6917229066716699	61.505446043269835	50.68735752482282	48.13116578305334	-100.8028908628527	-186.40272872888391	-274.26877082366025	62.09177096272413	-188.72874053643156	-89.51233615329065	-176.05211152266975	-139.01980324030114	-57.71304182382297	48.70844990077943	-61.09530040836565	4.054874379315539	39.07933219350244	-18.1161062468499	-4.628998257701527	2.0240745845996386	13.190974458819369	92.36702317291333	10.911300331730052	61.09530040836565	30.546621704334417	44.36962880699774	18.1161062468499	14.764826019529112	4.412082878996649	20.483649733070816	15.530378733317317	17.34070639584312	0.6826154434317804	20.186518867456115	-6.939168686623785	-6.939168686623785	-15.10822139313734	-64.23816253109747	-53.622387449067745	-12.229622700281482	-14.116467122970455	327.8500234929802
0.042169650342858224	6175.980393526105	0.69272749315214	69.46754471697037	57.611451264485524	54.7663475062348	-107.8200784310216	-197.26038363577152	-289.3269091383384	71.18308708898381	-197.97078890493034	-83.85339924032195	-184.27043275568852	-141.45628960689623	-61.626291589856066	53.9447961520992	-64.94157287755054	4.058165263319822	44.225315609348115	-19.134871417832272	-5.387800529092376	2.5401834746823226	14.851707609238014	100.64242138226356	12.685656778755792	64.94157287755054	35.941866594896624	49.69949226612456	19.134871417832272	16.47924284857436	5.516591762035504	23.184764210304373	15.530378733317317	17.34070639584312	0.6826154434317804	22.47463263833025	-7.522737024742244	-7.522737024742244	-16.71701433978904	-68.84657933467436	-56.803838201370574	-12.107342702308713	-14.852989282058786	340.7670386058817
0.0446683592150963	5851.988271321707	0.6938301214360154	78.3073513964838	65.37738912093018	62.25263660549918	-115.53362146327817	-209.0952768932915	-305.6999942964996	81.06126737280341	-207.8159612304643	-77.43503889939153	-193.0591313279563	-143.8940298544949	-65.68384919433197	59.62097067340558	-68.91099896041682	4.042405755686895	49.94948023883945	-20.173765595652455	-6.232215972474086	3.181420941045836	16.676887044601283	109.5810473882126	14.611626868285821	68.91099896041682	42.224723727822735	55.419849002914866	20.173765595652455	18.344640049163313	6.87996831144279	26.15312098523454	15.530378733317317	17.34070639584312	0.6826154434317804	24.9586867221405	-8.095849637040802	-8.095849637040802	-18.48364298967557	-73.6698153378349	-60.07348492176436	-11.86066634502552	-15.552292865529939	354.47582858554534
0.04731512589614805	5560.665375276022	0.6950375152537739	88.0630040155102	74.01734901624984	70.6185193822163	-124.1772784664685	-222.2904179268579	-323.9333137059933	91.56211030785732	-218.5627567881044	-70.90519293498659	-202.72390277778777	-146.82539471726025	-69.88306234928875	65.77849040016963	-72.99591217763435	4.042917690239398	56.25243787822694	-21.22866888215742	-7.15804529849236	3.9617097523072236	18.64974257008589	119.25358670504856	16.648652938580373	72.99591217763435	49.48829501789308	61.50410706910739	21.22866888215742	20.361618223609103	8.54496864438328	29.38127553397207	15.530378733317317	17.34070639584312	0.6826154434317804	27.656670336582813	-8.667701699800116	-8.667701699800116	-20.421180223642367	-78.71180635316628	-63.423755038346705	-11.46786959653105	-16.217459513827112	369.4957158812221
0.05011872336272722	5304.924352348434	0.6963562407702284	98.08722052779936	82.881580836606	79.21328379651072	-134.0280958673614	-237.2884859244136	-344.6517547228873	101.25920810834404	-230.52657903770515	-67.44958166944348	-213.59188363228378	-152.02312198828508	-74.21342235132896	72.10693033667333	-77.18420797917254	4.1096262219661135	62.429061852792294	-22.294303269275467	-8.156093428663928	4.907159091311031	20.392859895313517	129.7247254126873	18.40068589208548	77.18420797917254	57.82892998713354	67.22124080944288	22.294303269275467	22.525239835600367	10.557551739262362	32.51876082300904	15.530378733317317	17.34070639584312	0.6826154434317804	30.41260226817149	-9.351906613485681	-9.351906613485681	-22.54295618013177	-83.96896896713086	-66.83867372310335	-11.077313550489647	-16.95461239823701	386.388339602202
0.053088444423098846	5082.639161889409	0.6977925521407443	109.2140225389871	92.8045011930336	88.871003602978	-145.30834201902252	-254.41630354878507	-368.30419404012844	111.31182918445815	-243.90691663710646	-64.97610197996356	-225.87879577773265	-158.5731411085881	-78.65966987179792	79.05401532935535	-81.45703375846867	4.30439353915411	69.27489751693922	-23.36409555377741	-9.212072183234815	6.036426724352725	22.284790295338432	141.04466475540445	20.23035742403156	81.45703375846867	67.30629090390667	73.38256035174336	23.36409555377741	24.823263576247463	12.954275200431521	35.982651893316955	15.530378733317317	17.34070639584312	0.6826154434317804	33.445557074029146	-10.021784341708377	-10.021784341708377	-24.863328823921407	-89.43389973912605	-70.30265498794785	-10.457239785479345	-17.629977014301613	405.46498302319776
0.05623413251903491	4888.3209154878205	0.6993522166385372	121.61458865727295	103.94383680103067	99.73240235105796	-158.1694403580541	-273.8630076972884	-395.13477762873316	121.82637598286425	-258.78721355503285	-63.42579304624249	-239.6884340997427	-166.54694283884388	-83.2048587304027	86.75199379179729	-85.78840988177622	4.6956962194229135	76.91774603344436	-24.43021198876855	-10.306545478075183	7.34442272966812	24.3789882079176	153.23835151053856	22.196102926657286	85.78840988177622	77.90858756056055	80.20657444580914	24.43021198876855	27.235637997597447	15.75189770145433	39.87094402246062	15.530378733317317	17.34070639584312	0.6826154434317804	36.81753549552635	-10.67713808980033	-10.67713808980033	-27.3966062778746	-95.0977466721334	-73.8050949823543	-9.53205112087183	-18.24016795498908	426.7704244909342
0.059566214352901034	4712.186536809162	0.7010402988818869	135.0450389478389	116.04091655169682	111.51677295135654	-172.59126557299464	-295.5152284949306	-424.94926998744967	132.3580594199581	-274.9947471492215	-63.60154897597608	-254.86968207881426	-176.32925751917517	-87.82434467349783	95.11876070338353	-90.14418506098009	5.347659495246825	85.06913378329698	-25.483663954897466	-11.415025724636573	8.80587247469325	26.533630152169003	166.2787775944999	24.19230792099236	90.14418506098009	89.54527309484801	87.5755504456216	25.483663954897466	29.73337538296897	18.945539261660652	44.0984102284074	15.530378733317317	17.34070639584312	0.6826154434317804	40.48468164002045	-11.38765833351016	-11.38765833351016	-30.15818495638951	-100.94514316788816	-77.33598729450404	-8.327890183860776	-18.85505112747601	449.8555706091886
0.06309573444801933	4540.999960799889	0.7028611832679882	149.17800005996511	128.77659455369425	123.90180754627633	-188.29952642257638	-318.83435622251244	-456.94662991405403	142.55969640553622	-291.99087005539724	-65.70048940333092	-270.90275011148714	-187.7948680143952	-92.47684686029207	103.98482592910648	-94.48268131880886	6.302420649333021	93.36514841982317	-26.514808579194547	-12.512499785996479	10.398473557409769	28.578425872975522	180.05960731586563	26.12518786716117	94.48268131880886	102.07006324421668	95.34742240760804	26.514808579194547	32.281894466506245	22.50900625037943	48.579013205169936	15.530378733317317	17.34070639584312	0.6826154434317804	44.36139803634052	-12.20884658652507	-12.20884658652507	-33.163148814560415	-106.94456473076255	-80.87644010674472	-6.903662240272238	-19.53161551952143	473.6507169223359
0.06683439175686146	4359.41321586206	0.7048175715517355	164.95120251487316	143.105558360654	137.84293590803085	-204.68781025626564	-342.7501249954002	-489.57688247995287	154.685137096852	-308.8667025394748	-64.31888837086782	-286.8891773580472	-197.81170525352348	-97.11892927928007	113.81374138513571	-98.75564458867791	7.556692883356871	102.77694522223587	-27.513825589687567	-13.578682099238856	12.051991690916184	31.049514030956107	194.39433943504423	28.635904163812203	98.75564458867791	115.2241859562716	104.81398585848186	27.513825589687567	34.84530750528018	26.380129372474038	53.915381799702715	15.530378733317317	17.34070639584312	0.6826154434317804	48.67322645957019	-12.994565991480618	-12.994565991480618	-36.426798604036584	-113.06310998412688	-84.42025634553247	-5.003315163705542	-20.131288411308557	496.3934981010375
0.0707945784384138	4152.658080436661	0.7069112036838906	182.45550948484936	159.1409868935729	153.4566710285289	-220.80982006669853	-365.6782512108593	-520.5793216976588	169.9575346245896	-324.3824634150858	-55.739475102362604	-301.58342095344193	-203.8875446329176	-101.70592983135055	124.60843161500546	-102.91340004237819	9.04082084222751	113.4611696549098	-28.471515938728686	-14.603862445045815	13.655778808496244	34.1088842346719	209.01931019539745	32.02302120160606	102.91340004237819	128.67998117556837	116.49661896238432	28.471515938728686	37.39409339940622	30.47552764176998	60.299074272847626	15.530378733317317	17.34070639584312	0.6826154434317804	53.418518195295356	-13.733418528161545	-13.733418528161545	-39.9638676280104	-119.26689263888554	-87.96981732782417	-2.599241749346931	-20.656397247349897	515.7592948027461
0.07498942093324558	3910.3460204916614	0.7091422772416472	200.71559839290902	175.9464300826077	169.8267091128787	-235.50197906476367	-385.75037328860253	-547.3206056673871	188.05377151049757	-337.15315608366603	-39.098760380766656	-313.5750892875169	-204.816160617733	-106.19080215481223	135.76846425647926	-106.9109025942791	10.605103232676278	124.52622378779489	-29.38008563749267	-15.595898101907965	15.086607916875378	37.41470554964512	223.62299264785477	36.086053316287504	106.9109025942791	142.14493091871597	129.79506983759217	29.38008563749267	39.91460880548277	34.72517977638338	67.35783408634963	15.530378733317317	17.34070639584312	0.6826154434317804	58.301293918069796	-14.56159675368943	-14.56159675368943	-43.78793022317506	-125.51955187144729	-91.52777932675943	0.03882115605690121	-21.25961461859655	529.2829305112369
0.07943282347242814	3630.3605749670983	0.7115091641841382	219.81391320156578	193.6978671645844	187.20760430861733	-247.66854705253056	-401.2919889230097	-567.4768283686292	210.40385198219028	-345.9915060430476	-10.035487132525878	-321.638588037852	-197.62923001343864	-110.52185489722756	147.15279383168433	-110.71376564637012	12.021670933278259	136.21835922249238	-30.2339314716459	-16.588464090014483	16.259960567028312	41.198275355531635	237.91061129138754	41.1277328884904	110.71376564637012	155.52592851697835	144.9961743102295	30.2339314716459	42.41981685533774	39.123179126029214	75.21218073593876	15.530378733317317	17.34070639584312	0.6826154434317804	63.25295000707123	-15.384800443086624	-15.384800443086624	-47.91026816478633	-131.77927982832225	-95.08743880043434	2.8713555527254866	-21.857347364659127	535.059523735988
0.08413951416451952	3321.556922186149	0.7140082703063119	240.16276099083956	212.8982365424518	206.18487972467136	-256.715948100623	-411.50794410889273	-579.9944577219786	238.48914758915748	-350.4560198128757	35.21007374243054	-325.2979838101637	-180.01062813448812	-114.67083718256386	158.80674460697782	-114.30437899370328	13.020014721258116	149.1752325934349	-31.029809086247685	-17.642150288784503	17.104183747674515	45.87906354550019	251.73216982776273	47.50718437701421	114.30437899370328	168.99739385645972	162.46161088625993	31.029809086247685	44.955155411885315	43.75980704498001	84.0253353691776	15.530378733317317	17.34070639584312	0.6826154434317804	68.29452408043072	-16.065202001698054	-16.065202001698054	-52.33950804942615	-138.02600735822196	-98.65733055983198	5.935313254427619	-22.321297447936907	532.6006645951018
0.08912509381337455	3003.4156424661596	0.7166338442703504	261.44097800889824	233.3051129342607	226.5972383340272	-263.00040622514865	-417.14456561558336	-585.9992122312789	271.36737793442614	-351.21530894082247	94.39151954375572	-325.2150714557994	-153.2500199372093	-118.62985778455703	170.4274199667424	-117.68644888851014	13.358606074236778	163.26414929330926	-31.766818667806472	-18.836275246006945	17.636091938486675	51.42324139751514	265.1860011938038	54.96714575009014	117.68644888851014	183.15932155363325	181.33472619498684	31.766818667806472	47.59533613192489	48.872216476955	93.40112359089818	15.530378733317317	17.34070639584312	0.6826154434317804	73.2763392377938	-16.584380961641763	-16.584380961641763	-57.07983262851248	-144.25689660921722	-102.24399541460937	9.0826283542333	-22.635457969309545	523.4948828796138
0.09440608762859236	2701.857180745738	0.7193784546261477	281.59511499391255	252.90562727912518	246.48469085567945	-268.07856911473397	-420.80133002243747	-589.1966413750573	303.42020893616046	-350.1243589517278	154.5076064669314	-323.29052954553424	-124.76729604419837	-122.4024890288775	180.86088388880285	-120.88179931251052	12.920068773107557	176.43318341939025	-32.44542642024044	-20.25103435034704	18.02865631671101	56.70283405792848	278.67617550799594	62.02856505669327	120.88179931251052	199.08196970321953	198.40476351714108	32.44542642024044	50.42807700766778	54.85065879536051	101.84776046784773	15.530378733317317	17.34070639584312	0.6826154434317804	77.63826767802962	-17.206688977642276	-17.206688977642276	-62.131431361356654	-150.47797034368912	-105.83722801664982	11.74094972211479	-23.05815433928624	511.47886025284396
0.1	2441.8966488638653	0.7222319539813254	301.7505730668864	272.8842678588381	267.10840341383073	-274.5376848687845	-426.5714520148528	-595.3274869559596	333.167570434319	-349.86524545213206	209.84695948699095	-322.3153386371941	-98.90058440146241	-125.99749361637353	190.68515778394578	-123.91943912408424	11.79834839944658	189.8034653333148	-33.066303061871785	-21.943100496165535	18.61830471311313	62.0610249339846	292.8725788105194	68.56435375824746	123.91943912408424	218.11696039954495	213.45564723485757	33.066303061871785	53.52576604842403	62.158572001744915	109.49157710716081	15.530378733317317	17.34070639584312	0.6826154434317804	81.65889873047175	-17.690033134781363	-17.690033134781363	-67.49015844303611	-156.69787611791304	-109.41194338153781	14.188925254568282	-23.32335793553396	501.64246112522807
0.10592537251772886	2239.4434569282835	0.7251828078773249	322.3607288013136	293.6591490675262	288.8638498194466	-285.2940133179236	-438.89027837537105	-610.5334142060706	357.50240565081697	-353.18822138446967	250.95282677417623	-325.1913454636979	-82.1649987509139	-129.4374680889693	200.31481684247981	-126.82001011597043	10.342291514810528	203.62598978756685	-33.628487687893085	-23.914078902802586	19.784773898095445	67.31290730998913	308.54258674590176	74.0290809194841	126.82001011597043	241.3859101838307	225.7873850865771	33.628487687893085	56.90806766711832	71.15376206741894	116.20958330921154	15.530378733317317	17.34070639584312	0.6826154434317804	85.5318279465181	-18.004271748636324	-18.004271748636324	-73.14982249867458	-162.9379271536334	-112.9544949823161	16.616883345891228	-23.38165665913946	498.8201519534267
0.1122018454301963	2095.291641900447	0.7282176047176914	343.65233317304603	315.3652614137668	311.7935862581664	-302.4579564530903	-460.79440278650895	-638.9363544807726	373.91038799246076	-361.775970770413	270.41113044067185	-333.73954501825233	-79.62955727537634	-132.7313893347569	210.1583480810292	-129.57967852470907	9.10715429095603	217.76820493099518	-34.128373541509916	-26.087874369675422	21.86696769199981	72.06938407337202	326.2070668089511	77.99537326717812	129.57967852470907	269.2321303734518	235.2392472150188	34.128373541509916	60.50989677887181	81.88458655110945	122.11292869275037	15.530378733317317	17.34070639584312	0.6826154434317804	89.44468886870895	-18.21893184177997	-18.21893184177997	-79.1050717739265	-169.20772674441392	-116.45083155326044	19.222293526208578	-23.290468112423223	505.61677336552475
0.1188502227437019	1992.7070198732554	0.7313208415869816	363.76624981924306	336.0137285194749	333.7591791731397	-325.92004021975316	-491.8603787997258	-679.8215313245065	378.9867481443248	-375.0438931185336	261.39344932423165	-347.41199214124794	-94.79060183792829	-135.84164641455087	219.48020237008373	-132.15730010292302	8.677668891097586	229.80612484898458	-34.55921861908357	-28.31462915595698	25.046678754618707	74.88436754156719	345.72576908246117	79.54422837414427	132.15730010292302	300.72491327274395	240.69175475388755	34.55921861908357	64.1745132951664	93.9101194983433	126.73565699441656	15.530378733317317	17.34070639584312	0.6826154434317804	93.0443192030155	-18.732397812009758	-18.732397812009758	-85.354129171132	-175.47595303968188	-119.8711270610203	21.675780909485226	-23.453552320933657	520.5112114481947
0.12589254117941676	1900.8895559343223	0.7344762499269981	385.71487038810926	358.6398649510364	357.78537925740477	-352.2428137526475	-526.7123840528639	-725.6589990889833	382.9437564662001	-389.5844668045379	248.1985458273104	-362.6488876688873	-113.42434575347038	-138.69986272132027	229.98301359599498	-134.47602099910372	9.389140003161028	242.743569465964	-34.91245388951292	-30.410661879721715	29.118889505582352	77.39804931242901	366.0582347400095	81.22549736877771	134.47602099910372	333.4029511164414	247.89196848909594	34.91245388951292	67.68715105748387	106.2477476720099	132.90028209341136	15.530378733317317	17.34070639584312	0.6826154434317804	97.1410674819452	-19.11405622450842	-19.11405622450842	-91.89976326752029	-181.6865904150297	-123.2046846991914	24.854925833761865	-23.446867748217553	537.0188863897779
0.1333521432163324	1786.6821808543166	0.7376667276688339	409.7753350273443	383.55264551403343	384.17809364799894	-375.0719147098552	-555.8519173224437	-763.3513798739863	395.43969980646034	-400.00464156609485	256.877142833418	-373.70176055177365	-118.74812206831808	-141.23419322899488	241.73146753228582	-136.44677600058245	11.053060461000982	257.06602690256557	-35.17945428017886	-32.22957192661347	33.39190198229551	80.37911739227661	385.4585746683074	84.92749254363227	136.44677600058245	363.9357316139756	260.6554840237566	35.17945428017886	70.85468259502717	117.70509636145715	142.151804778284	15.530378733317317	17.34070639584312	0.6826154434317804	101.76512443523573	-19.33560246880643	-19.33560246880643	-98.7475808129219	-187.78351420261268	-126.47232414832531	28.832500027679007	-23.275364023636644	545.4592470955753
0.1412537544622754	1633.030566915561	0.7408745974141452	434.23362040879033	409.1208914575731	411.37642452281625	-388.3318775246881	-570.5223376661107	-780.982952468485	422.2981387245208	-401.77627440815206	305.4193102899119	-375.6532599876628	-98.11599864914116	-143.38786717926885	253.46815077216365	-138.00783160269944	12.893898423120696	271.5394654915149	-35.35458705639472	-33.742384408574424	36.92086009407621	83.98999647277515	402.30607862017706	91.37885247324077	138.00783160269944	389.99564952673563	279.6229044955566	35.35458705639472	73.60514053405241	127.66758748494209	154.25245927449433	15.530378733317317	17.34070639584312	0.6826154434317804	106.33114139065856	-19.56769337715984	-19.56769337715984	-105.89919546430153	-193.72255433417374	-129.7010527523888	33.023489907081206	-23.14723366151606	538.3050047913434
0.1496235656094433	1452.499776694555	0.7440821468325011	456.6309103268811	433.0406162842085	437.2565539225755	-391.2199946849137	-569.9362599638159	-777.6657363037946	460.11955647538343	-394.8414075904875	388.0924239332806	-368.3442263486573	-53.66405910132213	-145.11897836031346	263.34857315851696	-139.15514350826072	13.883875593938049	284.2965615152405	-35.43653642194725	-35.07893545888849	39.09594152400286	87.90304735872738	416.2970949253378	99.49770067010924	139.15514350826072	412.5121042383352	301.13824967744637	35.43653642194725	76.04910887707258	136.92972550927172	166.95545758567164	15.530378733317317	17.34070639584312	0.6826154434317804	109.99438683314105	-19.93045776871809	-19.93045776871809	-113.34595932050257	-199.46677764248605	-132.8763401822978	36.54988130036556	-23.191608513442375	516.54411587756
0.15848931924611143	1280.4408667476866	0.7472718701891158	478.7463757380306	457.2773651044445	464.0197365194495	-390.57983643114494	-564.3644820618205	-767.5662922370693	501.96364274715364	-384.8253204993097	484.53170800422674	-357.78382488172576	0.8070745586836514	-146.4623736329739	272.1077455304898	-139.94379479413362	13.416044109095699	297.9295400176132	-35.42797572268438	-36.46936546258072	40.013454287199075	93.50905787498702	429.1504430593654	108.48480025659913	139.94379479413362	435.9764417249343	322.52309043321014	35.42797572268438	78.43040925515714	147.64729653400636	178.8853631796227	15.530378733317317	17.34070639584312	0.6826154434317804	113.10761177288855	-19.94435431953382	-19.94435431953382	-121.06449359372036	-205.04080817884426	-135.99768936886423	39.7348891168327	-22.896976575572587	490.84953628755534
0.16788040181225605	1149.8326139064093	0.750427231093255	500.4038525528134	481.57867606853324	491.3698254881244	-397.16654129462324	-569.343452396575	-771.8093589958546	531.1104184605547	-379.47543451130844	550.3601517562809	-352.3846924364954	36.847504577651776	-147.4930931743994	279.8949311169449	-140.45117522984592	11.86769117564601	312.05966002918825	-35.3330753976414	-38.092783354094756	40.64426014812564	99.86333541173182	443.7445390819087	115.3533534197038	140.45117522984592	465.97507207926117	337.77061459540647	35.3330753976414	80.96442202355126	162.0603535639415	187.45212974734918	15.530378733317317	17.34070639584312	0.6826154434317804	115.73795316845936	-19.672755621144187	-19.672755621144187	-129.02224524544607	-210.49972084795448	-139.0592646261164	42.60552833516363	-22.2988102584805	474.7486169233251
0.1778279410038923	1066.9746010648437	0.7535328644397269	519.8161977227002	503.8539358741816	516.8959694959351	-417.26832877551175	-593.5727952247655	-802.0063672999721	534.2777561976956	-382.60404177295715	552.0402602457226	-356.3767880825275	33.608614558906126	-148.24816306052375	286.24097835515204	-140.71314100120264	10.484719733464486	323.5937064410871	-35.15432569788329	-39.93030495648437	42.314227422353774	104.2013032810372	461.84651640993627	117.29922021454529	140.71314100120264	504.66297394611644	342.47855487590823	35.15432569788329	83.656902028647	180.5201231461975	191.16804340756232	15.530378733317317	17.34070639584312	0.6826154434317804	117.67441379703747	-19.622156933443282	-19.622156933443282	-137.19127467108117	-215.86638267049042	-142.03642341101244	44.93694521324232	-21.9032988254718	474.0982457930474
0.18836490894898	1006.9064421511965	0.7565743195093789	539.1373424151129	526.1695029090473	542.5305972567355	-445.76239234863044	-629.3918380665874	-847.5796637475286	523.425082890395	-390.1950871359684	518.5036037573188	-365.4447383564521	8.351497582083006	-148.67546274208942	292.67043577427756	-140.68783925319195	10.442932682656673	333.88966510522965	-34.89126025737855	-41.761133272770834	45.70132382559984	106.57156518608721	482.066902348066	116.76489498700482	140.68783925319195	547.6570677330894	343.4094178209284	34.89126025737855	86.27014757639802	200.4253344163022	194.10366463292945	15.530378733317317	17.34070639584312	0.6826154434317804	119.62713512711711	-19.617251801077693	-19.617251801077693	-145.55675930448874	-221.09140434079487	-144.89300890033633	47.517860761121206	-21.530951989077952	481.10001369890875
0.1995262314968879	932.7852811859003	0.759539268301697	560.2593223986029	550.4708512251739	570.233211402079	-467.38436933838693	-655.1642129052307	-879.3305033092422	526.57479851332	-392.6483953705425	520.8161446214431	-369.0288132027398	5.349457778019914	-148.71039485593232	300.19379872652365	-140.2846212504995	11.712863069444982	345.09658791992626	-34.54167959356766	-43.311422487539275	49.859954129217634	108.77479252470317	500.3267317513581	118.90012546451814	140.2846212504995	586.0859923927547	351.8326869773993	34.54167959356766	88.47835235640734	217.75263833699782	201.7176672891362	15.530378733317317	17.34070639584312	0.6826154434317804	122.06205345597719	-19.424421517200457	-19.424421517200457	-154.12175962890203	-226.12649310252988	-147.6606029075527	50.87186746428001	-20.976613825166762	478.85982689802466
0.21134890398366477	832.6250148291964	0.7624168066097634	581.8595225601362	575.5629516769845	598.9606522571346	-472.10876916629553	-657.1617880914724	-879.0299250562216	557.575138945415	-384.56246899461365	596.4847247277474	-361.06905815069535	49.2403160260363	-148.32902815738262	307.60610009269067	-139.46733108969917	12.90933577811058	356.9723595116487	-34.107064785016654	-44.52270838279	53.02194146761126	112.18944556897571	513.8418505379329	125.80956999166507	139.46733108969917	615.5906611012994	370.6741705290636	34.107064785016654	90.18857798066698	231.27500456797628	214.47080278694028	15.530378733317317	17.34070639584312	0.6826154434317804	124.44052367513684	-19.045057025287324	-19.045057025287324	-162.87169796262398	-230.94716592351384	-150.37265725580647	54.41238962280062	-20.268651078742042	458.8884028500188
0.223872113856834	732.406222011758	0.7651976942629004	599.1678444005342	596.603828931037	623.8522972157025	-469.8547814681159	-649.5925339447073	-865.9425594387766	591.0180177957183	-372.1502590450025	684.6962116713895	-348.3884877354453	103.90918675240212	-147.54806490900992	311.8129254283815	-138.2773923206906	12.726890922689305	365.2243052615221	-33.590439526109066	-45.59943996485672	54.43046451867056	115.32920453278385	524.7926670634308	132.5342044571132	138.2773923206906	642.7503285792462	387.34024589623186	33.590439526109066	91.61030553924975	244.95178775174116	225.04107171092681	15.530378733317317	17.34070639584312	0.6826154434317804	125.39792959910392	-18.93444865778362	-18.93444865778362	-171.77445927303305	-235.55378395823612	-153.01846305213112	56.64146386016831	-19.880688905369777	433.0055064250459
0.23713737056616552	659.6705173857526	0.7678748029207487	614.8857816645681	616.4047630132892	647.8701321541405	-478.711044669652	-657.4886113085644	-873.4571577676303	601.9676290236963	-365.21199769748694	718.8383628848762	-341.9068718267896	126.13455841112372	-146.42113200232927	314.47380589845517	-136.79981214554837	11.58683302284215	372.73977970198274	-32.99834990843513	-46.74971392867229	55.30642559255227	118.79993370939022	538.0308224817436	135.64032830821031	136.79981214554837	677.800480097063	394.4581506390766	32.99834990843513	92.98895873507702	263.5192648650449	230.09294163539414	15.530378733317317	17.34070639584312	0.6826154434317804	125.68512474443642	-18.620865370039986	-18.620865370039986	-180.78787698438268	-239.97250271918585	-155.55997984853795	58.318536693959985	-19.277259491205303	418.0303284751433
0.25118864315095796	610.9789221250659	0.7704425460409661	631.1719775919007	636.9600391885832	672.8033822811271	-501.4412391224504	-684.3213149911617	-905.960160894115	590.0782553790417	-364.8208270799302	695.3073657570723	-342.86519121127105	112.29637055729802	-145.00003711959496	317.40900720525167	-135.07321054524223	11.093386010434244	380.5856851619621	-32.33793133787255	-47.9425863760911	57.32622174863133	121.66631580419354	554.6467795831711	135.27786143102958	135.07321054524223	720.8833982149866	394.4211368766986	32.33793133787255	94.31335163562763	285.9817575831876	232.00388857396422	15.530378733317317	17.34070639584312	0.6826154434317804	126.11095209968423	-18.087420931728154	-18.087420931728154	-189.88348283176688	-244.23512850162152	-158.00056087780575	60.30564219938825	-18.430140576096548	414.67178397013305
0.26607250597988086	559.4101772086484	0.7728969647136135	648.3746392031564	658.5177793001659	698.7458847527674	-519.1369112833522	-704.0973074276094	-928.9019094007703	588.2312221598796	-361.5133907244026	697.3025529055875	-340.6691749948105	114.32789861253565	-143.24482224946283	320.95216190756497	-133.03759139452885	11.738453780363292	388.6150353050585	-31.61097399706108	-48.951582552095424	60.28937894389789	123.8931728993986	569.7848944617065	136.5344370459447	133.03759139452885	760.4676860307011	399.36261532532313	31.61097399706108	95.31934865397619	306.1922066486775	237.396840322326	15.530378733317317	17.34070639584312	0.6826154434317804	126.83103934351726	-17.44471844642338	-17.44471844642338	-199.05707656813146	-248.30842147688583	-160.36365722719466	62.799949831933674	-17.487474644698203	406.31881590391873
0.2818382931264455	496.43657339500965	0.7752359207273731	661.201643311614	675.5633390380908	719.9697800627033	-520.8127097303911	-702.1447597590928	-923.0964433089724	604.7812378953593	-350.4334711276342	750.6268453203309	-329.8044076341897	150.7312306561661	-141.12714997216193	321.58135954310154	-130.67362614409458	12.210955668316524	391.49753548620254	-30.821610727327155	-49.70581686451296	62.52035589326791	124.0528872825846	580.1770491000931	139.55740887967602	130.67362614409458	790.9871522997125	408.1020007863548	30.821610727327155	95.91375093805331	322.1768415787079	244.62062758463517	15.530378733317317	17.34070639584312	0.6826154434317804	126.3387714366084	-17.29670779450699	-17.29670779450699	-208.2878986035141	-252.15731143522723	-162.64769410992093	64.15543959930307	-17.116839766400837	385.58671695797767
0.298538261891796	441.56598723595744	0.7774585275220388	673.467755277671	692.3291644523977	741.2111812743732	-523.5845778304084	-701.7913944811586	-919.4110279775552	617.627485483144	-339.50665967167083	796.6418700883705	-319.1873103844046	183.55375322106838	-138.69642539942174	321.39200190351784	-128.0375613810779	11.662418367058068	395.1438864044708	-29.97530994542129	-50.353095354252716	63.53296126435186	125.84338930306383	589.870634105594	142.46103476918904	128.0375613810779	822.5819824460215	414.94067816209633	29.97530994542129	96.26617054828085	339.8453250900324	250.00323639710845	15.530378733317317	17.34070639584312	0.6826154434317804	125.53015880226707	-16.792995551490467	-16.792995551490467	-217.5342642002773	-255.80031705613368	-164.8429865797118	65.28644780229128	-16.383227965491024	366.47291578168915
0.31622776601683794	402.3141677599686	0.7795648957008139	685.6346965163647	709.1082799097146	762.5704698520219	-539.0586357929257	-718.4780408795327	-937.9884215299581	607.4669062980117	-333.61574526888586	785.6137029635609	-314.3536832130101	181.23262750533922	-136.01642110675002	321.0419082844704	-125.18802864880617	11.186061939183263	399.02204878310664	-29.08078100039243	-50.936131674402965	64.69092029009994	127.7846594577207	602.2910234526788	142.1163057385359	125.18802864880617	861.3691471313475	414.2495178267357	29.08078100039243	96.44805293528617	361.7205002426558	251.25765329146176	15.530378733317317	17.34070639584312	0.6826154434317804	124.69315018569287	-16.087575067204078	-16.087575067204078	-226.76089310705945	-259.2711521775618	-166.9466082490097	66.48807342423504	-15.436603039956635	356.5075853725331
0.3349654391578276	363.8278338357357	0.7815566787944581	696.6639028004504	724.6170915100265	782.4714239970268	-550.7458647537211	-730.0691913543891	-949.805773906477	601.4702054089644	-326.0761407218135	786.0558888140159	-307.69501338604493	186.5476897574223	-133.1057926175621	320.08288101106643	-122.14217223335616	11.488129968273775	400.89965280765193	-28.148907713642103	-51.34627954304098	66.45426157585673	128.18475428903193	613.5151599409554	141.86119828776748	122.14217223335616	897.3897314727782	414.6654873945073	28.148907713642103	96.35259878382357	381.9219037676558	253.62379269988136	15.530378733317317	17.34070639584312	0.6826154434317804	123.65596152268323	-15.52035667317489	-15.52035667317489	-235.949987108272	-262.5736649895649	-168.96689495917747	67.5710489950798	-14.654829055686106	343.9764485550521
0.3548133892335753	322.9735104127639	0.7834358575785038	704.566532599254	736.8802061408917	798.9703492830976	-552.2193570342271	-728.1776928714849	-944.0667738476096	606.8760594361847	-314.3885301200494	818.1391538730671	-296.384108563447	213.06629204281913	-129.89637006390478	316.9219822769571	-118.87071784679564	11.496764617348893	399.3652281216807	-27.18129899060298	-51.618492799875234	67.83948746271284	127.2047913871817	621.3193044299204	142.55867831313898	118.87071784679564	927.3188450307973	416.66787435528397	27.18129899060298	95.9795888221772	399.19646713047916	256.7907399779456	15.530378733317317	17.34070639584312	0.6826154434317804	121.76334704736898	-15.11577543793022	-15.11577543793022	-245.10013899790823	-265.6519888962325	-170.89026343440793	67.82336565409808	-14.080931231674963	325.5398740506636
0.3758374042884443	289.8328626647543	0.7852054480361038	712.0866302414314	748.8719585400966	815.3039960924639	-559.611170413237	-734.1786087549681	-948.5774714774393	600.3196805161982	-304.59523721307784	821.4564282126104	-287.3265120451357	222.29864915087316	-126.4298706144752	313.3051419611402	-115.38051272304081	10.963576486834079	398.43827392503914	-26.175934650054685	-51.80905374151954	68.62643880730465	127.20926640168842	629.6543026895748	141.94809261368476	115.38051272304081	960.2781641904551	414.63780866477657	26.175934650054685	95.38971645415067	418.81840183211517	257.26678798630945	15.530378733317317	17.34070639584312	0.6826154434317804	119.73637497357963	-14.439204210249518	-14.439204210249518	-254.18293290463342	-268.52496110297955	-172.73610310060235	68.00779357710223	-13.2392287604647	311.2201102033087
0.3981071705534973	261.006445737046	0.7868691953634229	720.1282634613849	761.3355718280395	832.0385525945876	-568.9692159626412	-742.7958808502658	-956.4470691121297	591.2886943362373	-295.62938194800387	817.9616251330262	-279.2165751424806	227.0363622901252	-122.84915760511328	310.23818677238364	-111.76963221563912	10.865917659447966	398.2325680900191	-25.151033897307222	-51.78470046806195	69.35257165297052	127.6415240601206	638.1165169938354	141.19842494986963	111.76963221563912	993.3938980600201	412.71136869532006	25.151033897307222	94.51408343401317	438.85012794650373	257.69859374254696	15.530378733317317	17.34070639584312	0.6826154434317804	117.98590718037791	-13.646941590373107	-13.646941590373107	-263.1352584822406	-271.26511691248766	-174.51626559651402	68.52195133908836	-12.28062884190446	298.3564050932823
0.4216965034285822	232.30927648472954	0.7884311877507891	725.0540903882908	770.3195974029818	844.8930507187247	-571.6208226182299	-742.7266517162825	-953.1445994959896	587.9981997307042	-284.5856241701759	830.4171041734706	-268.70148160054225	242.59056786309873	-119.16322099686431	305.39601928788915	-108.08658195968435	10.886082797736151	394.2861913997774	-24.120189935940726	-51.607897594592615	69.95659181339195	126.15638976399745	644.3192421087705	140.35721593155256	108.08658195968435	1021.6765811409167	410.65985882413815	24.120189935940726	93.42384263712488	456.42019086930986	258.04908812396013	15.530378733317317	17.34070639584312	0.6826154434317804	115.56760643717875	-13.18560967085874	-13.18560967085874	-271.93430266994227	-273.8618140684293	-176.21593270871762	68.30362229521353	-11.698048405450121	282.48755128594433
0.44668359215096304	207.72925990060597	0.7898955703607013	727.6916752587532	776.9514849291143	855.3126576187738	-576.8314498806914	-746.077704392024	-954.274193792619	574.5397657458623	-273.9477864031522	819.9682623489861	-258.7575455604532	245.19663840146512	-115.19413884019775	298.77624721501127	-104.2299787795566	10.486550061393467	388.14219972767233	-23.070354751640853	-51.390956557929734	70.47794051689014	123.75604910375274	650.1671943800498	137.72050290315576	104.2299787795566	1051.100252977827	403.5112516447866	23.070354751640853	92.1542611305084	474.92827768036454	255.54890865039542	15.530378733317317	17.34070639584312	0.6826154434317804	112.50539028783359	-12.654266347194408	-12.654266347194408	-280.642775007172	-276.217052874222	-177.80138144533947	67.45312141202297	-11.065335740053445	268.51389901989734
0.4731512589614803	185.65739838103818	0.7912667939075878	730.927373927675	784.1500395480833	866.2483676631025	-581.6744379635816	-749.0352436991832	-954.936794313941	563.0840899825935	-263.42294527886764	813.7449757298026	-248.95498423900534	250.07180324920597	-111.12716229113133	292.72682300622586	-100.27494405737171	10.229023180964374	383.23562319082487	-22.012805255823004	-50.989645717824295	70.71090502810733	122.26424638695511	655.3357504944182	135.75570618780836	100.27494405737171	1079.1479963831537	397.8936443479552	22.012805255823004	90.62198052557157	493.0648524099068	253.65964161200907	15.530378733317317	17.34070639584312	0.6826154434317804	109.73100932108193	-11.936708376889642	-11.936708376889642	-289.18126051442164	-278.42447951957064	-179.32945096472736	66.92787919067966	-10.249000355147317	254.9227568288273
0.5011872336272725	165.1987982247138	0.7925499781618693	734.0287455016091	791.0717291899143	876.7679933516748	-583.8467144209018	-748.6529363268822	-951.3998087140587	556.5599791099605	-252.5086928199856	819.0580156313464	-238.63203653965374	261.83390160151833	-107.08702407130946	287.0196309606357	-96.33884599919784	10.065623906585698	378.9009582800834	-20.96801072252397	-50.44032731487476	70.63291485830008	121.31892952639598	659.2911370110862	134.62776455422517	96.33884599919784	1104.1730234799732	394.2438703718877	20.96801072252397	88.92497409293634	509.8182855228437	252.62659452385586	15.530378733317317	17.34070639584312	0.6826154434317804	107.13264203569881	-11.148267399658527	-11.148267399658527	-297.48113750536066	-280.5327993302845	-180.79906428549435	66.54246682570786	-9.356447796070375	240.78232691327477
0.5308844442309885	147.3336643431106	0.7937494245890486	733.1859886185144	793.5923155453809	882.3665799803143	-587.2556943549864	-749.9623602485925	-950.0826087345987	539.0936617868964	-241.86173740212834	799.4343711453073	-228.6643548145669	259.3989549923846	-102.89462274078453	278.7749939587846	-92.31691998085215	9.744153059225047	369.7222287319924	-19.92340256084988	-49.80411258719063	70.45240105463796	117.84251456799551	662.7478628269039	130.9196969817886	92.31691998085215	1129.0375976212624	384.2058976407481	19.92340256084988	87.04834365584502	526.7422543261717	247.93122026747164	15.530378733317317	17.34070639584312	0.6826154434317804	103.59876074296614	-10.729476067090305	-10.729476067090305	-305.6280633972584	-282.4587468069682	-182.18385448155618	65.1275763248051	-8.904031506568147	227.7919851273753
0.5623413251903491	130.98224106507377	0.7948700737743423	731.88971434303	795.5572642525991	887.3022700748555	-588.6829341736852	-748.8493099087025	-945.7739070030674	524.3931431254877	-230.87751317248618	786.5352365234274	-218.29513932574113	261.1170670234801	-98.6386067767167	270.40193973448237	-88.27435195480415	9.440091513756853	360.5519663119666	-18.890044316924133	-49.04691186646899	70.16227923439803	114.50434721344013	665.0289271787765	127.6344054781677	88.27435195480415	1151.5367672446084	374.9262897183502	18.890044316924133	84.99929969913815	542.5538764747313	243.59259066461678	15.530378733317317	17.34070639584312	0.6826154434317804	100.0733592914002	-10.185526687032729	-10.185526687032729	-313.56097460891795	-284.22909801942063	-183.48170980756953	63.70431268708448	-8.32200535603599	214.66841603905132
0.5956621435290104	116.480108231396	0.7959164308131782	730.8256123359992	797.6529724689041	892.2702524718867	-590.1693727617564	-747.9274727811446	-941.796246351266	510.29480414519554	-220.25802129761666	774.2672675245851	-208.29374480823097	262.8796802017067	-94.42200372951204	262.5940627058229	-84.26846537457006	9.161282844419192	352.54804057076564	-17.876869489879613	-48.17096889461179	69.5799783205989	112.02558997055802	666.7352310238848	124.75554824229127	84.26846537457006	1172.5319783218042	366.4993013861967	17.876869489879613	82.8153287550042	557.8034339651668	239.47071493976475	15.530378733317317	17.34070639584312	0.6826154434317804	96.81189758745504	-9.504204468331622	-9.504204468331622	-321.24019150418786	-285.8946753361316	-184.72495245063405	62.515611820501995	-7.594004643448726	202.22299622762355
0.630957344480193	103.40869172089472	0.7968930952277575	729.010029748806	798.8380226315112	896.1526255939907	-590.5431608200154	-745.7139071747713	-936.2884614046931	496.7637249989801	-209.6069545408104	763.307484369463	-198.24707467799894	265.4643981926421	-90.17456337677808	254.53942846277795	-80.2610820370509	8.827544404852679	344.2816484271754	-16.88079065871482	-47.19915680577693	68.81488309705085	109.56858178563814	667.4718941632719	121.94646285510159	80.2610820370509	1191.5593471534887	357.9791818338416	16.88079065871482	80.48873656639037	572.1621894162718	235.15720667077892	15.530378733317317	17.34070639584312	0.6826154434317804	93.50357975824913	-8.776250945589291	-8.776250945589291	-328.7039187933589	-287.4252332881336	-185.90629464427008	61.24459551291901	-6.830702054756575	190.0490845638224
0.6683439175686149	91.76270890261485	0.7978044114879369	723.9888050491351	796.2742265891632	895.6870598236607	-590.5357641186713	-743.1410943829665	-930.4339245173674	477.2470069079594	-199.15462936744032	738.2671742025075	-188.3823934936597	259.8749913173192	-85.95577482510222	244.73470687334395	-76.30677736786987	8.504121514328364	332.0632884346918	-15.909854302985213	-46.13871697309434	67.92482781002394	104.95546246496882	667.50625534259	117.38001864838635	76.30677736786987	1208.920020180372	345.30666954413203	15.909854302985213	78.0610156862798	585.7409674583436	228.35587611508447	15.530378733317317	17.34070639584312	0.6826154434317804	89.56955995529233	-8.432976277447038	-8.432976277447038	-335.9133613900267	-288.8382569362444	-187.0155087243182	59.2010495530768	-6.51190407570055	178.40827109736412
0.707945784384138	81.32995051199282	0.7986544773797416	719.2482267519549	793.9362679033111	895.4024800295301	-589.7032262207022	-739.6535941142499	-923.5438495961636	460.0966762485878	-188.83962156944938	718.2920097668675	-178.63243121301227	257.07756493773496	-81.77113245928273	235.460618779302	-72.40715203815849	8.16913862503416	321.1031323109775	-14.965464425268948	-44.98656688894529	66.85582860298584	101.19274934177798	666.7052161549774	113.47266594799534	72.40715203815849	1224.2927509937726	333.991176437441	14.965464425268948	75.52902261389029	598.3810534660131	222.17375337009207	15.530378733317317	17.34070639584312	0.6826154434317804	85.88271616420319	-7.903662905701751	-7.903662905701751	-342.86827838785507	-290.13570716351444	-188.05838552512031	57.380828523363746	-5.988769720167066	167.16772583313966
0.7498942093324559	72.0359808308198	0.7994474544813273	714.3479360434063	791.3124888272108	894.7068516510205	-588.3763044347554	-735.6713214437282	-916.1508389322304	443.75595306190684	-178.7624480657667	699.6731079314998	-169.1087324310419	254.86625535325746	-77.64221846238333	226.46395274510257	-68.57817323422088	7.821755545131168	310.7597251947791	-14.050475027730899	-43.76679283068049	65.64749905755677	97.87424115098541	665.2088876845814	109.83358699816594	68.57817323422088	1237.904650080219	323.1662266469869	14.050475027730899	72.92427155377024	610.1499923791781	216.13975380276074	15.530378733317317	17.34070639584312	0.6826154434317804	82.3403683588487	-7.282238368966946	-7.282238368966946	-349.5641204994333	-291.32895531491204	-189.0434250799877	55.65940848193709	-5.368261964979484	156.43025293514552
0.7943282347242814	63.74816722859489	0.8001869402470456	708.3748865451009	787.3274191029907	892.3369833801736	-586.4323516041565	-731.0427243381723	-908.0707345246915	426.5839233427477	-168.96562039219754	678.5451487060051	-159.85262592063782	250.96972749706194	-73.59495050134989	217.20364117625903	-64.8332272894538	7.476166119449963	299.6519649011981	-13.166991050692529	-42.47862346226193	64.2559113661601	94.21399533249108	663.0050491252825	105.91361970251855	64.8332272894538	1249.567020045972	311.63495869633215	13.166991050692529	70.2553294873731	620.9452968148827	209.5231363300246	15.530378733317317	17.34070639584312	0.6826154434317804	78.73372038028657	-6.753900187284373	-6.753900187284373	-355.9961547769783	-292.4322626065052	-189.98048733834526	53.78698831923299	-4.86338526387824	146.1596420259905
0.8413951416451948	56.364652212117505	0.8008767955515671	700.6371583081661	781.2075707811078	887.4312270266547	-583.8826463241206	-725.7842961604601	-899.329089889647	407.01490247223603	-159.4056030860677	651.3867616857575	-150.80851851544534	243.41108419007355	-69.62659885053377	207.1801621393799	-61.18497455852709	7.131914189330966	286.70171786164065	-12.316895195326467	-41.13253707728529	62.7642107657098	89.54653608050242	660.0935107597709	101.22361023642841	61.18497455852709	1259.3362358597667	298.23917598997895	12.316895195326467	67.54058442271752	630.747900773327	201.73011328168954	15.530378733317317	17.34070639584312	0.6826154434317804	74.87486114084531	-6.402385770719369	-6.402385770719369	-362.16051116056167	-293.43889570565796	-190.85336067179935	51.549227474478286	-4.564087510146356	136.35690292834303
0.8912509381337459	49.79685115596278	0.8015204058253396	692.9934707695498	775.0890609978716	882.4440750640006	-580.7849790807559	-719.9691472988977	-890.0200474055713	388.9775566837041	-150.1143562774424	627.1951515395488	-142.01330381486508	237.33781561367746	-65.74819545117047	197.6407173353119	-57.639861598341035	6.783130958923479	274.7493382212406	-11.501362274656572	-39.74094797599655	61.17760263247373	85.49624603516222	656.5189264169085	96.97840935276015	57.639861598341035	1267.2651877206927	285.7925557279808	11.501362274656572	64.79572963598018	639.5623692702221	194.38293967258684	15.530378733317317	17.34070639584312	0.6826154434317804	71.22986909699071	-5.933804055872558	-5.933804055872558	-368.05790840438254	-294.35572670008764	-191.66884816060434	49.48049808302256	-4.132730352922374	127.03036483332222
0.9440608762859236	43.96061653096113	0.8021206698289522	685.3796879072763	768.8755980758239	877.240295229185	-577.1657392081263	-713.6299900719537	-880.185962673462	372.36139541434727	-141.15554649638904	605.6033796375868	-133.53573575316497	232.4746196718892	-61.98335137317983	188.5971235574674	-54.20738052131314	6.436139607679799	263.70012467624053	-10.721415861423269	-38.31193500422787	59.46348641057745	82.0105307848416	652.3311787137077	93.13871733645814	54.20738052131314	1273.325228453642	274.2639667093103	10.721415861423269	62.03582964759562	647.3626891579711	187.4294455727876	15.530378733317317	17.34070639584312	0.6826154434317804	67.79750135552972	-5.395861859218156	-5.395861859218156	-373.6869439293931	-295.19756327016427	-192.43969304581745	47.57148507609878	-3.625557074923093	118.17683245331718
1.	38.779077788434016	0.8026809779085543	676.3765534803887	760.921036444743	869.9115985232762	-573.0444901447363	-706.7908748689395	-869.8581473976002	354.0471316533233	-132.54091250497947	579.3679436731513	-125.38583034105727	224.6163636594214	-58.341245350411654	179.10307742421276	-50.894971883475854	6.094463400381197	251.3273379895379	-9.977642375067363	-36.85300323408924	57.63440510630216	77.78544353956433	647.5603496473391	88.73963629961574	50.894971883475854	1277.5394819130695	261.43700339650957	9.977642375067363	59.27440780767891	654.1406300482336	179.5941562428287	15.530378733317317	17.34070639584312	0.6826154434317804	64.22247315535382	-5.033424013436394	-5.033424013436394	-379.04993564573715	-295.97090157436475	-193.1673513690607	45.40847577641649	-3.324531485150436	109.78906471351547